Godot Engine v4.6.1.stable.official.14d19694e - https://godotengine.org

ERROR: Failed to read the root certificate store.
   at: get_system_ca_certificates (platform/windows/os_windows.cpp:2570)
=== 配置管理器初始化 ===
[ConfigManager] 加载配置: res://config/player/player_config.csv - 32 条记录
[ConfigManager] 加载配置: res://config/player/player_visual.csv - 32 条记录
[ConfigManager] 加载配置: res://config/player/player_weapons.csv - 32 条记录
[ConfigManager] 加载配置: res://config/player/player_skill_bindings.csv - 32 条记录
[ConfigManager] 加载配置: res://config/player/player_available_weapons.csv - 32 条记录
[ConfigManager] 加载宽表技能参数: res://config/player/skill_params_wide.csv - 71 个技能, 102 条描述
[ConfigManager] 加载配置: res://config/enemy/enemy_config.csv - 12 条记录
[ConfigManager] 加载配置: res://config/enemy/enemy_visual.csv - 12 条记录
[ConfigManager] 加载配置: res://config/enemy/enemy_weapons.csv - 5 条记录
[ConfigManager] 加载配置: res://config/weapon/weapon_config_optimized.csv - 35 条记录
[ConfigManager] 加载配置: res://config/wave/wave_config.csv - 4 条记录
[ConfigManager] 加载波次单位配置: res://config/wave/wave_units_config.csv - 4 个波次
[ConfigManager] 加载配置: res://config/system/input_config.csv - 16 条记录
[ConfigManager] 加载配置: res://config/item/upgrade_attributes.csv - 4 条记录
[ConfigManager] 加载配置: res://config/item/chest_config.csv - 4 条记录
[ConfigManager] 加载配置: res://config/wave/wave_chest_config.csv - 5 条记录
[ConfigManager] 加载 key-value 配置: res://config/system/game_config.csv - 53 条记录
[ConfigManager] 加载 key-value 配置: res://config/system/camera_config.csv - 8 条记录
[ConfigManager] 加载 key-value 配置: res://config/system/map_config.csv - 15 条记录
[ConfigManager] 加载新格式道具配置: res://config/item/item_config.csv - 59 条记录
[ConfigManager] 加载护符配置: res://config/item/emblem_config.csv - 14 条记录
[ConfigManager] 加载致谢配置: res://config/system/credits_config.csv - 4 条记录
=== 配置加载完成 ===
[ConfigManager] 加载配置: res://config/audio/ui_sounds.csv - 12 条记录
[ConfigManager] 加载配置: res://config/audio/combat_sounds.csv - 18 条记录
[ConfigManager] 加载配置: res://config/audio/skill_sounds.csv - 10 条记录
[ConfigManager] 加载配置: res://config/audio/environment_sounds.csv - 25 条记录
[SoundManager] 初始化完成: 65 条配置, 93 个音频缓存, 1 个音效组
=== 升级管理器初始化 ===
[EliteConfigManager] 加载精英敌人: EliteConfig(enemy_glutton: 吞噬者)
[EliteConfigManager] 加载精英能力配置: EliteAbilityConfig(enemy_glutton)
[EliteConfigManager] 加载进化阶段: EvolutionStage(enemy_glutton Stage 1)
[EliteConfigManager] 加载进化阶段: EvolutionStage(enemy_glutton Stage 2)
[EliteConfigManager] 加载进化阶段: EvolutionStage(enemy_glutton Stage 3)
[EliteConfigManager] 加载进化阶段: EvolutionStage(enemy_glutton Stage 4)
[EliteConfigManager] 加载进化阶段: EvolutionStage(enemy_glutton Stage 5)
[EliteConfigManager] 加载波次精英配置: WaveEliteConfig(wave_1_to_5: enemy_glutton x0)
[EliteConfigManager] 加载波次精英配置: WaveEliteConfig(wave_6_to_10: enemy_glutton x1)
[EliteConfigManager] 加载波次精英配置: WaveEliteConfig(wave_11_to_15: enemy_glutton x2)
[EliteConfigManager] 加载波次精英配置: WaveEliteConfig(wave_16_to_20: enemy_glutton x3)
[EliteConfigManager] 加载精英生成配置: EliteSpawnConfig(wave_1_to_5: enemy_glutton, 间隔999.0-999.0s, 最多0个)
[EliteConfigManager] 加载精英生成配置: EliteSpawnConfig(wave_6_to_10: enemy_glutton, 间隔20.0-30.0s, 最多1个)
[EliteConfigManager] 加载精英生成配置: EliteSpawnConfig(wave_11_to_15: enemy_glutton, 间隔15.0-25.0s, 最多2个)
[EliteConfigManager] 加载精英生成配置: EliteSpawnConfig(wave_16_to_20: enemy_glutton, 间隔12.0-22.0s, 最多3个)
[EliteConfigManager] 初始化完成

=== 精英敌人配置 ===
  enemy_glutton: 吞噬者 (血量88, 伤害9, 护甲0.0, 速度158.0)

=== 进化阶段配置 ===
  enemy_glutton:
    Stage 1: 血量x1.00, 伤害x1.00, 护甲x1.00, 速度x1.00, 吞噬1个敌人 - 初始阶段
    Stage 2: 血量x1.00, 伤害x1.20, 护甲x1.00, 速度x1.07, 吞噬5个敌人 - 酸液射手
    Stage 3: 血量x1.40, 伤害x1.44, 护甲x1.00, 速度x1.13, 吞噬5个敌人 - 巨型怪物
    Stage 4: 血量x1.88, 伤害x1.73, 护甲x1.00, 速度x1.20, 吞噬5个敌人 - 过度进食
    Stage 5: 血量x1.46, 伤害x2.07, 护甲x1.00, 速度x1.27, 吞噬5个敌人 - 终极形态

=== 波次精英配置 ===
  wave_1_to_5:
    enemy_glutton: 生成0个, 权重0.0, 初始阶段1, 允许进化false
  wave_6_to_10:
    enemy_glutton: 生成1个, 权重2.0, 初始阶段1, 允许进化true
  wave_11_to_15:
    enemy_glutton: 生成2个, 权重3.0, 初始阶段1, 允许进化true
  wave_16_to_20:
    enemy_glutton: 生成3个, 权重4.0, 初始阶段1, 允许进化true

=== 精英生成配置 ===
  wave_1_to_5:
    enemy_glutton: 生成间隔999.0-999.0s, 最多0个 [禁用]
  wave_6_to_10:
    enemy_glutton: 生成间隔20.0-30.0s, 最多1个 [启用]
  wave_11_to_15:
    enemy_glutton: 生成间隔15.0-25.0s, 最多2个 [启用]
  wave_16_to_20:
    enemy_glutton: 生成间隔12.0-22.0s, 最多3个 [启用]
[PlayerFactory] 已初始化
[EquipmentManager] 装备数据文件不存在，使用默认值
[EquipmentManager] 初始化完成
[WarehouseManager] 加载了 59 个道具配置（委托 ConfigManager）
[WarehouseManager] 初始化完成（局内模式），容量: 48
[BondUILoader] 加载了 11 个羁绊配置
[BondUILoader] 初始化完成，加载了 11 个羁绊配置
[ResonanceRuntimeService] init complete, players=32
[RunTelemetryService] 恢复采样 run_id=run_1773543240_1504
[ShopManager] 通过 ConfigRepository 加载了 18 行商店配置数据
[ShopManager] 初始化完成，加载了 13 个商店配置项
[ShopAttributeManager] 通过 ConfigRepository 加载了 32 个属性配置
[ShopAttributeManager] 通过 ConfigRepository 加载了 5 个波次配置
[ShopAttributeManager] 初始化完成: 32个属性, 5个波次配置
[AbilityManager] 加载了 5 个敌人的能力配置
[AbilityManager] 初始化完成，已注册 3 个能力类型
[WeaponConfigLoader] 加载表头: 46 个字段
[WeaponConfigLoader] 加载完成: 35 个武器基础配置
[BackgroundManager] 地图纹理大小: (994.000000, 460.000000)
[BackgroundManager] 初始化完成 - 瓦片大小: 2000, 已生成: 25 个瓦片
[ChestManager] 初始化完成 - 生成 2 个宝箱（分散布局）
[ChestManager] 初始化完成 - 预生成 2 个宝箱位置
[ChestIndicator] indicator_show_range = 3000 (from map_config.csv)
[ExitConfirmDialog] _ready() called
[Arena] _ready() 开始
[Arena] 已添加到 arena 组
[Arena] 已启用波末战利品模式，禁用旧宝箱流程
[Arena] 暂停菜单已初始化
[Arena] 商店面板已连接
[Arena] WaveRewardSystem 已创建
[Arena] WaveRewardPanel 已添加到 GameUI
[Arena] WildcardPanel 已添加到 GameUI
[Arena] BattleFlowController 已初始化
[Arena] Spawner 波次完成信号已连接
[Arena] 准备初始化玩家...
[Arena] _init_player_from_selection 开始
[Arena] selected_player_ids: ["butcher"]
[Arena] selected_player_weapons: { "butcher": "punch" }
WARNING: [ConfigManager] game_config 缺少键 'enable_wave_recruit_mode'，使用默认值: 1
   at: push_warning (core/variant/variant_utility.cpp:1034)
   GDScript backtrace (most recent call first):
       [0] get_game_setting (res://autoloads/config_manager.gd:590)
       [1] is_wave_recruit_mode_enabled (res://autoloads/global.gd:298)
       [2] enter_wave_recruit_mode (res://autoloads/global.gd:303)
       [3] _init_player_from_selection (res://scenes/arena/arena_core.gd:467)
       [4] _ready (res://scenes/arena/arena_core.gd:117)
[Arena] 场景中没有默认玩家，直接生成选择的角色
[Arena] _spawn_player 开始: player_id=butcher, pos=(500.0, 300.0)
[Arena] Global.selected_player_weapons = { "butcher": "punch" }
[Arena] visual_config: { "player_id": "butcher", "sprite_path": "res://assets/sprites/Players/Player_5.png", "scene_path": "res://scenes/unit/players/player_generic.tscn", "scale_x": 1.0, "scale_y": 1.0, "color_r": 1.0, "color_g": 1.0, "color_b": 1.0, "color_a": 1.0, "z_index": 1.0 }
[Arena] 创建角色: butcher
[PlayerFactory] 设置 player_id: butcher
[PlayerFactory] 已加载脚本: res://scenes/unit/players/player_butcher.gd (player_id=butcher)
[PlayerFactory] 成功创建角色: butcher
[Arena] 警告: player_id 不匹配，重新设置:  -> butcher
[PlayerBase] player butcher has no equipped item
[WeaponConfigLoader] DEBUG punch row keys:
  - weapon_base_id: punch
  - display_name_template: 拳头%d级
  - type: melee
  - max_level: 4
  - base_damage: 10
  - base_accuracy: 1
  - base_cooldown: 0.8
  - base_crit_chance: 0.05
  - base_crit_damage: 1.5
  - base_max_range: 180
  - base_knockback: 1.5
  - base_life_steal: 0
  - base_recoil: 15
  - base_recoil_duration: 0.08
  - base_attack_duration: 0.3
  - base_back_duration: 0.15
  - base_projectile_speed: 0
  - base_scene_path: res://scenes/weapons/melee/weapon_melee_point.tscn
  - projectile_scene: 
  - sprite_texture_template: res://assets/sprites/Weapons/Melee/Weapon_Punch.png
  - icon_path_template: res://assets/sprites/Weapons/Melee/Weapon_Punch.png
  - muzzle_offset: 0|0
  - hitbox_offset: 30|0
  - hitbox_scale: 1.2|1.0
  - animation_frames_path: res://anims/punch_frames.tres
  - vfx_attack_scene: res://scenes/vfx/melee_punch_attack.tscn
  - vfx_hit_scene: res://scenes/vfx/melee_punch_hit.tscn
  - audio_attack: res://assets/audio/Punch.mp3
  - shape_type: point
  - bullet_mode: 
  - effect_type: 
  - base_sector_angle: 0
  - base_bullet_count: 1
  - base_spread_angle: 0
  - base_pierce_count: 0
  - param1: 0
  - param2: 0
  - param3: 0
  - item_cost_base: 1
  - resource_path: 
  - damage_scale: 0.5
  - cooldown_scale: -0.1
  - range_scale: 10
  - knockback_scale: 0.1
  - pierce_scale: 0
  - bullet_count_scale: 0
[WeaponConfigLoader] DEBUG punch:
  - base_max_range: 180.0
  - range_scale: 10.0
  - level: 1
  - max_range: 180.0
  - row['base_max_range']: 180
[WeaponConfigLoader] 创建武器 Stats: punch_1 (punch Lv.1)
[ItemWeapon] 尝试加载武器场景: res://scenes/weapons/melee/weapon_melee_point.tscn
[ItemWeapon] 成功加载武器场景: res://scenes/weapons/melee/weapon_melee_point.tscn
[Player] weapon added: 拳头1级 (punch_1)
[Weapon] _ready() - Sprite2D 初始化:
  - 可见性: true
  - z_index: 2
  - 缩放: (1.0, 1.0)
  - 位置: (27.0, 0.0)
  - Sprite2D 全局位置: (527.0, 300.0)
  - Weapon 全局位置: (500.0, 300.0)
[Player] weapon node added to scene
[Player] weapon position: (0.0, 0.0)
[Player] weapon global position: (500.0, 300.0)
[Player] weapon visible: true
[Player] weapon z_index: 0
[Weapon] 加载贴图: res://assets/sprites/Weapons/Melee/Weapon_Punch.png
[Weapon] Sprite2D 可见性: true
[Weapon] Sprite2D 位置: (27.0, 0.0)
[Weapon] Sprite2D 缩放: (1.0, 1.0)
[Weapon] 贴图大小: (200.0, 100.0)
[Weapon] 武器设置完成: 拳头1级 (punch_1)
  - 类型: MELEE
  - 等级: 1
  - 形状类型: point
  - 子弹模式: 未指定
  - 碰撞体: 由 MeleeBehavior 动态创建
  - 基础场景: res://scenes/weapons/melee/weapon_melee_point.tscn
[Player] weapon position after layout: (0.0, -15.0)
[Player] weapon global position after layout: (500.0, 285.0)
[PlayerBase] player butcher loaded 1 weapons
[PlayerBase] death signal connected
[PlayerBase] start loading ultimate, player_id = butcher
[PlayerBase] ultimate config loaded: { "ult_id": "butcher_ult", "name": "血之狂怒", "duration": 10.0, "energy_cost": 40.0, "bonus_bond_tag": "vanguard", "visual_color_hex": "#FF3333", "scale_multiplier": 1.2, "explosion_radius": 220.0, "explosion_damage_scale": 1.3, "description": "屠夫进入血锯屠场窗口并强化画线屠杀", "f_role_id": "butcher", "f_internal_cd": 0.9, "f_q_line_amp": 1.55, "f_q_closure_amp": 2.05, "f_special_value_1": 1.35, "f_special_value_2": 220.0, "f_special_value_3": 0.3, "f_bond_o_payload": "tag:colossus|lv2:0.12|lv3:0.24|axis:line", "f_bond_m_payload": "tag:architect|lv2:0.16|lv3:0.32|axis:closure", "f_bond_t_payload": "tag:vanguard|lv2:0.10|lv3:0.20|axis:tempo" }
[PlayerBase] ultimate script loaded: (res://scenes/skills/players/f_roles/skill_butcher_f.gd):<GDScript#-9223371857204344454>
[PlayerBase] ultimate node created
[PlayerBase] ultimate load complete: 血之狂怒
[Arena] 生成角色成功: butcher 在位置 (500.0, 300.0)
[Arena] 玩家初始化完成
[CharacterSlot] 加载角色图标: butcher -> res://assets/sprites/Players/Player_5.png
[SquadHUD] 初始化 1 个角色卡槽
[Arena] 小队 HUD 初始化完成
[Arena] ===== _init_bond_hud() 开始 =====
[Arena] ✅ 找到 GameUI 节点: /root/Arena/GameUI
[Arena] ✅ BondHUD 场景加载成功
[Arena] ✅ BondHUD 实例化成功
[Arena] ✅ BondHUD 已添加到 GameUI
[Arena] BondHUD 路径: /root/Arena/GameUI/BondHUD
[Arena] BondHUD 可见性: true
[Arena] _ready() 完成，飘字保护已解除
[PlayerBase] SkillManager already exists (created by child: @Node@116), loaded=3, skip auto create
[Arena] ===== 角色切换开始 =====
[Arena] 收到角色切换请求: butcher
[Arena] 跳过自动保存（QEF测试模式）: character_switch
[Arena] 当前玩家: butcher
[Arena] 当前玩家位置: (500.0, 300.0)
[Arena] 不清理旧玩家的技能效果（默认行为）
[Arena] 调用 player.queue_free()
[Arena] 等待一帧...
[DebugSwitcher] test mode enabled: wave_time=999, key8 toggles recording
[Arena] 玩家死亡信号已连接
[Arena] 触发 BondManager 重新计算羁绊...
[Arena] 当前队伍: ["butcher", "pyro", "weaver"]
[Arena] ✅ 羁绊计算完成
[PlayerBase] Bond stat modifiers applied:
  HP: 158 -> 158
  Speed: 450
  EnergyRegen: 0.7
  PickupRange: 150
  Damage: 10
[Arena] ✅ 羁绊属性已应用到玩家
[Arena] ===== _init_bond_hud() 完成 =====
[Arena] 玩家死亡信号已连接
[Arena] 等待完成，开始生成新角色
[Arena] _spawn_player 开始: player_id=butcher, pos=(500.0, 300.0)
[Arena] Global.selected_player_weapons = { "butcher": "punch", "pyro": "laser", "weaver": "laser" }
[Arena] visual_config: { "player_id": "butcher", "sprite_path": "res://assets/sprites/Players/Player_5.png", "scene_path": "res://scenes/unit/players/player_generic.tscn", "scale_x": 1.0, "scale_y": 1.0, "color_r": 1.0, "color_g": 1.0, "color_b": 1.0, "color_a": 1.0, "z_index": 1.0 }
[Arena] 创建角色: butcher
[PlayerFactory] 设置 player_id: butcher
[PlayerFactory] 已加载脚本: res://scenes/unit/players/player_butcher.gd (player_id=butcher)
[PlayerFactory] 成功创建角色: butcher
[Arena] 警告: player_id 不匹配，重新设置:  -> butcher
[PlayerBase] player butcher has no equipped item
[ItemWeapon] 尝试加载武器场景: res://scenes/weapons/melee/weapon_melee_point.tscn
[ItemWeapon] 成功加载武器场景: res://scenes/weapons/melee/weapon_melee_point.tscn
[Player] weapon added: 拳头1级 (punch_1)
[Weapon] _ready() - Sprite2D 初始化:
  - 可见性: true
  - z_index: 2
  - 缩放: (1.0, 1.0)
  - 位置: (27.0, 0.0)
  - Sprite2D 全局位置: (527.0, 300.0)
  - Weapon 全局位置: (500.0, 300.0)
[Player] weapon node added to scene
[Player] weapon position: (0.0, 0.0)
[Player] weapon global position: (500.0, 300.0)
[Player] weapon visible: true
[Player] weapon z_index: 0
[Weapon] 加载贴图: res://assets/sprites/Weapons/Melee/Weapon_Punch.png
[Weapon] Sprite2D 可见性: true
[Weapon] Sprite2D 位置: (27.0, 0.0)
[Weapon] Sprite2D 缩放: (1.0, 1.0)
[Weapon] 贴图大小: (200.0, 100.0)
[Weapon] 武器设置完成: 拳头1级 (punch_1)
  - 类型: MELEE
  - 等级: 1
  - 形状类型: point
  - 子弹模式: 未指定
  - 碰撞体: 由 MeleeBehavior 动态创建
  - 基础场景: res://scenes/weapons/melee/weapon_melee_point.tscn
[Player] weapon position after layout: (0.0, -15.0)
[Player] weapon global position after layout: (500.0, 285.0)
[PlayerBase] player butcher loaded 1 weapons
[PlayerBase] death signal connected
[PlayerBase] start loading ultimate, player_id = butcher
[PlayerBase] ultimate config loaded: { "ult_id": "butcher_ult", "name": "血之狂怒", "duration": 10.0, "energy_cost": 40.0, "bonus_bond_tag": "vanguard", "visual_color_hex": "#FF3333", "scale_multiplier": 1.2, "explosion_radius": 220.0, "explosion_damage_scale": 1.3, "description": "屠夫进入血锯屠场窗口并强化画线屠杀", "f_role_id": "butcher", "f_internal_cd": 0.9, "f_q_line_amp": 1.55, "f_q_closure_amp": 2.05, "f_special_value_1": 1.35, "f_special_value_2": 220.0, "f_special_value_3": 0.3, "f_bond_o_payload": "tag:colossus|lv2:0.12|lv3:0.24|axis:line", "f_bond_m_payload": "tag:architect|lv2:0.16|lv3:0.32|axis:closure", "f_bond_t_payload": "tag:vanguard|lv2:0.10|lv3:0.20|axis:tempo" }
[PlayerBase] ultimate script loaded: (res://scenes/skills/players/f_roles/skill_butcher_f.gd):<GDScript#-9223371857204344454>
[PlayerBase] ultimate node created
[PlayerBase] ultimate load complete: 血之狂怒
[Arena] 生成角色成功: butcher 在位置 (500.0, 300.0)
[PlayerBase] Bond stat modifiers applied:
  HP: 158 -> 158
  Speed: 450
  EnergyRegen: 0.7
  PickupRange: 150
  Damage: 10
[Arena] ✅ 角色切换后羁绊属性已重新应用
[Arena] ===== 角色切换结束 =====
[PlayerBase] SkillManager already exists (created by child: @Node@129), loaded=3, skip auto create
[Arena] 玩家死亡信号已连接
[PlayerBase] E pressed -> execute_skill('e')
[ExplosionArea] 检测到 3 个重叠区域
[ExplosionArea] 区域 1: HurtboxComponent -> 父节点: CLIEnemy_(180_0, 0_0) (类型: Area2D)
[ExplosionArea]   ⚠️ 使用备用伤害方案
[ExplosionArea]   ✅ 造成伤害(备用): 0.0 -> CLIEnemy_(180_0, 0_0)
[ExplosionArea] 区域 2: HurtboxComponent -> 父节点: CLIEnemy_(120_0, 90_0) (类型: Area2D)
[ExplosionArea]   ⚠️ 使用备用伤害方案
[ExplosionArea]   ✅ 造成伤害(备用): 0.0 -> CLIEnemy_(120_0, 90_0)
[ExplosionArea] 区域 3: HurtboxComponent -> 父节点: CLIEnemy_(90_0, -120_0) (类型: Area2D)
[ExplosionArea]   ⚠️ 使用备用伤害方案
[ExplosionArea]   ✅ 造成伤害(备用): 0.0 -> CLIEnemy_(90_0, -120_0)
[ExplosionArea] 共击中 3 个敌人
[PlayerBase] F pressed, ultimate_skill = UltimateSkill:<Node#195404237172>
[PlayerBase] try activate ultimate, energy: 100.0%
[HealthComponent] 血量归零，触发死亡信号
[HealthComponent] 血量归零，触发死亡信号
[HealthComponent] 血量归零，触发死亡信号
[HealthComponent] 已经死亡，忽略伤害
[HealthComponent] 已经死亡，忽略伤害
[HealthComponent] 已经死亡，忽略伤害
[DebugSwitcher] test mode disabled
[BackgroundManager] 地图纹理大小: (994.000000, 460.000000)
[BackgroundManager] 初始化完成 - 瓦片大小: 2000, 已生成: 25 个瓦片
[ChestManager] 初始化完成 - 生成 2 个宝箱（分散布局）
[ChestManager] 初始化完成 - 预生成 2 个宝箱位置
[ChestIndicator] indicator_show_range = 3000 (from map_config.csv)
[ExitConfirmDialog] _ready() called
[Arena] _ready() 开始
[Arena] 已添加到 arena 组
[Arena] 已启用波末战利品模式，禁用旧宝箱流程
[Arena] 暂停菜单已初始化
[Arena] 商店面板已连接
[Arena] WaveRewardSystem 已创建
[Arena] WaveRewardPanel 已添加到 GameUI
[Arena] WildcardPanel 已添加到 GameUI
[Arena] BattleFlowController 已初始化
[Arena] Spawner 波次完成信号已连接
[Arena] 准备初始化玩家...
[Arena] _init_player_from_selection 开始
[Arena] selected_player_ids: ["weaver"]
[Arena] selected_player_weapons: { "weaver": "laser" }
WARNING: [ConfigManager] game_config 缺少键 'enable_wave_recruit_mode'，使用默认值: 1
   at: push_warning (core/variant/variant_utility.cpp:1034)
   GDScript backtrace (most recent call first):
       [0] get_game_setting (res://autoloads/config_manager.gd:590)
       [1] is_wave_recruit_mode_enabled (res://autoloads/global.gd:298)
       [2] enter_wave_recruit_mode (res://autoloads/global.gd:303)
       [3] _init_player_from_selection (res://scenes/arena/arena_core.gd:467)
       [4] _ready (res://scenes/arena/arena_core.gd:117)
[Arena] 场景中没有默认玩家，直接生成选择的角色
[Arena] _spawn_player 开始: player_id=weaver, pos=(500.0, 300.0)
[Arena] Global.selected_player_weapons = { "weaver": "laser" }
[Arena] visual_config: { "player_id": "weaver", "sprite_path": "res://assets/sprites/Players/Player_8.png", "scene_path": "res://scenes/unit/players/player_generic.tscn", "scale_x": 1.0, "scale_y": 1.0, "color_r": 1.0, "color_g": 1.0, "color_b": 1.0, "color_a": 1.0, "z_index": 1.0 }
[Arena] 创建角色: weaver
[PlayerFactory] 设置 player_id: weaver
[PlayerFactory] 已加载脚本: res://scenes/unit/players/player_weaver.gd (player_id=weaver)
[PlayerFactory] 成功创建角色: weaver
[Arena] 警告: player_id 不匹配，重新设置:  -> weaver
[PlayerBase] player weaver has no equipped item
[WeaponConfigLoader] 创建武器 Stats: laser_1 (laser Lv.1)
[ItemWeapon] 尝试加载武器场景: res://scenes/weapons/range/weapon_range_beam.tscn
[ItemWeapon] 成功加载武器场景: res://scenes/weapons/range/weapon_range_beam.tscn
[Player] weapon added: 激光1级 (laser_1)
[Weapon] _ready() - Sprite2D 初始化:
  - 可见性: true
  - z_index: 2
  - 缩放: (1.0, 1.0)
  - 位置: (27.0, 0.0)
  - Sprite2D 全局位置: (527.0, 300.0)
  - Weapon 全局位置: (500.0, 300.0)
[Player] weapon node added to scene
[Player] weapon position: (0.0, 0.0)
[Player] weapon global position: (500.0, 300.0)
[Player] weapon visible: true
[Player] weapon z_index: 0
[Weapon] 加载贴图: res://assets/sprites/Weapons/Range/WeaponLaser.png
[Weapon] Sprite2D 可见性: true
[Weapon] Sprite2D 位置: (27.0, 0.0)
[Weapon] Sprite2D 缩放: (1.0, 1.0)
[Weapon] 贴图大小: (200.0, 100.0)
[Weapon] 动态创建枪口节点，偏移: (24.0, 0.0)
[Weapon] 武器设置完成: 激光1级 (laser_1)
  - 类型: RANGE
  - 等级: 1
  - 形状类型: straight
  - 子弹模式: single
  - 碰撞体位置/缩放: (0.0, 0.0) / (1.0, 1.0)
  - 基础场景: res://scenes/weapons/range/weapon_range_beam.tscn
[Player] weapon position after layout: (0.0, -15.0)
[Player] weapon global position after layout: (500.0, 285.0)
[PlayerBase] player weaver loaded 1 weapons
[PlayerBase] death signal connected
[PlayerBase] start loading ultimate, player_id = weaver
[PlayerBase] ultimate config loaded: { "ult_id": "weaver_ult", "name": "万丝归巢", "duration": 10.0, "energy_cost": 40.0, "bonus_bond_tag": "assist", "visual_color_hex": "#FFAA33", "scale_multiplier": 1.3, "explosion_radius": 200.0, "explosion_damage_scale": 1.2, "description": "织网者启动万丝归巢并强化闭合禁行", "f_role_id": "weaver", "f_internal_cd": 1.0, "f_q_line_amp": 1.42, "f_q_closure_amp": 1.92, "f_special_value_1": 1.05, "f_special_value_2": 250.0, "f_special_value_3": 0.35, "f_bond_o_payload": "tag:inkborn|lv2:0.12|lv3:0.24|axis:line", "f_bond_m_payload": "tag:hexer|lv2:0.16|lv3:0.32|axis:closure", "f_bond_t_payload": "tag:assist|lv2:0.10|lv3:0.20|axis:tempo" }
[PlayerBase] ultimate script loaded: (res://scenes/skills/players/f_roles/skill_weaver_f.gd):<GDScript#-9223371815731066403>
[PlayerBase] ultimate node created
[PlayerBase] ultimate load complete: 万丝归巢
[Arena] 生成角色成功: weaver 在位置 (500.0, 300.0)
[Arena] 玩家初始化完成
[CharacterSlot] 加载角色图标: weaver -> res://assets/sprites/Players/Player_8.png
[SquadHUD] 初始化 1 个角色卡槽
[Arena] 小队 HUD 初始化完成
[Arena] ===== _init_bond_hud() 开始 =====
[Arena] ✅ 找到 GameUI 节点: /root/Arena/GameUI
[Arena] ✅ BondHUD 场景加载成功
[Arena] ✅ BondHUD 实例化成功
[Arena] ✅ BondHUD 已添加到 GameUI
[Arena] BondHUD 路径: /root/Arena/GameUI/BondHUD
[Arena] BondHUD 可见性: true
[Arena] _ready() 完成，飘字保护已解除
[PlayerBase] SkillManager already exists (created by child: @Node@205), loaded=3, skip auto create
[Arena] ===== 角色切换开始 =====
[Arena] 收到角色切换请求: weaver
[Arena] 跳过自动保存（QEF测试模式）: character_switch
[Arena] 当前玩家: weaver
[Arena] 当前玩家位置: (500.0, 300.0)
[Arena] 不清理旧玩家的技能效果（默认行为）
[Arena] 调用 player.queue_free()
[Arena] 等待一帧...
[DebugSwitcher] test mode enabled: wave_time=999, key8 toggles recording
[Arena] 玩家死亡信号已连接
[Arena] 触发 BondManager 重新计算羁绊...
[Arena] 当前队伍: ["butcher", "pyro", "weaver"]
[Arena] ✅ 羁绊计算完成
[PlayerBase] Bond stat modifiers applied:
  HP: 103 -> 103
  Speed: 510
  EnergyRegen: 1.0
  PickupRange: 150
  Damage: 10
[Arena] ✅ 羁绊属性已应用到玩家
[Arena] ===== _init_bond_hud() 完成 =====
[Arena] 玩家死亡信号已连接
[Arena] 等待完成，开始生成新角色
[Arena] _spawn_player 开始: player_id=weaver, pos=(500.0, 300.0)
[Arena] Global.selected_player_weapons = { "butcher": "punch", "pyro": "laser", "weaver": "laser" }
[Arena] visual_config: { "player_id": "weaver", "sprite_path": "res://assets/sprites/Players/Player_8.png", "scene_path": "res://scenes/unit/players/player_generic.tscn", "scale_x": 1.0, "scale_y": 1.0, "color_r": 1.0, "color_g": 1.0, "color_b": 1.0, "color_a": 1.0, "z_index": 1.0 }
[Arena] 创建角色: weaver
[PlayerFactory] 设置 player_id: weaver
[PlayerFactory] 已加载脚本: res://scenes/unit/players/player_weaver.gd (player_id=weaver)
[PlayerFactory] 成功创建角色: weaver
[Arena] 警告: player_id 不匹配，重新设置:  -> weaver
[PlayerBase] player weaver has no equipped item
[ItemWeapon] 尝试加载武器场景: res://scenes/weapons/range/weapon_range_beam.tscn
[ItemWeapon] 成功加载武器场景: res://scenes/weapons/range/weapon_range_beam.tscn
[Player] weapon added: 激光1级 (laser_1)
[Weapon] _ready() - Sprite2D 初始化:
  - 可见性: true
  - z_index: 2
  - 缩放: (1.0, 1.0)
  - 位置: (27.0, 0.0)
  - Sprite2D 全局位置: (527.0, 300.0)
  - Weapon 全局位置: (500.0, 300.0)
[Player] weapon node added to scene
[Player] weapon position: (0.0, 0.0)
[Player] weapon global position: (500.0, 300.0)
[Player] weapon visible: true
[Player] weapon z_index: 0
[Weapon] 加载贴图: res://assets/sprites/Weapons/Range/WeaponLaser.png
[Weapon] Sprite2D 可见性: true
[Weapon] Sprite2D 位置: (27.0, 0.0)
[Weapon] Sprite2D 缩放: (1.0, 1.0)
[Weapon] 贴图大小: (200.0, 100.0)
[Weapon] 动态创建枪口节点，偏移: (24.0, 0.0)
[Weapon] 武器设置完成: 激光1级 (laser_1)
  - 类型: RANGE
  - 等级: 1
  - 形状类型: straight
  - 子弹模式: single
  - 碰撞体位置/缩放: (0.0, 0.0) / (1.0, 1.0)
  - 基础场景: res://scenes/weapons/range/weapon_range_beam.tscn
[Player] weapon position after layout: (0.0, -15.0)
[Player] weapon global position after layout: (500.0, 285.0)
[PlayerBase] player weaver loaded 1 weapons
[PlayerBase] death signal connected
[PlayerBase] start loading ultimate, player_id = weaver
[PlayerBase] ultimate config loaded: { "ult_id": "weaver_ult", "name": "万丝归巢", "duration": 10.0, "energy_cost": 40.0, "bonus_bond_tag": "assist", "visual_color_hex": "#FFAA33", "scale_multiplier": 1.3, "explosion_radius": 200.0, "explosion_damage_scale": 1.2, "description": "织网者启动万丝归巢并强化闭合禁行", "f_role_id": "weaver", "f_internal_cd": 1.0, "f_q_line_amp": 1.42, "f_q_closure_amp": 1.92, "f_special_value_1": 1.05, "f_special_value_2": 250.0, "f_special_value_3": 0.35, "f_bond_o_payload": "tag:inkborn|lv2:0.12|lv3:0.24|axis:line", "f_bond_m_payload": "tag:hexer|lv2:0.16|lv3:0.32|axis:closure", "f_bond_t_payload": "tag:assist|lv2:0.10|lv3:0.20|axis:tempo" }
[PlayerBase] ultimate script loaded: (res://scenes/skills/players/f_roles/skill_weaver_f.gd):<GDScript#-9223371815731066403>
[PlayerBase] ultimate node created
[PlayerBase] ultimate load complete: 万丝归巢
[Arena] 生成角色成功: weaver 在位置 (500.0, 300.0)
[PlayerBase] Bond stat modifiers applied:
  HP: 103 -> 103
  Speed: 510
  EnergyRegen: 1.0
  PickupRange: 150
  Damage: 10
[Arena] ✅ 角色切换后羁绊属性已重新应用
[Arena] ===== 角色切换结束 =====
[PlayerBase] SkillManager already exists (created by child: @Node@216), loaded=3, skip auto create
[Arena] 玩家死亡信号已连接
[RangeBehavior] ========== 开始远程攻击 ==========
[RangeBehavior] 武器名称: 激光1级
[RangeBehavior] 武器位置: (500.0, 285.0)
[RangeBehavior] 武器旋转: -50.0891034858293度
[RangeBehavior] Muzzle 位置: (538.4957, 238.9774)
[RangeBehavior] 生成子弹:
  - 子弹场景: res://scenes/projectiles/projectile_laser.tscn
  - 生成位置: (538.4957, 238.9774)
  - 角度偏移: 0.0度
  - 速度: (1283.191, -1534.086)
  - 伤害: 11.0
[Projectile] 子弹初始化:
  - 位置: (538.4957, 238.9774)
  - 速度: (1283.191, -1534.086)
  - 伤害: 11.0
  - 暴击: false
  - 击退: 0.5
  - 发射者: PlayerGeneric
  - Hitbox 碰撞层: 4
  - Hitbox 碰撞掩码: 8
[RangeBehavior] 发射 single x1
[Projectile] ========== 子弹命中！==========
[Projectile] 子弹位置: (576.9699, 192.9865)
[Projectile] 目标: CLIEnemy_(90_0, -120_0)
[Projectile] 目标位置: (585.5095, 184.7043)
[Projectile] 子弹销毁
[RangeBehavior] 攻击结束
[PolygonUtils] 交叉点数量: 1
[PolygonUtils] 排序后: ["[0,4]"]
[PolygonUtils] 单交叉点区域: 点数=4
[PolygonUtils] 提取完成，共 1 个区域
[PlayerBase] E pressed -> execute_skill('e')
[HealthComponent] 血量归零，触发死亡信号
[HealthComponent] 血量归零，触发死亡信号
[ExplosionArea] 检测到 1 个重叠区域
[ExplosionArea] 区域 1: HurtboxComponent -> 父节点: CLIEnemy_(120_0, 90_0) (类型: Area2D)
[ExplosionArea]   ⚠️ 使用备用伤害方案
[ExplosionArea]   ✅ 造成伤害(备用): 0.0 -> CLIEnemy_(120_0, 90_0)
[ExplosionArea] 共击中 1 个敌人
[ExplosionArea] 检测到 1 个重叠区域
[ExplosionArea] 区域 1: HurtboxComponent -> 父节点: CLIEnemy_(180_0, 0_0) (类型: Area2D)
[ExplosionArea]   ⚠️ 使用备用伤害方案
[ExplosionArea]   ✅ 造成伤害(备用): 0.0 -> CLIEnemy_(180_0, 0_0)
[ExplosionArea] 共击中 1 个敌人
[ExplosionArea] 检测到 1 个重叠区域
[ExplosionArea] 区域 1: HurtboxComponent -> 父节点: CLIEnemy_(90_0, -120_0) (类型: Area2D)
[ExplosionArea]   ⚠️ 使用备用伤害方案
[ExplosionArea]   ✅ 造成伤害(备用): 0.0 -> CLIEnemy_(90_0, -120_0)
[ExplosionArea] 共击中 1 个敌人
[HealthComponent] 已经死亡，忽略伤害
[PlayerBase] F pressed, ultimate_skill = UltimateSkill:<Node#231760464352>
[PlayerBase] try activate ultimate, energy: 100.0%
[RangeBehavior] ========== 开始远程攻击 ==========
[RangeBehavior] 武器名称: 激光1级
[RangeBehavior] 武器位置: (500.0, 282.3025)
[RangeBehavior] 武器旋转: -47.5800813055493度
[RangeBehavior] Muzzle 位置: (547.7521, 230.0437)
[RangeBehavior] 生成子弹:
  - 子弹场景: res://scenes/projectiles/projectile_laser.tscn
  - 生成位置: (547.7521, 230.0437)
  - 角度偏移: 0.0度
  - 速度: (1349.118, -1476.442)
  - 伤害: 11.0
[Projectile] 子弹初始化:
  - 位置: (547.7521, 230.0437)
  - 速度: (1349.118, -1476.442)
  - 伤害: 11.0
  - 暴击: false
  - 击退: 0.5
  - 发射者: PlayerGeneric
  - Hitbox 碰撞层: 4
  - Hitbox 碰撞掩码: 8
[RangeBehavior] 发射 single x1
[HealthComponent] 血量归零，触发死亡信号
[Projectile] ========== 子弹命中！==========
[Projectile] 子弹位置: (582.8577, 191.625)
[Projectile] 目标: CLIEnemy_(90_0, -120_0)
[Projectile] 目标位置: (542.761, 237.014)
[Projectile] 子弹销毁
[Projectile] ✓ 生成爆炸: 伤害=1.0, 半径=200.0
[Projectile] 爆炸伤害: 13.2 (基础:11.0 × 倍率:1.2)
[ExplosionArea] 检测到 3 个重叠区域
[ExplosionArea] 区域 1: HurtboxComponent -> 父节点: CLIEnemy_(120_0, 90_0) (类型: Area2D)
[ExplosionArea]   ⚠️ 使用备用伤害方案
[ExplosionArea]   ✅ 造成伤害(备用): 13.2 -> CLIEnemy_(120_0, 90_0)
[ExplosionArea] 区域 2: HurtboxComponent -> 父节点: CLIEnemy_(90_0, -120_0) (类型: Area2D)
[ExplosionArea]   ⚠️ 使用备用伤害方案
[ExplosionArea]   ✅ 造成伤害(备用): 13.2 -> CLIEnemy_(90_0, -120_0)
[ExplosionArea] 区域 3: HurtboxComponent -> 父节点: CLIEnemy_(180_0, 0_0) (类型: Area2D)
[ExplosionArea]   ⚠️ 使用备用伤害方案
[ExplosionArea]   ✅ 造成伤害(备用): 13.2 -> CLIEnemy_(180_0, 0_0)
[ExplosionArea] 共击中 3 个敌人
[HealthComponent] 已经死亡，忽略伤害
[DebugSwitcher] test mode disabled
[BackgroundManager] 地图纹理大小: (994.000000, 460.000000)
[BackgroundManager] 初始化完成 - 瓦片大小: 2000, 已生成: 25 个瓦片
[ChestManager] 初始化完成 - 生成 2 个宝箱（分散布局）
[ChestManager] 初始化完成 - 预生成 2 个宝箱位置
[ChestIndicator] indicator_show_range = 3000 (from map_config.csv)
[ExitConfirmDialog] _ready() called
[Arena] _ready() 开始
[Arena] 已添加到 arena 组
[Arena] 已启用波末战利品模式，禁用旧宝箱流程
[Arena] 暂停菜单已初始化
[Arena] 商店面板已连接
[Arena] WaveRewardSystem 已创建
[Arena] WaveRewardPanel 已添加到 GameUI
[Arena] WildcardPanel 已添加到 GameUI
[Arena] BattleFlowController 已初始化
[Arena] Spawner 波次完成信号已连接
[Arena] 准备初始化玩家...
[Arena] _init_player_from_selection 开始
[Arena] selected_player_ids: ["lurewarden"]
[Arena] selected_player_weapons: { "lurewarden": "pistol" }
WARNING: [ConfigManager] game_config 缺少键 'enable_wave_recruit_mode'，使用默认值: 1
   at: push_warning (core/variant/variant_utility.cpp:1034)
   GDScript backtrace (most recent call first):
       [0] get_game_setting (res://autoloads/config_manager.gd:590)
       [1] is_wave_recruit_mode_enabled (res://autoloads/global.gd:298)
       [2] enter_wave_recruit_mode (res://autoloads/global.gd:303)
       [3] _init_player_from_selection (res://scenes/arena/arena_core.gd:467)
       [4] _ready (res://scenes/arena/arena_core.gd:117)
[Arena] 场景中没有默认玩家，直接生成选择的角色
[Arena] _spawn_player 开始: player_id=lurewarden, pos=(500.0, 300.0)
[Arena] Global.selected_player_weapons = { "lurewarden": "pistol" }
[Arena] visual_config: { "player_id": "lurewarden", "sprite_path": "res://assets/sprites/Players/Player_7.png", "scene_path": "res://scenes/unit/players/player_generic.tscn", "scale_x": 1.0, "scale_y": 1.0, "color_r": 1.0, "color_g": 1.0, "color_b": 1.0, "color_a": 1.0, "z_index": 1.0 }
[Arena] 创建角色: lurewarden
[PlayerFactory] 设置 player_id: lurewarden
[PlayerFactory] 已加载脚本: res://scenes/unit/players/player_lurewarden.gd (player_id=lurewarden)
[PlayerFactory] 成功创建角色: lurewarden
[Arena] 警告: player_id 不匹配，重新设置:  -> lurewarden
[PlayerBase] player lurewarden has no equipped item
[WeaponConfigLoader] 创建武器 Stats: pistol_1 (pistol Lv.1)
[ItemWeapon] 尝试加载武器场景: res://scenes/weapons/range/weapon_range_physical.tscn
[ItemWeapon] 成功加载武器场景: res://scenes/weapons/range/weapon_range_physical.tscn
[Player] weapon added: 手枪1级 (pistol_1)
[Weapon] _ready() - Sprite2D 初始化:
  - 可见性: true
  - z_index: 2
  - 缩放: (1.0, 1.0)
  - 位置: (27.0, 0.0)
  - Sprite2D 全局位置: (527.0, 300.0)
  - Weapon 全局位置: (500.0, 300.0)
[Player] weapon node added to scene
[Player] weapon position: (0.0, 0.0)
[Player] weapon global position: (500.0, 300.0)
[Player] weapon visible: true
[Player] weapon z_index: 0
[Weapon] 加载贴图: res://assets/sprites/Weapons/Range/WeaponPistol.png
[Weapon] Sprite2D 可见性: true
[Weapon] Sprite2D 位置: (27.0, 0.0)
[Weapon] Sprite2D 缩放: (1.0, 1.0)
[Weapon] 贴图大小: (200.0, 100.0)
[Weapon] 动态创建枪口节点，偏移: (20.0, -2.0)
[Weapon] 武器设置完成: 手枪1级 (pistol_1)
  - 类型: RANGE
  - 等级: 1
  - 形状类型: straight
  - 子弹模式: single
  - 碰撞体位置/缩放: (0.0, 0.0) / (1.0, 1.0)
  - 基础场景: res://scenes/weapons/range/weapon_range_physical.tscn
[Player] weapon position after layout: (0.0, -15.0)
[Player] weapon global position after layout: (500.0, 285.0)
[PlayerBase] player lurewarden loaded 1 weapons
[PlayerBase] death signal connected
[PlayerBase] start loading ultimate, player_id = lurewarden
[PlayerBase] ultimate config loaded: { "ult_id": "lurewarden_ult", "name": "诱猎号令", "duration": 10.0, "energy_cost": 40.0, "bonus_bond_tag": "commander", "visual_color_hex": "#66FF33", "scale_multiplier": 1.2, "explosion_radius": 280.0, "explosion_damage_scale": 1.0, "description": "诱猎师开启诱猎号令并强化诱饵围捕", "f_role_id": "lurewarden", "f_internal_cd": 0.95, "f_q_line_amp": 1.48, "f_q_closure_amp": 1.96, "f_special_value_1": 1.18, "f_special_value_2": 250.0, "f_special_value_3": 0.3, "f_bond_o_payload": "tag:alchemist|lv2:0.12|lv3:0.24|axis:line", "f_bond_m_payload": "tag:architect|lv2:0.16|lv3:0.32|axis:closure", "f_bond_t_payload": "tag:commander|lv2:0.10|lv3:0.20|axis:tempo" }
[PlayerBase] ultimate script loaded: (res://scenes/skills/players/f_roles/skill_lurewarden_f.gd):<GDScript#-9223371775532856815>
[PlayerBase] ultimate node created
[PlayerBase] ultimate load complete: 诱猎号令
[SkillDrawingBase] _ready(): skill_lurewarden_q, skill_owner=PlayerGeneric:<Area2D#258788558864>
[SkillDrawingBase] Line2D 创建成功: skill_lurewarden_q
[Arena] 生成角色成功: lurewarden 在位置 (500.0, 300.0)
[Arena] 玩家初始化完成
[CharacterSlot] 加载角色图标: lurewarden -> res://assets/sprites/Players/Player_7.png
[SquadHUD] 初始化 1 个角色卡槽
[Arena] 小队 HUD 初始化完成
[Arena] ===== _init_bond_hud() 开始 =====
[Arena] ✅ 找到 GameUI 节点: /root/Arena/GameUI
[Arena] ✅ BondHUD 场景加载成功
[Arena] ✅ BondHUD 实例化成功
[Arena] ✅ BondHUD 已添加到 GameUI
[Arena] BondHUD 路径: /root/Arena/GameUI/BondHUD
[Arena] BondHUD 可见性: true
[Arena] _ready() 完成，飘字保护已解除
[PlayerBase] SkillManager already exists (created by child: @Node@336), loaded=3, skip auto create
[Arena] ===== 角色切换开始 =====
[Arena] 收到角色切换请求: lurewarden
[Arena] 跳过自动保存（QEF测试模式）: character_switch
[Arena] 当前玩家: lurewarden
[Arena] 当前玩家位置: (500.0, 300.0)
[Arena] 不清理旧玩家的技能效果（默认行为）
[Arena] 调用 player.queue_free()
[Arena] 等待一帧...
[DebugSwitcher] test mode enabled: wave_time=999, key8 toggles recording
[Arena] 玩家死亡信号已连接
[Arena] 触发 BondManager 重新计算羁绊...
[Arena] 当前队伍: ["sapper", "spiritcaller", "lurewarden"]
[Arena] ✅ 羁绊计算完成
[PlayerBase] Bond stat modifiers applied:
  HP: 108 -> 141
  Speed: 640
  EnergyRegen: 0.7
  PickupRange: 225
  Damage: 10
[Arena] ✅ 羁绊属性已应用到玩家
[Arena] ===== _init_bond_hud() 完成 =====
[Arena] 玩家死亡信号已连接
[Arena] 等待完成，开始生成新角色
[Arena] _spawn_player 开始: player_id=lurewarden, pos=(500.0, 300.0)
[Arena] Global.selected_player_weapons = { "sapper": "pistol", "spiritcaller": "punch", "lurewarden": "pistol" }
[Arena] visual_config: { "player_id": "lurewarden", "sprite_path": "res://assets/sprites/Players/Player_7.png", "scene_path": "res://scenes/unit/players/player_generic.tscn", "scale_x": 1.0, "scale_y": 1.0, "color_r": 1.0, "color_g": 1.0, "color_b": 1.0, "color_a": 1.0, "z_index": 1.0 }
[Arena] 创建角色: lurewarden
[PlayerFactory] 设置 player_id: lurewarden
[PlayerFactory] 已加载脚本: res://scenes/unit/players/player_lurewarden.gd (player_id=lurewarden)
[PlayerFactory] 成功创建角色: lurewarden
[Arena] 警告: player_id 不匹配，重新设置:  -> lurewarden
[PlayerBase] player lurewarden has no equipped item
[ItemWeapon] 尝试加载武器场景: res://scenes/weapons/range/weapon_range_physical.tscn
[ItemWeapon] 成功加载武器场景: res://scenes/weapons/range/weapon_range_physical.tscn
[Player] weapon added: 手枪1级 (pistol_1)
[Weapon] _ready() - Sprite2D 初始化:
  - 可见性: true
  - z_index: 2
  - 缩放: (1.0, 1.0)
  - 位置: (27.0, 0.0)
  - Sprite2D 全局位置: (527.0, 300.0)
  - Weapon 全局位置: (500.0, 300.0)
[Player] weapon node added to scene
[Player] weapon position: (0.0, 0.0)
[Player] weapon global position: (500.0, 300.0)
[Player] weapon visible: true
[Player] weapon z_index: 0
[Weapon] 加载贴图: res://assets/sprites/Weapons/Range/WeaponPistol.png
[Weapon] Sprite2D 可见性: true
[Weapon] Sprite2D 位置: (27.0, 0.0)
[Weapon] Sprite2D 缩放: (1.0, 1.0)
[Weapon] 贴图大小: (200.0, 100.0)
[Weapon] 动态创建枪口节点，偏移: (20.0, -2.0)
[Weapon] 武器设置完成: 手枪1级 (pistol_1)
  - 类型: RANGE
  - 等级: 1
  - 形状类型: straight
  - 子弹模式: single
  - 碰撞体位置/缩放: (0.0, 0.0) / (1.0, 1.0)
  - 基础场景: res://scenes/weapons/range/weapon_range_physical.tscn
[Player] weapon position after layout: (0.0, -15.0)
[Player] weapon global position after layout: (500.0, 285.0)
[PlayerBase] player lurewarden loaded 1 weapons
[PlayerBase] death signal connected
[PlayerBase] start loading ultimate, player_id = lurewarden
[PlayerBase] ultimate config loaded: { "ult_id": "lurewarden_ult", "name": "诱猎号令", "duration": 10.0, "energy_cost": 40.0, "bonus_bond_tag": "commander", "visual_color_hex": "#66FF33", "scale_multiplier": 1.2, "explosion_radius": 280.0, "explosion_damage_scale": 1.0, "description": "诱猎师开启诱猎号令并强化诱饵围捕", "f_role_id": "lurewarden", "f_internal_cd": 0.95, "f_q_line_amp": 1.48, "f_q_closure_amp": 1.96, "f_special_value_1": 1.18, "f_special_value_2": 250.0, "f_special_value_3": 0.3, "f_bond_o_payload": "tag:alchemist|lv2:0.12|lv3:0.24|axis:line", "f_bond_m_payload": "tag:architect|lv2:0.16|lv3:0.32|axis:closure", "f_bond_t_payload": "tag:commander|lv2:0.10|lv3:0.20|axis:tempo" }
[PlayerBase] ultimate script loaded: (res://scenes/skills/players/f_roles/skill_lurewarden_f.gd):<GDScript#-9223371775532856815>
[PlayerBase] ultimate node created
[PlayerBase] ultimate load complete: 诱猎号令
[SkillDrawingBase] _ready(): skill_lurewarden_q, skill_owner=PlayerGeneric:<Area2D#275179899655>
[SkillDrawingBase] Line2D 创建成功: skill_lurewarden_q
[Arena] 生成角色成功: lurewarden 在位置 (500.0, 300.0)
[PlayerBase] Bond stat modifiers applied:
  HP: 108 -> 141
  Speed: 640
  EnergyRegen: 0.7
  PickupRange: 225
  Damage: 10
[Arena] ✅ 角色切换后羁绊属性已重新应用
[Arena] ===== 角色切换结束 =====
[PlayerBase] SkillManager already exists (created by child: @Node@357), loaded=3, skip auto create
[Arena] 玩家死亡信号已连接
[RangeBehavior] ========== 开始远程攻击 ==========
[RangeBehavior] 武器名称: 手枪1级
[RangeBehavior] 武器位置: (500.0, 285.0)
[RangeBehavior] 武器旋转: -50.7990709142009度
[RangeBehavior] Muzzle 位置: (531.6021, 246.2533)
[RangeBehavior] 生成子弹:
  - 子弹场景: res://scenes/projectiles/projectile_pistol.tscn
  - 生成位置: (531.6021, 246.2533)
  - 角度偏移: 0.0度
  - 速度: (1137.675, -1394.882)
  - 伤害: 11.0
[Projectile] 子弹初始化:
  - 位置: (531.6021, 246.2533)
  - 速度: (1137.675, -1394.882)
  - 伤害: 11.0
  - 暴击: false
  - 击退: 1.0
  - 发射者: PlayerGeneric
  - Hitbox 碰撞层: 4
  - Hitbox 碰撞掩码: 8
[RangeBehavior] 发射 single x1
[skill_lurewarden_q] ===== 鏉╂稑鍙嗙憴鍕灊濡€崇础 ===== 鐠ч鍋? (500.0002, 299.364), line_2d閺堝鏅? true
[Projectile] ========== 子弹命中！==========
[Projectile] 子弹位置: (572.541, 196.0594)
[Projectile] 目标: CLIEnemy_(90_0, -120_0)
[Projectile] 目标位置: (582.2841, 188.708)
[Projectile] 子弹销毁
[RangeBehavior] 攻击结束
[PlayerBase] Q released -> release_skill('q')
[skill_lurewarden_q] ===== 退出规划模式 ===== 点数: 86, 闭合: false
[skill_lurewarden_q] 最终闭合判定: false
[skill_lurewarden_q] 閻㈢喐鍨氬鈧弨鎹愮熅瀵板嫭鏅ラ弸婊愮礉閸樼喎顫愰悙瑙勬殶: 86, 閸氬牆鑻熺痪鎸庮唽閺? 8
[skill_lurewarden_q] [P0-2] 线段持续加成: 5.0s -> 8.0s (+3.0s)
[skill_lurewarden_q] [P0-2] 线段持续加成: 5.0s -> 8.0s (+3.0s)
[skill_lurewarden_q] [P0-2] 线段持续加成: 5.0s -> 8.0s (+3.0s)
[skill_lurewarden_q] [P0-2] 线段持续加成: 5.0s -> 8.0s (+3.0s)
[skill_lurewarden_q] [P0-2] 线段持续加成: 5.0s -> 8.0s (+3.0s)
[skill_lurewarden_q] [P0-2] 线段持续加成: 5.0s -> 8.0s (+3.0s)
[skill_lurewarden_q] [P0-2] 线段持续加成: 5.0s -> 8.0s (+3.0s)
[skill_lurewarden_q] [P0-2] 线段持续加成: 5.0s -> 8.0s (+3.0s)
[skill_lurewarden_q] [P0-2] 线段持续加成: 5.0s -> 8.0s (+3.0s)
[skill_lurewarden_q] open-path effects spawned
[skill_lurewarden_q] [P0-2] 线段持续加成: 5.0s -> 8.0s (+3.0s)
[skill_lurewarden_q] ===== 鏉╂稑鍙嗙憴鍕灊濡€崇础 ===== 鐠ч鍋? (711.7882, 329.5966), line_2d閺堝鏅? true
[RangeBehavior] ========== 开始远程攻击 ==========
[RangeBehavior] 武器名称: 手枪1级
[RangeBehavior] 武器位置: (723.3956, 315.2522)
[RangeBehavior] 武器旋转: -170.046534256037度
[RangeBehavior] Muzzle 位置: (674.1313, 306.7064)
[RangeBehavior] 生成子弹:
  - 子弹场景: res://scenes/projectiles/projectile_pistol.tscn
  - 生成位置: (674.1313, 306.7064)
  - 角度偏移: 0.0度
  - 速度: (-1772.907, -311.1269)
  - 伤害: 11.0
[Projectile] 子弹初始化:
  - 位置: (674.1313, 306.7064)
  - 速度: (-1772.907, -311.1269)
  - 伤害: 11.0
  - 暴击: false
  - 击退: 1.0
  - 发射者: PlayerGeneric
  - Hitbox 碰撞层: 4
  - Hitbox 碰撞掩码: 8
[RangeBehavior] 发射 single x1
[Projectile] ========== 子弹命中！==========
[Projectile] 子弹位置: (669.4285, 305.8813)
[Projectile] 目标: CLIEnemy_(120_0, 90_0)
[Projectile] 目标位置: (630.452, 352.1967)
[Projectile] 子弹销毁
[Projectile] ========== 子弹命中！==========
[Projectile] 子弹位置: (669.4285, 305.8813)
[Projectile] 目标: CLIEnemy_(180_0, 0_0)
[Projectile] 目标位置: (660.289, 304.4508)
[Projectile] 子弹销毁
[RangeBehavior] 攻击结束
[PlayerBase] Q released -> release_skill('q')
[skill_lurewarden_q] ===== 退出规划模式 ===== 点数: 130, 闭合: true
[skill_lurewarden_q] 最终闭合判定: true
[PolygonUtils] 交叉点数量: 6
[PolygonUtils] 排序后: ["[99,115]", "[100,114]", "[101,113]", "[102,112]", "[104,110]", "[104,109]"]
[PolygonUtils] 多交叉点(6个)
[PolygonUtils] 提取完成，共 0 个区域
[PlayerBase] E pressed -> execute_skill('e')
[ExplosionArea] 检测到 0 个重叠区域
[ExplosionArea] 共击中 0 个敌人
[PlayerBase] F pressed, ultimate_skill = UltimateSkill:<Node#276975062201>
[PlayerBase] try activate ultimate, energy: 100.0%
[RangeBehavior] ========== 开始远程攻击 ==========
[RangeBehavior] 武器名称: 手枪1级
[RangeBehavior] 武器位置: (862.6722, 444.0991)
[RangeBehavior] 武器旋转: -146.100464761862度
[RangeBehavior] Muzzle 位置: (895.4822, 395.2717)
[RangeBehavior] 生成子弹:
  - 子弹场景: res://scenes/projectiles/projectile_pistol.tscn
  - 生成位置: (895.4822, 395.2717)
  - 角度偏移: 0.0度
  - 速度: (-1494.03, -1003.929)
  - 伤害: 11.0
[Projectile] 子弹初始化:
  - 位置: (895.4822, 395.2717)
  - 速度: (-1494.03, -1003.929)
  - 伤害: 11.0
  - 暴击: false
  - 击退: 1.0
  - 发射者: PlayerGeneric
  - Hitbox 碰撞层: 4
  - Hitbox 碰撞掩码: 8
[RangeBehavior] 发射 single x1
[DebugSwitcher] test mode disabled
[Arena] 清理了 1 个残留投射物
[BackgroundManager] 地图纹理大小: (994.000000, 460.000000)
[BackgroundManager] 初始化完成 - 瓦片大小: 2000, 已生成: 25 个瓦片
[ChestManager] 初始化完成 - 生成 2 个宝箱（分散布局）
[ChestManager] 初始化完成 - 预生成 2 个宝箱位置
[ChestIndicator] indicator_show_range = 3000 (from map_config.csv)
[ExitConfirmDialog] _ready() called
[Arena] _ready() 开始
[Arena] 已添加到 arena 组
[Arena] 已启用波末战利品模式，禁用旧宝箱流程
[Arena] 暂停菜单已初始化
[Arena] 商店面板已连接
[Arena] WaveRewardSystem 已创建
[Arena] WaveRewardPanel 已添加到 GameUI
[Arena] WildcardPanel 已添加到 GameUI
[Arena] BattleFlowController 已初始化
[Arena] Spawner 波次完成信号已连接
[Arena] 准备初始化玩家...
[Arena] _init_player_from_selection 开始
[Arena] selected_player_ids: ["pyro"]
[Arena] selected_player_weapons: { "pyro": "laser" }
WARNING: [ConfigManager] game_config 缺少键 'enable_wave_recruit_mode'，使用默认值: 1
   at: push_warning (core/variant/variant_utility.cpp:1034)
   GDScript backtrace (most recent call first):
       [0] get_game_setting (res://autoloads/config_manager.gd:590)
       [1] is_wave_recruit_mode_enabled (res://autoloads/global.gd:298)
       [2] enter_wave_recruit_mode (res://autoloads/global.gd:303)
       [3] _init_player_from_selection (res://scenes/arena/arena_core.gd:467)
       [4] _ready (res://scenes/arena/arena_core.gd:117)
[Arena] 场景中没有默认玩家，直接生成选择的角色
[Arena] _spawn_player 开始: player_id=pyro, pos=(500.0, 300.0)
[Arena] Global.selected_player_weapons = { "pyro": "laser" }
[Arena] visual_config: { "player_id": "pyro", "sprite_path": "res://assets/sprites/Players/Player_10.png", "scene_path": "res://scenes/unit/players/player_generic.tscn", "scale_x": 1.0, "scale_y": 1.0, "color_r": 1.0, "color_g": 1.0, "color_b": 1.0, "color_a": 1.0, "z_index": 1.0 }
[Arena] 创建角色: pyro
[PlayerFactory] 设置 player_id: pyro
[PlayerFactory] 已加载脚本: res://scenes/unit/players/player_pyro.gd (player_id=pyro)
[PlayerFactory] 成功创建角色: pyro
[Arena] 警告: player_id 不匹配，重新设置:  -> pyro
[PlayerBase] player pyro has no equipped item
[ItemWeapon] 尝试加载武器场景: res://scenes/weapons/range/weapon_range_beam.tscn
[ItemWeapon] 成功加载武器场景: res://scenes/weapons/range/weapon_range_beam.tscn
[Player] weapon added: 激光1级 (laser_1)
[Weapon] _ready() - Sprite2D 初始化:
  - 可见性: true
  - z_index: 2
  - 缩放: (1.0, 1.0)
  - 位置: (27.0, 0.0)
  - Sprite2D 全局位置: (527.0, 300.0)
  - Weapon 全局位置: (500.0, 300.0)
[Player] weapon node added to scene
[Player] weapon position: (0.0, 0.0)
[Player] weapon global position: (500.0, 300.0)
[Player] weapon visible: true
[Player] weapon z_index: 0
[Weapon] 加载贴图: res://assets/sprites/Weapons/Range/WeaponLaser.png
[Weapon] Sprite2D 可见性: true
[Weapon] Sprite2D 位置: (27.0, 0.0)
[Weapon] Sprite2D 缩放: (1.0, 1.0)
[Weapon] 贴图大小: (200.0, 100.0)
[Weapon] 动态创建枪口节点，偏移: (24.0, 0.0)
[Weapon] 武器设置完成: 激光1级 (laser_1)
  - 类型: RANGE
  - 等级: 1
  - 形状类型: straight
  - 子弹模式: single
  - 碰撞体位置/缩放: (0.0, 0.0) / (1.0, 1.0)
  - 基础场景: res://scenes/weapons/range/weapon_range_beam.tscn
[Player] weapon position after layout: (0.0, -15.0)
[Player] weapon global position after layout: (500.0, 285.0)
[PlayerBase] player pyro loaded 1 weapons
[PlayerBase] death signal connected
[PlayerBase] start loading ultimate, player_id = pyro
[PlayerBase] ultimate config loaded: { "ult_id": "pyro_ult", "name": "炼狱化身", "duration": 10.0, "energy_cost": 40.0, "bonus_bond_tag": "vanguard", "visual_color_hex": "#3366FF", "scale_multiplier": 1.2, "explosion_radius": 300.0, "explosion_damage_scale": 1.1, "description": "焰术师进入过热炉心并放大闭合爆燃", "f_role_id": "pyro", "f_internal_cd": 0.85, "f_q_line_amp": 1.6, "f_q_closure_amp": 2.1, "f_special_value_1": 1.3, "f_special_value_2": 240.0, "f_special_value_3": 0.22, "f_bond_o_payload": "tag:inkborn|lv2:0.12|lv3:0.24|axis:line", "f_bond_m_payload": "tag:blaster|lv2:0.16|lv3:0.32|axis:closure", "f_bond_t_payload": "tag:vanguard|lv2:0.10|lv3:0.20|axis:tempo" }
[PlayerBase] ultimate script loaded: (res://scenes/skills/players/f_roles/skill_pyro_f.gd):<GDScript#-9223371721694770385>
[PlayerBase] ultimate node created
[PlayerBase] ultimate load complete: 炼狱化身
[SkillDrawingBase] _ready(): skill_pyro_q, skill_owner=PlayerGeneric:<Area2D#312794418113>
[SkillDrawingBase] Line2D 创建成功: skill_pyro_q
[Arena] 生成角色成功: pyro 在位置 (500.0, 300.0)
[Arena] 玩家初始化完成
[CharacterSlot] 加载角色图标: pyro -> res://assets/sprites/Players/Player_10.png
[SquadHUD] 初始化 1 个角色卡槽
[Arena] 小队 HUD 初始化完成
[Arena] ===== _init_bond_hud() 开始 =====
[Arena] ✅ 找到 GameUI 节点: /root/Arena/GameUI
[Arena] ✅ BondHUD 场景加载成功
[Arena] ✅ BondHUD 实例化成功
[Arena] ✅ BondHUD 已添加到 GameUI
[Arena] BondHUD 路径: /root/Arena/GameUI/BondHUD
[Arena] BondHUD 可见性: true
[Arena] _ready() 完成，飘字保护已解除
[PlayerBase] SkillManager already exists (created by child: @Node@484), loaded=3, skip auto create
[Arena] ===== 角色切换开始 =====
[Arena] 收到角色切换请求: pyro
[Arena] 跳过自动保存（QEF测试模式）: character_switch
[Arena] 当前玩家: pyro
[Arena] 当前玩家位置: (500.0, 300.0)
[Arena] 不清理旧玩家的技能效果（默认行为）
[Arena] 调用 player.queue_free()
[Arena] 等待一帧...
[DebugSwitcher] test mode enabled: wave_time=999, key8 toggles recording
[Arena] 玩家死亡信号已连接
[Arena] 触发 BondManager 重新计算羁绊...
[Arena] 当前队伍: ["butcher", "pyro", "weaver"]
[Arena] ✅ 羁绊计算完成
[PlayerBase] Bond stat modifiers applied:
  HP: 98 -> 98
  Speed: 500
  EnergyRegen: 1.6
  PickupRange: 150
  Damage: 10
[Arena] ✅ 羁绊属性已应用到玩家
[Arena] ===== _init_bond_hud() 完成 =====
[Arena] 玩家死亡信号已连接
[Arena] 等待完成，开始生成新角色
[Arena] _spawn_player 开始: player_id=pyro, pos=(500.0, 300.0)
[Arena] Global.selected_player_weapons = { "butcher": "punch", "pyro": "laser", "weaver": "laser" }
[Arena] visual_config: { "player_id": "pyro", "sprite_path": "res://assets/sprites/Players/Player_10.png", "scene_path": "res://scenes/unit/players/player_generic.tscn", "scale_x": 1.0, "scale_y": 1.0, "color_r": 1.0, "color_g": 1.0, "color_b": 1.0, "color_a": 1.0, "z_index": 1.0 }
[Arena] 创建角色: pyro
[PlayerFactory] 设置 player_id: pyro
[PlayerFactory] 已加载脚本: res://scenes/unit/players/player_pyro.gd (player_id=pyro)
[PlayerFactory] 成功创建角色: pyro
[Arena] 警告: player_id 不匹配，重新设置:  -> pyro
[PlayerBase] player pyro has no equipped item
[ItemWeapon] 尝试加载武器场景: res://scenes/weapons/range/weapon_range_beam.tscn
[ItemWeapon] 成功加载武器场景: res://scenes/weapons/range/weapon_range_beam.tscn
[Player] weapon added: 激光1级 (laser_1)
[Weapon] _ready() - Sprite2D 初始化:
  - 可见性: true
  - z_index: 2
  - 缩放: (1.0, 1.0)
  - 位置: (27.0, 0.0)
  - Sprite2D 全局位置: (527.0, 300.0)
  - Weapon 全局位置: (500.0, 300.0)
[Player] weapon node added to scene
[Player] weapon position: (0.0, 0.0)
[Player] weapon global position: (500.0, 300.0)
[Player] weapon visible: true
[Player] weapon z_index: 0
[Weapon] 加载贴图: res://assets/sprites/Weapons/Range/WeaponLaser.png
[Weapon] Sprite2D 可见性: true
[Weapon] Sprite2D 位置: (27.0, 0.0)
[Weapon] Sprite2D 缩放: (1.0, 1.0)
[Weapon] 贴图大小: (200.0, 100.0)
[Weapon] 动态创建枪口节点，偏移: (24.0, 0.0)
[Weapon] 武器设置完成: 激光1级 (laser_1)
  - 类型: RANGE
  - 等级: 1
  - 形状类型: straight
  - 子弹模式: single
  - 碰撞体位置/缩放: (0.0, 0.0) / (1.0, 1.0)
  - 基础场景: res://scenes/weapons/range/weapon_range_beam.tscn
[Player] weapon position after layout: (0.0, -15.0)
[Player] weapon global position after layout: (500.0, 285.0)
[PlayerBase] player pyro loaded 1 weapons
[PlayerBase] death signal connected
[PlayerBase] start loading ultimate, player_id = pyro
[PlayerBase] ultimate config loaded: { "ult_id": "pyro_ult", "name": "炼狱化身", "duration": 10.0, "energy_cost": 40.0, "bonus_bond_tag": "vanguard", "visual_color_hex": "#3366FF", "scale_multiplier": 1.2, "explosion_radius": 300.0, "explosion_damage_scale": 1.1, "description": "焰术师进入过热炉心并放大闭合爆燃", "f_role_id": "pyro", "f_internal_cd": 0.85, "f_q_line_amp": 1.6, "f_q_closure_amp": 2.1, "f_special_value_1": 1.3, "f_special_value_2": 240.0, "f_special_value_3": 0.22, "f_bond_o_payload": "tag:inkborn|lv2:0.12|lv3:0.24|axis:line", "f_bond_m_payload": "tag:blaster|lv2:0.16|lv3:0.32|axis:closure", "f_bond_t_payload": "tag:vanguard|lv2:0.10|lv3:0.20|axis:tempo" }
[PlayerBase] ultimate script loaded: (res://scenes/skills/players/f_roles/skill_pyro_f.gd):<GDScript#-9223371721694770385>
[PlayerBase] ultimate node created
[PlayerBase] ultimate load complete: 炼狱化身
[SkillDrawingBase] _ready(): skill_pyro_q, skill_owner=PlayerGeneric:<Area2D#325947754795>
[SkillDrawingBase] Line2D 创建成功: skill_pyro_q
[Arena] 生成角色成功: pyro 在位置 (500.0, 300.0)
[PlayerBase] Bond stat modifiers applied:
  HP: 98 -> 98
  Speed: 500
  EnergyRegen: 1.6
  PickupRange: 150
  Damage: 10
[Arena] ✅ 角色切换后羁绊属性已重新应用
[Arena] ===== 角色切换结束 =====
[PlayerBase] SkillManager already exists (created by child: @Node@505), loaded=3, skip auto create
[Arena] 玩家死亡信号已连接
[RangeBehavior] ========== 开始远程攻击 ==========
[RangeBehavior] 武器名称: 激光1级
[RangeBehavior] 武器位置: (500.0, 285.0)
[RangeBehavior] 武器旋转: -48.8729780588248度
[RangeBehavior] Muzzle 位置: (539.4639, 239.8048)
[RangeBehavior] 生成子弹:
  - 子弹场景: res://scenes/projectiles/projectile_laser.tscn
  - 生成位置: (539.4639, 239.8048)
  - 角度偏移: 0.0度
  - 速度: (1315.461, -1506.507)
  - 伤害: 11.0
[Projectile] 子弹初始化:
  - 位置: (539.4639, 239.8048)
  - 速度: (1315.461, -1506.507)
  - 伤害: 11.0
  - 暴击: false
  - 击退: 0.5
  - 发射者: PlayerGeneric
  - Hitbox 碰撞层: 4
  - Hitbox 碰撞掩码: 8
[RangeBehavior] 发射 single x1
[skill_pyro_q] ===== 鏉╂稑鍙嗙憴鍕灊濡€崇础 ===== 鐠ч鍋? (500.0002, 299.364), line_2d閺堝鏅? true
[Projectile] ========== 子弹命中！==========
[Projectile] 子弹位置: (578.8129, 194.7405)
[Projectile] 目标: CLIEnemy_(90_0, -120_0)
[Projectile] 目标位置: (583.7644, 187.0069)
[Projectile] 子弹销毁
[RangeBehavior] 攻击结束
[PlayerBase] Q released -> release_skill('q')
[skill_pyro_q] ===== 退出规划模式 ===== 点数: 65, 闭合: false
[skill_pyro_q] 最终闭合判定: false
[skill_pyro_q] 閻㈢喐鍨氬鈧弨鎹愮熅瀵板嫭鏅ラ弸婊愮礉閸樼喎顫愰悙瑙勬殶: 65, 閸氬牆鑻熺痪鎸庮唽閺? 7
[skill_pyro_q] open-path effects spawned
[skill_pyro_q] ===== 鏉╂稑鍙嗙憴鍕灊濡€崇础 ===== 鐠ч鍋? (500.0002, 299.364), line_2d閺堝鏅? true
[RangeBehavior] ========== 开始远程攻击 ==========
[RangeBehavior] 武器名称: 激光1级
[RangeBehavior] 武器位置: (500.0, 285.0)
[RangeBehavior] 武器旋转: 51.3655258228267度
[RangeBehavior] Muzzle 位置: (537.461, 331.8687)
[RangeBehavior] 生成子弹:
  - 子弹场景: res://scenes/projectiles/projectile_laser.tscn
  - 生成位置: (537.461, 331.8687)
  - 角度偏移: 0.0度
  - 速度: (1248.699, 1562.29)
  - 伤害: 11.0
[Projectile] 子弹初始化:
  - 位置: (537.461, 331.8687)
  - 速度: (1248.699, 1562.29)
  - 伤害: 11.0
  - 暴击: false
  - 击退: 0.5
  - 发射者: PlayerGeneric
  - Hitbox 碰撞层: 4
  - Hitbox 碰撞掩码: 8
[RangeBehavior] 发射 single x1
[Projectile] ========== 子弹命中！==========
[Projectile] 子弹位置: (540.853, 336.1117)
[Projectile] 目标: CLIEnemy_(120_0, 90_0)
[Projectile] 目标位置: (553.8656, 353.8541)
[Projectile] 子弹销毁
[RangeBehavior] 攻击结束
[PlayerBase] Q released -> release_skill('q')
[skill_pyro_q] ===== 退出规划模式 ===== 点数: 109, 闭合: true
[skill_pyro_q] 最终闭合判定: true
[skill_pyro_q] detected 1 closed polygons
[ExplosionArea] 检测到 0 个重叠区域
[ExplosionArea] 共击中 0 个敌人
[RangeBehavior] ========== 开始远程攻击 ==========
[RangeBehavior] 武器名称: 激光1级
[RangeBehavior] 武器位置: (500.0, 285.0)
[RangeBehavior] 武器旋转: 12.0170322643995度
[RangeBehavior] Muzzle 位置: (558.6851, 297.4922)
[RangeBehavior] 生成子弹:
  - 子弹场景: res://scenes/projectiles/projectile_laser.tscn
  - 生成位置: (558.6851, 297.4922)
  - 角度偏移: 0.0度
  - 速度: (1956.172, 416.4049)
  - 伤害: 11.0
[Projectile] 子弹初始化:
  - 位置: (558.6851, 297.4922)
  - 速度: (1956.172, 416.4049)
  - 伤害: 11.0
  - 暴击: false
  - 击退: 0.5
  - 发射者: PlayerGeneric
  - Hitbox 碰撞层: 4
  - Hitbox 碰撞掩码: 8
[RangeBehavior] 发射 single x1
[PlayerBase] E pressed -> execute_skill('e')
[HealthComponent] 血量归零，触发死亡信号
[Projectile] ========== 子弹命中！==========
[Projectile] 子弹位置: (582.1422, 302.4854)
[Projectile] 目标: CLIEnemy_(120_0, 90_0)
[Projectile] 目标位置: (533.437, 351.6296)
[Projectile] 子弹销毁
[Projectile] ========== 子弹命中！==========
[Projectile] 子弹位置: (582.1422, 302.4854)
[Projectile] 目标: CLIEnemy_(180_0, 0_0)
[Projectile] 目标位置: (559.4649, 297.4338)
[Projectile] 子弹销毁
[ExplosionArea] 检测到 2 个重叠区域
[ExplosionArea] 区域 1: HurtboxComponent -> 父节点: CLIEnemy_(180_0, 0_0) (类型: Area2D)
[ExplosionArea]   ⚠️ 使用备用伤害方案
[ExplosionArea]   ✅ 造成伤害(备用): 0.0 -> CLIEnemy_(180_0, 0_0)
[ExplosionArea] 区域 2: HurtboxComponent -> 父节点: CLIEnemy_(120_0, 90_0) (类型: Area2D)
[ExplosionArea]   ⚠️ 使用备用伤害方案
[ExplosionArea]   ✅ 造成伤害(备用): 0.0 -> CLIEnemy_(120_0, 90_0)
[ExplosionArea] 共击中 2 个敌人
[RangeBehavior] 攻击结束
[PlayerBase] F pressed, ultimate_skill = UltimateSkill:<Node#327742916607>
[PlayerBase] try activate ultimate, energy: 100.0%
[DebugSwitcher] test mode disabled
[BackgroundManager] 地图纹理大小: (994.000000, 460.000000)
[BackgroundManager] 初始化完成 - 瓦片大小: 2000, 已生成: 25 个瓦片
[ChestManager] 初始化完成 - 生成 2 个宝箱（分散布局）
[ChestManager] 初始化完成 - 预生成 2 个宝箱位置
[ChestIndicator] indicator_show_range = 3000 (from map_config.csv)
[ExitConfirmDialog] _ready() called
[Arena] _ready() 开始
[Arena] 已添加到 arena 组
[Arena] 已启用波末战利品模式，禁用旧宝箱流程
[Arena] 暂停菜单已初始化
[Arena] 商店面板已连接
[Arena] WaveRewardSystem 已创建
[Arena] WaveRewardPanel 已添加到 GameUI
[Arena] WildcardPanel 已添加到 GameUI
[Arena] BattleFlowController 已初始化
[Arena] Spawner 波次完成信号已连接
[Arena] 准备初始化玩家...
[Arena] _init_player_from_selection 开始
[Arena] selected_player_ids: ["glacier"]
[Arena] selected_player_weapons: { "glacier": "punch" }
WARNING: [ConfigManager] game_config 缺少键 'enable_wave_recruit_mode'，使用默认值: 1
   at: push_warning (core/variant/variant_utility.cpp:1034)
   GDScript backtrace (most recent call first):
       [0] get_game_setting (res://autoloads/config_manager.gd:590)
       [1] is_wave_recruit_mode_enabled (res://autoloads/global.gd:298)
       [2] enter_wave_recruit_mode (res://autoloads/global.gd:303)
       [3] _init_player_from_selection (res://scenes/arena/arena_core.gd:467)
       [4] _ready (res://scenes/arena/arena_core.gd:117)
[Arena] 场景中没有默认玩家，直接生成选择的角色
[Arena] _spawn_player 开始: player_id=glacier, pos=(500.0, 300.0)
[Arena] Global.selected_player_weapons = { "glacier": "punch" }
[Arena] visual_config: { "player_id": "glacier", "sprite_path": "res://assets/sprites/Players/Player_1.png", "scene_path": "res://scenes/unit/players/player_generic.tscn", "scale_x": 1.0, "scale_y": 1.0, "color_r": 1.0, "color_g": 1.0, "color_b": 1.0, "color_a": 1.0, "z_index": 1.0 }
[Arena] 创建角色: glacier
[PlayerFactory] 设置 player_id: glacier
[PlayerFactory] 已加载脚本: res://scenes/unit/players/player_glacier.gd (player_id=glacier)
[PlayerFactory] 成功创建角色: glacier
[Arena] 警告: player_id 不匹配，重新设置:  -> glacier
[PlayerBase] player glacier has no equipped item
[ItemWeapon] 尝试加载武器场景: res://scenes/weapons/melee/weapon_melee_point.tscn
[ItemWeapon] 成功加载武器场景: res://scenes/weapons/melee/weapon_melee_point.tscn
[Player] weapon added: 拳头1级 (punch_1)
[Weapon] _ready() - Sprite2D 初始化:
  - 可见性: true
  - z_index: 2
  - 缩放: (1.0, 1.0)
  - 位置: (27.0, 0.0)
  - Sprite2D 全局位置: (527.0, 300.0)
  - Weapon 全局位置: (500.0, 300.0)
[Player] weapon node added to scene
[Player] weapon position: (0.0, 0.0)
[Player] weapon global position: (500.0, 300.0)
[Player] weapon visible: true
[Player] weapon z_index: 0
[Weapon] 加载贴图: res://assets/sprites/Weapons/Melee/Weapon_Punch.png
[Weapon] Sprite2D 可见性: true
[Weapon] Sprite2D 位置: (27.0, 0.0)
[Weapon] Sprite2D 缩放: (1.0, 1.0)
[Weapon] 贴图大小: (200.0, 100.0)
[Weapon] 武器设置完成: 拳头1级 (punch_1)
  - 类型: MELEE
  - 等级: 1
  - 形状类型: point
  - 子弹模式: 未指定
  - 碰撞体: 由 MeleeBehavior 动态创建
  - 基础场景: res://scenes/weapons/melee/weapon_melee_point.tscn
[Player] weapon position after layout: (0.0, -15.0)
[Player] weapon global position after layout: (500.0, 285.0)
[PlayerBase] player glacier loaded 1 weapons
[PlayerBase] death signal connected
[PlayerBase] start loading ultimate, player_id = glacier
[PlayerBase] ultimate config loaded: { "ult_id": "glacier_ult", "name": "极夜冰环", "duration": 10.0, "energy_cost": 40.0, "bonus_bond_tag": "vanguard", "visual_color_hex": "#66CCFF", "scale_multiplier": 1.2, "explosion_radius": 230.0, "explosion_damage_scale": 1.1, "description": "冰河释放极夜冰环并强化冻结碎裂", "f_role_id": "glacier", "f_internal_cd": 1.05, "f_q_line_amp": 1.4, "f_q_closure_amp": 1.9, "f_special_value_1": 1.1, "f_special_value_2": 240.0, "f_special_value_3": 0.34, "f_bond_o_payload": "tag:colossus|lv2:0.12|lv3:0.24|axis:line", "f_bond_m_payload": "tag:architect|lv2:0.16|lv3:0.32|axis:closure", "f_bond_t_payload": "tag:vanguard|lv2:0.10|lv3:0.20|axis:tempo" }
[PlayerBase] ultimate script loaded: (res://scenes/skills/players/f_roles/skill_glacier_f.gd):<GDScript#-9223371677218371628>
[PlayerBase] ultimate node created
[PlayerBase] ultimate load complete: 极夜冰环
[SkillDrawingBase] _ready(): skill_glacier_q, skill_owner=PlayerGeneric:<Area2D#357539253500>
[SkillDrawingBase] Line2D 创建成功: skill_glacier_q
[Arena] 生成角色成功: glacier 在位置 (500.0, 300.0)
[Arena] 玩家初始化完成
[CharacterSlot] 加载角色图标: glacier -> res://assets/sprites/Players/Player_1.png
[SquadHUD] 初始化 1 个角色卡槽
[Arena] 小队 HUD 初始化完成
[Arena] ===== _init_bond_hud() 开始 =====
[Arena] ✅ 找到 GameUI 节点: /root/Arena/GameUI
[Arena] ✅ BondHUD 场景加载成功
[Arena] ✅ BondHUD 实例化成功
[Arena] ✅ BondHUD 已添加到 GameUI
[Arena] BondHUD 路径: /root/Arena/GameUI/BondHUD
[Arena] BondHUD 可见性: true
[Arena] _ready() 完成，飘字保护已解除
[PlayerBase] SkillManager already exists (created by child: @Node@652), loaded=3, skip auto create
[Arena] ===== 角色切换开始 =====
[Arena] 收到角色切换请求: glacier
[Arena] 跳过自动保存（QEF测试模式）: character_switch
[Arena] 当前玩家: glacier
[Arena] 当前玩家位置: (500.0, 300.0)
[Arena] 不清理旧玩家的技能效果（默认行为）
[Arena] 调用 player.queue_free()
[Arena] 等待一帧...
[DebugSwitcher] test mode enabled: wave_time=999, key8 toggles recording
[Arena] 玩家死亡信号已连接
[Arena] 触发 BondManager 重新计算羁绊...
[Arena] 当前队伍: ["glacier", "arcstriker", "runeblazer"]
[Arena] ✅ 羁绊计算完成
[PlayerBase] Bond stat modifiers applied:
  HP: 158 -> 158
  Speed: 400
  EnergyRegen: 0.5
  PickupRange: 150
  Damage: 10
[Arena] ✅ 羁绊属性已应用到玩家
[Arena] ===== _init_bond_hud() 完成 =====
[Arena] 玩家死亡信号已连接
[Arena] 等待完成，开始生成新角色
[Arena] _spawn_player 开始: player_id=glacier, pos=(500.0, 300.0)
[Arena] Global.selected_player_weapons = { "glacier": "punch", "arcstriker": "punch", "runeblazer": "punch" }
[Arena] visual_config: { "player_id": "glacier", "sprite_path": "res://assets/sprites/Players/Player_1.png", "scene_path": "res://scenes/unit/players/player_generic.tscn", "scale_x": 1.0, "scale_y": 1.0, "color_r": 1.0, "color_g": 1.0, "color_b": 1.0, "color_a": 1.0, "z_index": 1.0 }
[Arena] 创建角色: glacier
[PlayerFactory] 设置 player_id: glacier
[PlayerFactory] 已加载脚本: res://scenes/unit/players/player_glacier.gd (player_id=glacier)
[PlayerFactory] 成功创建角色: glacier
[Arena] 警告: player_id 不匹配，重新设置:  -> glacier
[PlayerBase] player glacier has no equipped item
[ItemWeapon] 尝试加载武器场景: res://scenes/weapons/melee/weapon_melee_point.tscn
[ItemWeapon] 成功加载武器场景: res://scenes/weapons/melee/weapon_melee_point.tscn
[Player] weapon added: 拳头1级 (punch_1)
[Weapon] _ready() - Sprite2D 初始化:
  - 可见性: true
  - z_index: 2
  - 缩放: (1.0, 1.0)
  - 位置: (27.0, 0.0)
  - Sprite2D 全局位置: (527.0, 300.0)
  - Weapon 全局位置: (500.0, 300.0)
[Player] weapon node added to scene
[Player] weapon position: (0.0, 0.0)
[Player] weapon global position: (500.0, 300.0)
[Player] weapon visible: true
[Player] weapon z_index: 0
[Weapon] 加载贴图: res://assets/sprites/Weapons/Melee/Weapon_Punch.png
[Weapon] Sprite2D 可见性: true
[Weapon] Sprite2D 位置: (27.0, 0.0)
[Weapon] Sprite2D 缩放: (1.0, 1.0)
[Weapon] 贴图大小: (200.0, 100.0)
[Weapon] 武器设置完成: 拳头1级 (punch_1)
  - 类型: MELEE
  - 等级: 1
  - 形状类型: point
  - 子弹模式: 未指定
  - 碰撞体: 由 MeleeBehavior 动态创建
  - 基础场景: res://scenes/weapons/melee/weapon_melee_point.tscn
[Player] weapon position after layout: (0.0, -15.0)
[Player] weapon global position after layout: (500.0, 285.0)
[PlayerBase] player glacier loaded 1 weapons
[PlayerBase] death signal connected
[PlayerBase] start loading ultimate, player_id = glacier
[PlayerBase] ultimate config loaded: { "ult_id": "glacier_ult", "name": "极夜冰环", "duration": 10.0, "energy_cost": 40.0, "bonus_bond_tag": "vanguard", "visual_color_hex": "#66CCFF", "scale_multiplier": 1.2, "explosion_radius": 230.0, "explosion_damage_scale": 1.1, "description": "冰河释放极夜冰环并强化冻结碎裂", "f_role_id": "glacier", "f_internal_cd": 1.05, "f_q_line_amp": 1.4, "f_q_closure_amp": 1.9, "f_special_value_1": 1.1, "f_special_value_2": 240.0, "f_special_value_3": 0.34, "f_bond_o_payload": "tag:colossus|lv2:0.12|lv3:0.24|axis:line", "f_bond_m_payload": "tag:architect|lv2:0.16|lv3:0.32|axis:closure", "f_bond_t_payload": "tag:vanguard|lv2:0.10|lv3:0.20|axis:tempo" }
[PlayerBase] ultimate script loaded: (res://scenes/skills/players/f_roles/skill_glacier_f.gd):<GDScript#-9223371677218371628>
[PlayerBase] ultimate node created
[PlayerBase] ultimate load complete: 极夜冰环
[SkillDrawingBase] _ready(): skill_glacier_q, skill_owner=PlayerGeneric:<Area2D#369249750298>
[SkillDrawingBase] Line2D 创建成功: skill_glacier_q
[Arena] 生成角色成功: glacier 在位置 (500.0, 300.0)
[PlayerBase] Bond stat modifiers applied:
  HP: 158 -> 158
  Speed: 400
  EnergyRegen: 0.5
  PickupRange: 150
  Damage: 10
[Arena] ✅ 角色切换后羁绊属性已重新应用
[Arena] ===== 角色切换结束 =====
[PlayerBase] SkillManager already exists (created by child: @Node@671), loaded=3, skip auto create
[Arena] 玩家死亡信号已连接
[skill_glacier_q] ===== 鏉╂稑鍙嗙憴鍕灊濡€崇础 ===== 鐠ч鍋? (500.0002, 299.364), line_2d閺堝鏅? true
[HealthComponent] 血量归零，触发死亡信号
[PlayerBase] Q released -> release_skill('q')
[skill_glacier_q] ===== 退出规划模式 ===== 点数: 65, 闭合: false
[skill_glacier_q] 最终闭合判定: false
[skill_glacier_q] 閻㈢喐鍨氬鈧弨鎹愮熅瀵板嫭鏅ラ弸婊愮礉閸樼喎顫愰悙瑙勬殶: 65, 閸氬牆鑻熺痪鎸庮唽閺? 6
[skill_glacier_q] open-path effects spawned
[ExplosionArea] 检测到 0 个重叠区域
[ExplosionArea] 共击中 0 个敌人
[ExplosionArea] 检测到 0 个重叠区域
[ExplosionArea] 共击中 0 个敌人
[ExplosionArea] 检测到 0 个重叠区域
[ExplosionArea] 共击中 0 个敌人
[ExplosionArea] 检测到 0 个重叠区域
[ExplosionArea] 共击中 0 个敌人
[HealthComponent] 已经死亡，忽略伤害
[HealthComponent] 已经死亡，忽略伤害
[skill_glacier_q] ===== 鏉╂稑鍙嗙憴鍕灊濡€崇础 ===== 鐠ч鍋? (500.4752, 299.0578), line_2d閺堝鏅? true
[HealthComponent] 已经死亡，忽略伤害
[HealthComponent] 已经死亡，忽略伤害
[HealthComponent] 已经死亡，忽略伤害
[ExplosionArea] 检测到 0 个重叠区域
[ExplosionArea] 共击中 0 个敌人
[ExplosionArea] 检测到 0 个重叠区域
[ExplosionArea] 共击中 0 个敌人
[PlayerBase] Q released -> release_skill('q')
[skill_glacier_q] ===== 退出规划模式 ===== 点数: 328, 闭合: true
[skill_glacier_q] 最终闭合判定: true
[PolygonUtils] 交叉点数量: 1
[PolygonUtils] 排序后: ["[109,245]"]
[PolygonUtils] 单交叉点区域: 点数=19
[PolygonUtils] 提取完成，共 1 个区域
[skill_glacier_q] detected 1 closed polygons
[PlayerBase] E pressed -> execute_skill('e')
[ExplosionArea] 检测到 0 个重叠区域
[ExplosionArea] 共击中 0 个敌人
[ExplosionArea] 检测到 0 个重叠区域
[ExplosionArea] 共击中 0 个敌人
[ExplosionArea] 检测到 0 个重叠区域
[ExplosionArea] 共击中 0 个敌人
[ExplosionArea] 检测到 0 个重叠区域
[ExplosionArea] 共击中 0 个敌人
[ExplosionArea] 检测到 0 个重叠区域
[ExplosionArea] 共击中 0 个敌人
[ExplosionArea] 检测到 0 个重叠区域
[ExplosionArea] 共击中 0 个敌人
[PlayerBase] F pressed, ultimate_skill = UltimateSkill:<Node#370977803062>
[PlayerBase] try activate ultimate, energy: 100.0%
[DebugSwitcher] test mode disabled
[BackgroundManager] 地图纹理大小: (994.000000, 460.000000)
[BackgroundManager] 初始化完成 - 瓦片大小: 2000, 已生成: 25 个瓦片
[ChestManager] 初始化完成 - 生成 2 个宝箱（分散布局）
[ChestManager] 初始化完成 - 预生成 2 个宝箱位置
[ChestIndicator] indicator_show_range = 3000 (from map_config.csv)
[ExitConfirmDialog] _ready() called
[Arena] _ready() 开始
[Arena] 已添加到 arena 组
[Arena] 已启用波末战利品模式，禁用旧宝箱流程
[Arena] 暂停菜单已初始化
[Arena] 商店面板已连接
[Arena] WaveRewardSystem 已创建
[Arena] WaveRewardPanel 已添加到 GameUI
[Arena] WildcardPanel 已添加到 GameUI
[Arena] BattleFlowController 已初始化
[Arena] Spawner 波次完成信号已连接
[Arena] 准备初始化玩家...
[Arena] _init_player_from_selection 开始
[Arena] selected_player_ids: ["quartermaster"]
[Arena] selected_player_weapons: { "quartermaster": "punch" }
WARNING: [ConfigManager] game_config 缺少键 'enable_wave_recruit_mode'，使用默认值: 1
   at: push_warning (core/variant/variant_utility.cpp:1034)
   GDScript backtrace (most recent call first):
       [0] get_game_setting (res://autoloads/config_manager.gd:590)
       [1] is_wave_recruit_mode_enabled (res://autoloads/global.gd:298)
       [2] enter_wave_recruit_mode (res://autoloads/global.gd:303)
       [3] _init_player_from_selection (res://scenes/arena/arena_core.gd:467)
       [4] _ready (res://scenes/arena/arena_core.gd:117)
[Arena] 场景中没有默认玩家，直接生成选择的角色
[Arena] _spawn_player 开始: player_id=quartermaster, pos=(500.0, 300.0)
[Arena] Global.selected_player_weapons = { "quartermaster": "punch" }
[Arena] visual_config: { "player_id": "quartermaster", "sprite_path": "res://assets/sprites/Players/Player_15.png", "scene_path": "res://scenes/unit/players/player_generic.tscn", "scale_x": 1.0, "scale_y": 1.0, "color_r": 1.0, "color_g": 1.0, "color_b": 1.0, "color_a": 1.0, "z_index": 1.0 }
[Arena] 创建角色: quartermaster
[PlayerFactory] 设置 player_id: quartermaster
[PlayerFactory] 已加载脚本: res://scenes/unit/players/player_quartermaster.gd (player_id=quartermaster)
[PlayerFactory] 成功创建角色: quartermaster
[Arena] 警告: player_id 不匹配，重新设置:  -> quartermaster
[PlayerBase] player quartermaster has no equipped item
[ItemWeapon] 尝试加载武器场景: res://scenes/weapons/melee/weapon_melee_point.tscn
[ItemWeapon] 成功加载武器场景: res://scenes/weapons/melee/weapon_melee_point.tscn
[Player] weapon added: 拳头1级 (punch_1)
[Weapon] _ready() - Sprite2D 初始化:
  - 可见性: true
  - z_index: 2
  - 缩放: (1.0, 1.0)
  - 位置: (27.0, 0.0)
  - Sprite2D 全局位置: (527.0, 300.0)
  - Weapon 全局位置: (500.0, 300.0)
[Player] weapon node added to scene
[Player] weapon position: (0.0, 0.0)
[Player] weapon global position: (500.0, 300.0)
[Player] weapon visible: true
[Player] weapon z_index: 0
[Weapon] 加载贴图: res://assets/sprites/Weapons/Melee/Weapon_Punch.png
[Weapon] Sprite2D 可见性: true
[Weapon] Sprite2D 位置: (27.0, 0.0)
[Weapon] Sprite2D 缩放: (1.0, 1.0)
[Weapon] 贴图大小: (200.0, 100.0)
[Weapon] 武器设置完成: 拳头1级 (punch_1)
  - 类型: MELEE
  - 等级: 1
  - 形状类型: point
  - 子弹模式: 未指定
  - 碰撞体: 由 MeleeBehavior 动态创建
  - 基础场景: res://scenes/weapons/melee/weapon_melee_point.tscn
[Player] weapon position after layout: (0.0, -15.0)
[Player] weapon global position after layout: (500.0, 285.0)
[PlayerBase] player quartermaster loaded 1 weapons
[PlayerBase] death signal connected
[PlayerBase] start loading ultimate, player_id = quartermaster
[PlayerBase] ultimate config loaded: { "ult_id": "quartermaster_ult", "name": "火力链路", "duration": 10.0, "energy_cost": 40.0, "bonus_bond_tag": "assist", "visual_color_hex": "#999933", "scale_multiplier": 1.2, "explosion_radius": 240.0, "explosion_damage_scale": 1.1, "description": "军需官进入火力链路并增强压制节奏", "f_role_id": "quartermaster", "f_internal_cd": 0.95, "f_q_line_amp": 1.52, "f_q_closure_amp": 1.98, "f_special_value_1": 1.18, "f_special_value_2": 240.0, "f_special_value_3": 0.31, "f_bond_o_payload": "tag:alchemist|lv2:0.12|lv3:0.24|axis:line", "f_bond_m_payload": "tag:blaster|lv2:0.16|lv3:0.32|axis:closure", "f_bond_t_payload": "tag:assist|lv2:0.10|lv3:0.20|axis:tempo" }
[PlayerBase] ultimate script loaded: (res://scenes/skills/players/f_roles/skill_quartermaster_f.gd):<GDScript#-9223371554543367330>
[PlayerBase] ultimate node created
[PlayerBase] ultimate load complete: 火力链路
[SkillDrawingBase] _ready(): skill_quartermaster_q, skill_owner=PlayerGeneric:<Area2D#480012930211>
[SkillDrawingBase] Line2D 创建成功: skill_quartermaster_q
[Arena] 生成角色成功: quartermaster 在位置 (500.0, 300.0)
[Arena] 玩家初始化完成
[CharacterSlot] 加载角色图标: quartermaster -> res://assets/sprites/Players/Player_15.png
[SquadHUD] 初始化 1 个角色卡槽
[Arena] 小队 HUD 初始化完成
[Arena] ===== _init_bond_hud() 开始 =====
[Arena] ✅ 找到 GameUI 节点: /root/Arena/GameUI
[Arena] ✅ BondHUD 场景加载成功
[Arena] ✅ BondHUD 实例化成功
[Arena] ✅ BondHUD 已添加到 GameUI
[Arena] BondHUD 路径: /root/Arena/GameUI/BondHUD
[Arena] BondHUD 可见性: true
[Arena] _ready() 完成，飘字保护已解除
[PlayerBase] SkillManager already exists (created by child: @Node@1161), loaded=3, skip auto create
[Arena] ===== 角色切换开始 =====
[Arena] 收到角色切换请求: quartermaster
[Arena] 跳过自动保存（QEF测试模式）: character_switch
[Arena] 当前玩家: quartermaster
[Arena] 当前玩家位置: (500.0, 300.0)
[Arena] 不清理旧玩家的技能效果（默认行为）
[Arena] 调用 player.queue_free()
[Arena] 等待一帧...
[DebugSwitcher] test mode enabled: wave_time=999, key8 toggles recording
[Arena] 玩家死亡信号已连接
[Arena] 触发 BondManager 重新计算羁绊...
[Arena] 当前队伍: ["quartermaster", "paladin", "bloodsworn"]
[Arena] ✅ 羁绊计算完成
[PlayerBase] Bond stat modifiers applied:
  HP: 108 -> 108
  Speed: 500
  EnergyRegen: 0.7
  PickupRange: 150
  Damage: 10
[Arena] ✅ 羁绊属性已应用到玩家
[Arena] ===== _init_bond_hud() 完成 =====
[Arena] 玩家死亡信号已连接
[Arena] 等待完成，开始生成新角色
[Arena] _spawn_player 开始: player_id=quartermaster, pos=(500.0, 300.0)
[Arena] Global.selected_player_weapons = { "quartermaster": "punch", "paladin": "punch", "bloodsworn": "punch" }
[Arena] visual_config: { "player_id": "quartermaster", "sprite_path": "res://assets/sprites/Players/Player_15.png", "scene_path": "res://scenes/unit/players/player_generic.tscn", "scale_x": 1.0, "scale_y": 1.0, "color_r": 1.0, "color_g": 1.0, "color_b": 1.0, "color_a": 1.0, "z_index": 1.0 }
[Arena] 创建角色: quartermaster
[PlayerFactory] 设置 player_id: quartermaster
[PlayerFactory] 已加载脚本: res://scenes/unit/players/player_quartermaster.gd (player_id=quartermaster)
[PlayerFactory] 成功创建角色: quartermaster
[Arena] 警告: player_id 不匹配，重新设置:  -> quartermaster
[PlayerBase] player quartermaster has no equipped item
[ItemWeapon] 尝试加载武器场景: res://scenes/weapons/melee/weapon_melee_point.tscn
[ItemWeapon] 成功加载武器场景: res://scenes/weapons/melee/weapon_melee_point.tscn
[Player] weapon added: 拳头1级 (punch_1)
[Weapon] _ready() - Sprite2D 初始化:
  - 可见性: true
  - z_index: 2
  - 缩放: (1.0, 1.0)
  - 位置: (27.0, 0.0)
  - Sprite2D 全局位置: (527.0, 300.0)
  - Weapon 全局位置: (500.0, 300.0)
[Player] weapon node added to scene
[Player] weapon position: (0.0, 0.0)
[Player] weapon global position: (500.0, 300.0)
[Player] weapon visible: true
[Player] weapon z_index: 0
[Weapon] 加载贴图: res://assets/sprites/Weapons/Melee/Weapon_Punch.png
[Weapon] Sprite2D 可见性: true
[Weapon] Sprite2D 位置: (27.0, 0.0)
[Weapon] Sprite2D 缩放: (1.0, 1.0)
[Weapon] 贴图大小: (200.0, 100.0)
[Weapon] 武器设置完成: 拳头1级 (punch_1)
  - 类型: MELEE
  - 等级: 1
  - 形状类型: point
  - 子弹模式: 未指定
  - 碰撞体: 由 MeleeBehavior 动态创建
  - 基础场景: res://scenes/weapons/melee/weapon_melee_point.tscn
[Player] weapon position after layout: (0.0, -15.0)
[Player] weapon global position after layout: (500.0, 285.0)
[PlayerBase] player quartermaster loaded 1 weapons
[PlayerBase] death signal connected
[PlayerBase] start loading ultimate, player_id = quartermaster
[PlayerBase] ultimate config loaded: { "ult_id": "quartermaster_ult", "name": "火力链路", "duration": 10.0, "energy_cost": 40.0, "bonus_bond_tag": "assist", "visual_color_hex": "#999933", "scale_multiplier": 1.2, "explosion_radius": 240.0, "explosion_damage_scale": 1.1, "description": "军需官进入火力链路并增强压制节奏", "f_role_id": "quartermaster", "f_internal_cd": 0.95, "f_q_line_amp": 1.52, "f_q_closure_amp": 1.98, "f_special_value_1": 1.18, "f_special_value_2": 240.0, "f_special_value_3": 0.31, "f_bond_o_payload": "tag:alchemist|lv2:0.12|lv3:0.24|axis:line", "f_bond_m_payload": "tag:blaster|lv2:0.16|lv3:0.32|axis:closure", "f_bond_t_payload": "tag:assist|lv2:0.10|lv3:0.20|axis:tempo" }
[PlayerBase] ultimate script loaded: (res://scenes/skills/players/f_roles/skill_quartermaster_f.gd):<GDScript#-9223371554543367330>
[PlayerBase] ultimate node created
[PlayerBase] ultimate load complete: 火力链路
[SkillDrawingBase] _ready(): skill_quartermaster_q, skill_owner=PlayerGeneric:<Area2D#495867400763>
[SkillDrawingBase] Line2D 创建成功: skill_quartermaster_q
[Arena] 生成角色成功: quartermaster 在位置 (500.0, 300.0)
[PlayerBase] Bond stat modifiers applied:
  HP: 108 -> 108
  Speed: 500
  EnergyRegen: 0.7
  PickupRange: 150
  Damage: 10
[Arena] ✅ 角色切换后羁绊属性已重新应用
[Arena] ===== 角色切换结束 =====
[PlayerBase] SkillManager already exists (created by child: @Node@1182), loaded=3, skip auto create
[Arena] 玩家死亡信号已连接
[skill_quartermaster_q] ===== 鏉╂稑鍙嗙憴鍕灊濡€崇础 ===== 鐠ч鍋? (500.0002, 299.364), line_2d閺堝鏅? true
[HealthComponent] 血量归零，触发死亡信号
[PlayerBase] Q released -> release_skill('q')
[skill_quartermaster_q] ===== 退出规划模式 ===== 点数: 65, 闭合: false
[skill_quartermaster_q] 最终闭合判定: false
[skill_quartermaster_q] 閻㈢喐鍨氬鈧弨鎹愮熅瀵板嫭鏅ラ弸婊愮礉閸樼喎顫愰悙瑙勬殶: 65, 閸氬牆鑻熺痪鎸庮唽閺? 6
[HealthComponent] 已经死亡，忽略伤害
[skill_quartermaster_q] open-path effects spawned
[ExplosionArea] 检测到 0 个重叠区域
[ExplosionArea] 共击中 0 个敌人
[ExplosionArea] 检测到 0 个重叠区域
[ExplosionArea] 共击中 0 个敌人
[ExplosionArea] 检测到 1 个重叠区域
[ExplosionArea] 区域 1: HurtboxComponent -> 父节点: CLIEnemy_(120_0, 90_0) (类型: Area2D)
[ExplosionArea]   ⚠️ 使用备用伤害方案
[ExplosionArea]   ✅ 造成伤害(备用): 0.0 -> CLIEnemy_(120_0, 90_0)
[ExplosionArea] 共击中 1 个敌人
[ExplosionArea] 检测到 0 个重叠区域
[ExplosionArea] 共击中 0 个敌人
[ExplosionArea] 检测到 0 个重叠区域
[ExplosionArea] 共击中 0 个敌人
[ExplosionArea] 检测到 0 个重叠区域
[ExplosionArea] 共击中 0 个敌人
[ExplosionArea] 检测到 0 个重叠区域
[ExplosionArea] 共击中 0 个敌人
[ExplosionArea] 检测到 0 个重叠区域
[ExplosionArea] 共击中 0 个敌人
[ExplosionArea] 检测到 0 个重叠区域
[ExplosionArea] 共击中 0 个敌人
[ExplosionArea] 检测到 0 个重叠区域
[ExplosionArea] 共击中 0 个敌人
[HealthComponent] 已经死亡，忽略伤害
[HealthComponent] 已经死亡，忽略伤害
[skill_quartermaster_q] ===== 鏉╂稑鍙嗙憴鍕灊濡€崇础 ===== 鐠ч鍋? (499.4131, 298.8524), line_2d閺堝鏅? true
[HealthComponent] 已经死亡，忽略伤害
[HealthComponent] 已经死亡，忽略伤害
[HealthComponent] 已经死亡，忽略伤害
[HealthComponent] 已经死亡，忽略伤害
[ExplosionArea] 检测到 0 个重叠区域
[ExplosionArea] 共击中 0 个敌人
[ExplosionArea] 检测到 1 个重叠区域
[ExplosionArea] 区域 1: HurtboxComponent -> 父节点: CLIEnemy_(120_0, 90_0) (类型: Area2D)
[ExplosionArea]   ⚠️ 使用备用伤害方案
[ExplosionArea]   ✅ 造成伤害(备用): 0.0 -> CLIEnemy_(120_0, 90_0)
[ExplosionArea] 共击中 1 个敌人
[ExplosionArea] 检测到 1 个重叠区域
[ExplosionArea] 区域 1: HurtboxComponent -> 父节点: CLIEnemy_(120_0, 90_0) (类型: Area2D)
[ExplosionArea]   ⚠️ 使用备用伤害方案
[ExplosionArea]   ✅ 造成伤害(备用): 0.0 -> CLIEnemy_(120_0, 90_0)
[ExplosionArea] 共击中 1 个敌人
[ExplosionArea] 检测到 0 个重叠区域
[ExplosionArea] 共击中 0 个敌人
[ExplosionArea] 检测到 0 个重叠区域
[ExplosionArea] 共击中 0 个敌人
[ExplosionArea] 检测到 0 个重叠区域
[ExplosionArea] 共击中 0 个敌人
[HealthComponent] 已经死亡，忽略伤害
[ExplosionArea] 检测到 0 个重叠区域
[ExplosionArea] 共击中 0 个敌人
[ExplosionArea] 检测到 0 个重叠区域
[ExplosionArea] 共击中 0 个敌人
[ExplosionArea] 检测到 0 个重叠区域
[ExplosionArea] 共击中 0 个敌人
[ExplosionArea] 检测到 0 个重叠区域
[ExplosionArea] 共击中 0 个敌人
[ExplosionArea] 检测到 0 个重叠区域
[ExplosionArea] 共击中 0 个敌人
[ExplosionArea] 检测到 0 个重叠区域
[ExplosionArea] 共击中 0 个敌人
[HealthComponent] 血量归零，触发死亡信号
[PlayerBase] Q released -> release_skill('q')
[skill_quartermaster_q] ===== 退出规划模式 ===== 点数: 111, 闭合: true
[skill_quartermaster_q] 最终闭合判定: true
[PolygonUtils] 交叉点数量: 1
[PolygonUtils] 排序后: ["[1,110]"]
[PolygonUtils] 单交叉点区域: 点数=5
[PolygonUtils] 提取完成，共 1 个区域
[skill_quartermaster_q] detected 1 closed polygons
[ExplosionArea] 检测到 0 个重叠区域
[ExplosionArea] 共击中 0 个敌人
[ExplosionArea] 检测到 0 个重叠区域
[ExplosionArea] 共击中 0 个敌人
[ExplosionArea] 检测到 0 个重叠区域
[ExplosionArea] 共击中 0 个敌人
[ExplosionArea] 检测到 0 个重叠区域
[ExplosionArea] 共击中 0 个敌人
[ExplosionArea] 检测到 0 个重叠区域
[ExplosionArea] 共击中 0 个敌人
[ExplosionArea] 检测到 0 个重叠区域
[ExplosionArea] 共击中 0 个敌人
[PlayerBase] E pressed -> execute_skill('e')
[HealthComponent] 已经死亡，忽略伤害
[ExplosionArea] 检测到 0 个重叠区域
[ExplosionArea] 共击中 0 个敌人
[HealthComponent] 已经死亡，忽略伤害
[HealthComponent] 已经死亡，忽略伤害
[HealthComponent] 已经死亡，忽略伤害
[PlayerBase] F pressed, ultimate_skill = UltimateSkill:<Node#497595452516>
[PlayerBase] try activate ultimate, energy: 100.0%
[ExplosionArea] 检测到 0 个重叠区域
[ExplosionArea] 共击中 0 个敌人
[ExplosionArea] 检测到 0 个重叠区域
[ExplosionArea] 共击中 0 个敌人
[ExplosionArea] 检测到 0 个重叠区域
[ExplosionArea] 共击中 0 个敌人
[ExplosionArea] 检测到 0 个重叠区域
[ExplosionArea] 共击中 0 个敌人
[ExplosionArea] 检测到 0 个重叠区域
[ExplosionArea] 共击中 0 个敌人
[ExplosionArea] 检测到 0 个重叠区域
[ExplosionArea] 共击中 0 个敌人
[ExplosionArea] 检测到 0 个重叠区域
[ExplosionArea] 共击中 0 个敌人
[ExplosionArea] 检测到 0 个重叠区域
[ExplosionArea] 共击中 0 个敌人
[ExplosionArea] 检测到 0 个重叠区域
[ExplosionArea] 共击中 0 个敌人
[ExplosionArea] 检测到 0 个重叠区域
[ExplosionArea] 共击中 0 个敌人
[ExplosionArea] 检测到 0 个重叠区域
[ExplosionArea] 共击中 0 个敌人
[ExplosionArea] 检测到 0 个重叠区域
[ExplosionArea] 共击中 0 个敌人
[DebugSwitcher] test mode disabled
[BackgroundManager] 地图纹理大小: (994.000000, 460.000000)
[BackgroundManager] 初始化完成 - 瓦片大小: 2000, 已生成: 25 个瓦片
[ChestManager] 初始化完成 - 生成 2 个宝箱（分散布局）
[ChestManager] 初始化完成 - 预生成 2 个宝箱位置
[ChestIndicator] indicator_show_range = 3000 (from map_config.csv)
[ExitConfirmDialog] _ready() called
[Arena] _ready() 开始
[Arena] 已添加到 arena 组
[Arena] 已启用波末战利品模式，禁用旧宝箱流程
[Arena] 暂停菜单已初始化
[Arena] 商店面板已连接
[Arena] WaveRewardSystem 已创建
[Arena] WaveRewardPanel 已添加到 GameUI
[Arena] WildcardPanel 已添加到 GameUI
[Arena] BattleFlowController 已初始化
[Arena] Spawner 波次完成信号已连接
[Arena] 准备初始化玩家...
[Arena] _init_player_from_selection 开始
[Arena] selected_player_ids: ["wind"]
[Arena] selected_player_weapons: { "wind": "pistol" }
WARNING: [ConfigManager] game_config 缺少键 'enable_wave_recruit_mode'，使用默认值: 1
   at: push_warning (core/variant/variant_utility.cpp:1034)
   GDScript backtrace (most recent call first):
       [0] get_game_setting (res://autoloads/config_manager.gd:590)
       [1] is_wave_recruit_mode_enabled (res://autoloads/global.gd:298)
       [2] enter_wave_recruit_mode (res://autoloads/global.gd:303)
       [3] _init_player_from_selection (res://scenes/arena/arena_core.gd:467)
       [4] _ready (res://scenes/arena/arena_core.gd:117)
[Arena] 场景中没有默认玩家，直接生成选择的角色
[Arena] _spawn_player 开始: player_id=wind, pos=(500.0, 300.0)
[Arena] Global.selected_player_weapons = { "wind": "pistol" }
[Arena] visual_config: { "player_id": "wind", "sprite_path": "res://assets/sprites/Players/Player_2.png", "scene_path": "res://scenes/unit/players/player_generic.tscn", "scale_x": 1.0, "scale_y": 1.0, "color_r": 1.0, "color_g": 1.0, "color_b": 1.0, "color_a": 1.0, "z_index": 1.0 }
[Arena] 创建角色: wind
[PlayerFactory] 设置 player_id: wind
[PlayerFactory] 已加载脚本: res://scenes/unit/players/player_wind.gd (player_id=wind)
[PlayerFactory] 成功创建角色: wind
[Arena] 警告: player_id 不匹配，重新设置:  -> wind
[PlayerBase] player wind has no equipped item
[ItemWeapon] 尝试加载武器场景: res://scenes/weapons/range/weapon_range_physical.tscn
[ItemWeapon] 成功加载武器场景: res://scenes/weapons/range/weapon_range_physical.tscn
[Player] weapon added: 手枪1级 (pistol_1)
[Weapon] _ready() - Sprite2D 初始化:
  - 可见性: true
  - z_index: 2
  - 缩放: (1.0, 1.0)
  - 位置: (27.0, 0.0)
  - Sprite2D 全局位置: (527.0, 300.0)
  - Weapon 全局位置: (500.0, 300.0)
[Player] weapon node added to scene
[Player] weapon position: (0.0, 0.0)
[Player] weapon global position: (500.0, 300.0)
[Player] weapon visible: true
[Player] weapon z_index: 0
[Weapon] 加载贴图: res://assets/sprites/Weapons/Range/WeaponPistol.png
[Weapon] Sprite2D 可见性: true
[Weapon] Sprite2D 位置: (27.0, 0.0)
[Weapon] Sprite2D 缩放: (1.0, 1.0)
[Weapon] 贴图大小: (200.0, 100.0)
[Weapon] 动态创建枪口节点，偏移: (20.0, -2.0)
[Weapon] 武器设置完成: 手枪1级 (pistol_1)
  - 类型: RANGE
  - 等级: 1
  - 形状类型: straight
  - 子弹模式: single
  - 碰撞体位置/缩放: (0.0, 0.0) / (1.0, 1.0)
  - 基础场景: res://scenes/weapons/range/weapon_range_physical.tscn
[Player] weapon position after layout: (0.0, -15.0)
[Player] weapon global position after layout: (500.0, 285.0)
[PlayerBase] player wind loaded 1 weapons
[PlayerBase] death signal connected
[PlayerBase] start loading ultimate, player_id = wind
[PlayerBase] ultimate config loaded: { "ult_id": "wind_ult", "name": "风之升华", "duration": 10.0, "energy_cost": 40.0, "bonus_bond_tag": "commander", "visual_color_hex": "#33FF99", "scale_multiplier": 1.2, "explosion_radius": 260.0, "explosion_damage_scale": 0.9, "description": "风行者开启飓眼迁跃并强化牵引风切", "f_role_id": "wind", "f_internal_cd": 0.95, "f_q_line_amp": 1.5, "f_q_closure_amp": 1.95, "f_special_value_1": 1.15, "f_special_value_2": 260.0, "f_special_value_3": 0.28, "f_bond_o_payload": "tag:nomad|lv2:0.12|lv3:0.24|axis:line", "f_bond_m_payload": "tag:geometrist|lv2:0.16|lv3:0.32|axis:closure", "f_bond_t_payload": "tag:commander|lv2:0.10|lv3:0.20|axis:tempo" }
[PlayerBase] ultimate script loaded: (res://scenes/skills/players/f_roles/skill_wind_f.gd):<GDScript#-9223371357612404677>
[PlayerBase] ultimate node created
[PlayerBase] ultimate load complete: 风之升华
[SkillDrawingBase] _ready(): skill_wind_q, skill_owner=PlayerGeneric:<Area2D#676876781939>
[SkillDrawingBase] Line2D 创建成功: skill_wind_q
[Arena] 生成角色成功: wind 在位置 (500.0, 300.0)
[Arena] 玩家初始化完成
[CharacterSlot] 加载角色图标: wind -> res://assets/sprites/Players/Player_2.png
[SquadHUD] 初始化 1 个角色卡槽
[Arena] 小队 HUD 初始化完成
[Arena] ===== _init_bond_hud() 开始 =====
[Arena] ✅ 找到 GameUI 节点: /root/Arena/GameUI
[Arena] ✅ BondHUD 场景加载成功
[Arena] ✅ BondHUD 实例化成功
[Arena] ✅ BondHUD 已添加到 GameUI
[Arena] BondHUD 路径: /root/Arena/GameUI/BondHUD
[Arena] BondHUD 可见性: true
[Arena] _ready() 完成，飘字保护已解除
[PlayerBase] SkillManager already exists (created by child: @Node@1961), loaded=3, skip auto create
[Arena] ===== 角色切换开始 =====
[Arena] 收到角色切换请求: wind
[Arena] 跳过自动保存（QEF测试模式）: character_switch
[Arena] 当前玩家: wind
[Arena] 当前玩家位置: (500.0, 300.0)
[Arena] 不清理旧玩家的技能效果（默认行为）
[Arena] 调用 player.queue_free()
[Arena] 等待一帧...
[DebugSwitcher] test mode enabled: wave_time=999, key8 toggles recording
[Arena] 玩家死亡信号已连接
[Arena] 触发 BondManager 重新计算羁绊...
[Arena] 当前队伍: ["blacksmith", "medic", "wind"]
[Arena] ✅ 羁绊计算完成
[PlayerBase] Bond stat modifiers applied:
  HP: 93 -> 93
  Speed: 600
  EnergyRegen: 0.6
  PickupRange: 150
  Damage: 10
[Arena] ✅ 羁绊属性已应用到玩家
[Arena] ===== _init_bond_hud() 完成 =====
[Arena] 玩家死亡信号已连接
[Arena] 等待完成，开始生成新角色
[Arena] _spawn_player 开始: player_id=wind, pos=(500.0, 300.0)
[Arena] Global.selected_player_weapons = { "blacksmith": "punch", "medic": "punch", "wind": "pistol" }
[Arena] visual_config: { "player_id": "wind", "sprite_path": "res://assets/sprites/Players/Player_2.png", "scene_path": "res://scenes/unit/players/player_generic.tscn", "scale_x": 1.0, "scale_y": 1.0, "color_r": 1.0, "color_g": 1.0, "color_b": 1.0, "color_a": 1.0, "z_index": 1.0 }
[Arena] 创建角色: wind
[PlayerFactory] 设置 player_id: wind
[PlayerFactory] 已加载脚本: res://scenes/unit/players/player_wind.gd (player_id=wind)
[PlayerFactory] 成功创建角色: wind
[Arena] 警告: player_id 不匹配，重新设置:  -> wind
[PlayerBase] player wind has no equipped item
[ItemWeapon] 尝试加载武器场景: res://scenes/weapons/range/weapon_range_physical.tscn
[ItemWeapon] 成功加载武器场景: res://scenes/weapons/range/weapon_range_physical.tscn
[Player] weapon added: 手枪1级 (pistol_1)
[Weapon] _ready() - Sprite2D 初始化:
  - 可见性: true
  - z_index: 2
  - 缩放: (1.0, 1.0)
  - 位置: (27.0, 0.0)
  - Sprite2D 全局位置: (527.0, 300.0)
  - Weapon 全局位置: (500.0, 300.0)
[Player] weapon node added to scene
[Player] weapon position: (0.0, 0.0)
[Player] weapon global position: (500.0, 300.0)
[Player] weapon visible: true
[Player] weapon z_index: 0
[Weapon] 加载贴图: res://assets/sprites/Weapons/Range/WeaponPistol.png
[Weapon] Sprite2D 可见性: true
[Weapon] Sprite2D 位置: (27.0, 0.0)
[Weapon] Sprite2D 缩放: (1.0, 1.0)
[Weapon] 贴图大小: (200.0, 100.0)
[Weapon] 动态创建枪口节点，偏移: (20.0, -2.0)
[Weapon] 武器设置完成: 手枪1级 (pistol_1)
  - 类型: RANGE
  - 等级: 1
  - 形状类型: straight
  - 子弹模式: single
  - 碰撞体位置/缩放: (0.0, 0.0) / (1.0, 1.0)
  - 基础场景: res://scenes/weapons/range/weapon_range_physical.tscn
[Player] weapon position after layout: (0.0, -15.0)
[Player] weapon global position after layout: (500.0, 285.0)
[PlayerBase] player wind loaded 1 weapons
[PlayerBase] death signal connected
[PlayerBase] start loading ultimate, player_id = wind
[PlayerBase] ultimate config loaded: { "ult_id": "wind_ult", "name": "风之升华", "duration": 10.0, "energy_cost": 40.0, "bonus_bond_tag": "commander", "visual_color_hex": "#33FF99", "scale_multiplier": 1.2, "explosion_radius": 260.0, "explosion_damage_scale": 0.9, "description": "风行者开启飓眼迁跃并强化牵引风切", "f_role_id": "wind", "f_internal_cd": 0.95, "f_q_line_amp": 1.5, "f_q_closure_amp": 1.95, "f_special_value_1": 1.15, "f_special_value_2": 260.0, "f_special_value_3": 0.28, "f_bond_o_payload": "tag:nomad|lv2:0.12|lv3:0.24|axis:line", "f_bond_m_payload": "tag:geometrist|lv2:0.16|lv3:0.32|axis:closure", "f_bond_t_payload": "tag:commander|lv2:0.10|lv3:0.20|axis:tempo" }
[PlayerBase] ultimate script loaded: (res://scenes/skills/players/f_roles/skill_wind_f.gd):<GDScript#-9223371357612404677>
[PlayerBase] ultimate node created
[PlayerBase] ultimate load complete: 风之升华
[SkillDrawingBase] _ready(): skill_wind_q, skill_owner=PlayerGeneric:<Area2D#693150684630>
[SkillDrawingBase] Line2D 创建成功: skill_wind_q
[Arena] 生成角色成功: wind 在位置 (500.0, 300.0)
[PlayerBase] Bond stat modifiers applied:
  HP: 93 -> 93
  Speed: 600
  EnergyRegen: 0.6
  PickupRange: 150
  Damage: 10
[Arena] ✅ 角色切换后羁绊属性已重新应用
[Arena] ===== 角色切换结束 =====
[PlayerBase] SkillManager already exists (created by child: @Node@1981), loaded=3, skip auto create
[Arena] 玩家死亡信号已连接
[Arena] ===== 角色切换开始 =====
[Arena] 收到角色切换请求: wind
[Arena] 跳过自动保存（QEF测试模式）: character_switch
[Arena] 当前玩家: wind
[Arena] 当前玩家位置: (500.0, 300.0)
[Arena] 不清理旧玩家的技能效果（默认行为）
[Arena] 调用 player.queue_free()
[Arena] 等待一帧...
[DebugSwitcher] recording started: d:/Godot/Production/PolyLash_Project/.godot_cli/Roaming/Godot/app_userdata/PolyLash/qa_reports/input_recordings/player_ops_20260315_115929_540_wind.json
[Arena] 等待完成，开始生成新角色
[Arena] _spawn_player 开始: player_id=wind, pos=(500.0, 300.0)
[Arena] Global.selected_player_weapons = { "blacksmith": "punch", "medic": "punch", "wind": "pistol" }
[Arena] visual_config: { "player_id": "wind", "sprite_path": "res://assets/sprites/Players/Player_2.png", "scene_path": "res://scenes/unit/players/player_generic.tscn", "scale_x": 1.0, "scale_y": 1.0, "color_r": 1.0, "color_g": 1.0, "color_b": 1.0, "color_a": 1.0, "z_index": 1.0 }
[Arena] 创建角色: wind
[PlayerFactory] 设置 player_id: wind
[PlayerFactory] 已加载脚本: res://scenes/unit/players/player_wind.gd (player_id=wind)
[PlayerFactory] 成功创建角色: wind
[Arena] 警告: player_id 不匹配，重新设置:  -> wind
[PlayerBase] player wind has no equipped item
[ItemWeapon] 尝试加载武器场景: res://scenes/weapons/range/weapon_range_physical.tscn
[ItemWeapon] 成功加载武器场景: res://scenes/weapons/range/weapon_range_physical.tscn
[Player] weapon added: 手枪1级 (pistol_1)
[Weapon] _ready() - Sprite2D 初始化:
  - 可见性: true
  - z_index: 2
  - 缩放: (1.0, 1.0)
  - 位置: (27.0, 0.0)
  - Sprite2D 全局位置: (527.0, 300.0)
  - Weapon 全局位置: (500.0, 300.0)
[Player] weapon node added to scene
[Player] weapon position: (0.0, 0.0)
[Player] weapon global position: (500.0, 300.0)
[Player] weapon visible: true
[Player] weapon z_index: 0
[Weapon] 加载贴图: res://assets/sprites/Weapons/Range/WeaponPistol.png
[Weapon] Sprite2D 可见性: true
[Weapon] Sprite2D 位置: (27.0, 0.0)
[Weapon] Sprite2D 缩放: (1.0, 1.0)
[Weapon] 贴图大小: (200.0, 100.0)
[Weapon] 动态创建枪口节点，偏移: (20.0, -2.0)
[Weapon] 武器设置完成: 手枪1级 (pistol_1)
  - 类型: RANGE
  - 等级: 1
  - 形状类型: straight
  - 子弹模式: single
  - 碰撞体位置/缩放: (0.0, 0.0) / (1.0, 1.0)
  - 基础场景: res://scenes/weapons/range/weapon_range_physical.tscn
[Player] weapon position after layout: (0.0, -15.0)
[Player] weapon global position after layout: (500.0, 285.0)
[PlayerBase] player wind loaded 1 weapons
[PlayerBase] death signal connected
[PlayerBase] start loading ultimate, player_id = wind
[PlayerBase] ultimate config loaded: { "ult_id": "wind_ult", "name": "风之升华", "duration": 10.0, "energy_cost": 40.0, "bonus_bond_tag": "commander", "visual_color_hex": "#33FF99", "scale_multiplier": 1.2, "explosion_radius": 260.0, "explosion_damage_scale": 0.9, "description": "风行者开启飓眼迁跃并强化牵引风切", "f_role_id": "wind", "f_internal_cd": 0.95, "f_q_line_amp": 1.5, "f_q_closure_amp": 1.95, "f_special_value_1": 1.15, "f_special_value_2": 260.0, "f_special_value_3": 0.28, "f_bond_o_payload": "tag:nomad|lv2:0.12|lv3:0.24|axis:line", "f_bond_m_payload": "tag:geometrist|lv2:0.16|lv3:0.32|axis:closure", "f_bond_t_payload": "tag:commander|lv2:0.10|lv3:0.20|axis:tempo" }
[PlayerBase] ultimate script loaded: (res://scenes/skills/players/f_roles/skill_wind_f.gd):<GDScript#-9223371357612404677>
[PlayerBase] ultimate node created
[PlayerBase] ultimate load complete: 风之升华
[SkillDrawingBase] _ready(): skill_wind_q, skill_owner=PlayerGeneric:<Area2D#714726184406>
[SkillDrawingBase] Line2D 创建成功: skill_wind_q
[Arena] 生成角色成功: wind 在位置 (500.0, 300.0)
[PlayerBase] Bond stat modifiers applied:
  HP: 93 -> 93
  Speed: 600
  EnergyRegen: 0.6
  PickupRange: 150
  Damage: 10
[Arena] ✅ 角色切换后羁绊属性已重新应用
[Arena] ===== 角色切换结束 =====
[PlayerBase] SkillManager already exists (created by child: @Node@1991), loaded=3, skip auto create
[Arena] 玩家死亡信号已连接
[RangeBehavior] ========== 开始远程攻击 ==========
[RangeBehavior] 武器名称: 手枪1级
[RangeBehavior] 武器位置: (500.0, 285.0)
[RangeBehavior] 武器旋转: -49.794111030671度
[RangeBehavior] Muzzle 位置: (532.2768, 246.8135)
[RangeBehavior] 生成子弹:
  - 子弹场景: res://scenes/projectiles/projectile_pistol.tscn
  - 生成位置: (532.2768, 246.8135)
  - 角度偏移: 0.0度
  - 速度: (1161.965, -1374.714)
  - 伤害: 11.0
[Projectile] 子弹初始化:
  - 位置: (532.2768, 246.8135)
  - 速度: (1161.965, -1374.714)
  - 伤害: 11.0
  - 暴击: false
  - 击退: 1.0
  - 发射者: PlayerGeneric
  - Hitbox 碰撞层: 4
  - Hitbox 碰撞掩码: 8
[RangeBehavior] 发射 single x1
[skill_wind_q] ===== 鏉╂稑鍙嗙憴鍕灊濡€崇础 ===== 鐠ч鍋? (500.0002, 299.364), line_2d閺堝鏅? true
[Projectile] ========== 子弹命中！==========
[Projectile] 子弹位置: (574.1053, 197.3262)
[Projectile] 目标: CLIEnemy_(90_0, -120_0)
[Projectile] 目标位置: (580.5068, 190.3679)
[Projectile] 子弹销毁
[HealthComponent] 血量归零，触发死亡信号
[RangeBehavior] 攻击结束
[PlayerBase] Q released -> release_skill('q')
[skill_wind_q] ===== 退出规划模式 ===== 点数: 66, 闭合: false
[skill_wind_q] 最终闭合判定: false
[skill_wind_q] 閻㈢喐鍨氬鈧弨鎹愮熅瀵板嫭鏅ラ弸婊愮礉閸樼喎顫愰悙瑙勬殶: 66, 閸氬牆鑻熺痪鎸庮唽閺? 7
[HealthComponent] 已经死亡，忽略伤害
[HealthComponent] 已经死亡，忽略伤害
[skill_wind_q] open-path effects spawned
[HealthComponent] 已经死亡，忽略伤害
[PlayerBase] E pressed -> execute_skill('e')
[HealthComponent] 已经死亡，忽略伤害
[HealthComponent] 已经死亡，忽略伤害
[ExplosionArea] 检测到 1 个重叠区域
[ExplosionArea] 区域 1: HurtboxComponent -> 父节点: CLIEnemy_(180_0, 0_0) (类型: Area2D)
[ExplosionArea]   ⚠️ 使用备用伤害方案
[ExplosionArea]   ✅ 造成伤害(备用): 0.0 -> CLIEnemy_(180_0, 0_0)
[ExplosionArea] 共击中 1 个敌人
[HealthComponent] 血量归零，触发死亡信号
[HealthComponent] 已经死亡，忽略伤害
[HealthComponent] 已经死亡，忽略伤害
[ExplosionArea] 检测到 0 个重叠区域
[ExplosionArea] 共击中 0 个敌人
[HealthComponent] 已经死亡，忽略伤害
[PlayerBase] F pressed, ultimate_skill = UltimateSkill:<Node#716521345978>
[PlayerBase] try activate ultimate, energy: 100.0%
[RangeBehavior] ========== 开始远程攻击 ==========
[RangeBehavior] 武器名称: 手枪1级
[RangeBehavior] 武器位置: (756.2428, 328.666)
[RangeBehavior] 武器旋转: -33.7214977059992度
[RangeBehavior] Muzzle 位置: (798.8712, 300.2133)
[RangeBehavior] 生成子弹:
  - 子弹场景: res://scenes/projectiles/projectile_pistol.tscn
  - 生成位置: (798.8712, 300.2133)
  - 角度偏移: 0.0度
  - 速度: (1497.143, -999.2817)
  - 伤害: 11.0
[Projectile] 子弹初始化:
  - 位置: (798.8712, 300.2133)
  - 速度: (1497.143, -999.2817)
  - 伤害: 11.0
  - 暴击: false
  - 击退: 1.0
  - 发射者: PlayerGeneric
  - Hitbox 碰撞层: 4
  - Hitbox 碰撞掩码: 8
[RangeBehavior] 发射 single x1
[Projectile] ========== 子弹命中！==========
[Projectile] 子弹位置: (831.9829, 278.1125)
[Projectile] 目标: CLIEnemy_(180_0, 0_0)
[Projectile] 目标位置: (805.2297, 296.0099)
[Projectile] 子弹销毁
[Projectile] ✓ 生成爆炸: 伤害=1.0, 半径=260.0
[Projectile] 爆炸伤害: 9.9 (基础:11.0 × 倍率:0.9)
[HealthComponent] 已经死亡，忽略伤害
[HealthComponent] 已经死亡，忽略伤害
[ExplosionArea] 检测到 2 个重叠区域
[ExplosionArea] 区域 1: HurtboxComponent -> 父节点: CLIEnemy_(180_0, 0_0) (类型: Area2D)
[ExplosionArea]   ⚠️ 使用备用伤害方案
[ExplosionArea]   ✅ 造成伤害(备用): 9.9 -> CLIEnemy_(180_0, 0_0)
[ExplosionArea] 区域 2: HurtboxComponent -> 父节点: CLIEnemy_(90_0, -120_0) (类型: Area2D)
[ExplosionArea]   ⚠️ 使用备用伤害方案
[ExplosionArea]   ✅ 造成伤害(备用): 9.9 -> CLIEnemy_(90_0, -120_0)
[ExplosionArea] 共击中 2 个敌人
[HealthComponent] 已经死亡，忽略伤害
[HealthComponent] 已经死亡，忽略伤害
[HealthComponent] 已经死亡，忽略伤害
[DebugSwitcher] record saved: d:/Godot/Production/PolyLash_Project/.godot_cli/Roaming/Godot/app_userdata/PolyLash/qa_reports/input_recordings/player_ops_20260315_115929_540_wind.json
[HealthComponent] 已经死亡，忽略伤害
[DebugSwitcher] test mode disabled
[BackgroundManager] 地图纹理大小: (994.000000, 460.000000)
[BackgroundManager] 初始化完成 - 瓦片大小: 2000, 已生成: 25 个瓦片
[ChestManager] 初始化完成 - 生成 2 个宝箱（分散布局）
[ChestManager] 初始化完成 - 预生成 2 个宝箱位置
[ChestIndicator] indicator_show_range = 3000 (from map_config.csv)
[ExitConfirmDialog] _ready() called
[Arena] _ready() 开始
[Arena] 已添加到 arena 组
[Arena] 已启用波末战利品模式，禁用旧宝箱流程
[Arena] 暂停菜单已初始化
[Arena] 商店面板已连接
[Arena] WaveRewardSystem 已创建
[Arena] WaveRewardPanel 已添加到 GameUI
[Arena] WildcardPanel 已添加到 GameUI
[Arena] BattleFlowController 已初始化
[Arena] Spawner 波次完成信号已连接
[Arena] 准备初始化玩家...
[Arena] _init_player_from_selection 开始
[Arena] selected_player_ids: ["wind"]
[Arena] selected_player_weapons: { "wind": "pistol" }
WARNING: [ConfigManager] game_config 缺少键 'enable_wave_recruit_mode'，使用默认值: 1
   at: push_warning (core/variant/variant_utility.cpp:1034)
   GDScript backtrace (most recent call first):
       [0] get_game_setting (res://autoloads/config_manager.gd:590)
       [1] is_wave_recruit_mode_enabled (res://autoloads/global.gd:298)
       [2] enter_wave_recruit_mode (res://autoloads/global.gd:303)
       [3] _init_player_from_selection (res://scenes/arena/arena_core.gd:467)
       [4] _ready (res://scenes/arena/arena_core.gd:117)
[Arena] 场景中没有默认玩家，直接生成选择的角色
[Arena] _spawn_player 开始: player_id=wind, pos=(500.0, 300.0)
[Arena] Global.selected_player_weapons = { "wind": "pistol" }
[Arena] visual_config: { "player_id": "wind", "sprite_path": "res://assets/sprites/Players/Player_2.png", "scene_path": "res://scenes/unit/players/player_generic.tscn", "scale_x": 1.0, "scale_y": 1.0, "color_r": 1.0, "color_g": 1.0, "color_b": 1.0, "color_a": 1.0, "z_index": 1.0 }
[Arena] 创建角色: wind
[PlayerFactory] 设置 player_id: wind
[PlayerFactory] 已加载脚本: res://scenes/unit/players/player_wind.gd (player_id=wind)
[PlayerFactory] 成功创建角色: wind
[Arena] 警告: player_id 不匹配，重新设置:  -> wind
[PlayerBase] player wind has no equipped item
[ItemWeapon] 尝试加载武器场景: res://scenes/weapons/range/weapon_range_physical.tscn
[ItemWeapon] 成功加载武器场景: res://scenes/weapons/range/weapon_range_physical.tscn
[Player] weapon added: 手枪1级 (pistol_1)
[Weapon] _ready() - Sprite2D 初始化:
  - 可见性: true
  - z_index: 2
  - 缩放: (1.0, 1.0)
  - 位置: (27.0, 0.0)
  - Sprite2D 全局位置: (527.0, 300.0)
  - Weapon 全局位置: (500.0, 300.0)
[Player] weapon node added to scene
[Player] weapon position: (0.0, 0.0)
[Player] weapon global position: (500.0, 300.0)
[Player] weapon visible: true
[Player] weapon z_index: 0
[Weapon] 加载贴图: res://assets/sprites/Weapons/Range/WeaponPistol.png
[Weapon] Sprite2D 可见性: true
[Weapon] Sprite2D 位置: (27.0, 0.0)
[Weapon] Sprite2D 缩放: (1.0, 1.0)
[Weapon] 贴图大小: (200.0, 100.0)
[Weapon] 动态创建枪口节点，偏移: (20.0, -2.0)
[Weapon] 武器设置完成: 手枪1级 (pistol_1)
  - 类型: RANGE
  - 等级: 1
  - 形状类型: straight
  - 子弹模式: single
  - 碰撞体位置/缩放: (0.0, 0.0) / (1.0, 1.0)
  - 基础场景: res://scenes/weapons/range/weapon_range_physical.tscn
[Player] weapon position after layout: (0.0, -15.0)
[Player] weapon global position after layout: (500.0, 285.0)
[PlayerBase] player wind loaded 1 weapons
[PlayerBase] death signal connected
[PlayerBase] start loading ultimate, player_id = wind
[PlayerBase] ultimate config loaded: { "ult_id": "wind_ult", "name": "风之升华", "duration": 10.0, "energy_cost": 40.0, "bonus_bond_tag": "commander", "visual_color_hex": "#33FF99", "scale_multiplier": 1.2, "explosion_radius": 260.0, "explosion_damage_scale": 0.9, "description": "风行者开启飓眼迁跃并强化牵引风切", "f_role_id": "wind", "f_internal_cd": 0.95, "f_q_line_amp": 1.5, "f_q_closure_amp": 1.95, "f_special_value_1": 1.15, "f_special_value_2": 260.0, "f_special_value_3": 0.28, "f_bond_o_payload": "tag:nomad|lv2:0.12|lv3:0.24|axis:line", "f_bond_m_payload": "tag:geometrist|lv2:0.16|lv3:0.32|axis:closure", "f_bond_t_payload": "tag:commander|lv2:0.10|lv3:0.20|axis:tempo" }
[PlayerBase] ultimate script loaded: (res://scenes/skills/players/f_roles/skill_wind_f.gd):<GDScript#-9223371357612404677>
[PlayerBase] ultimate node created
[PlayerBase] ultimate load complete: 风之升华
[SkillDrawingBase] _ready(): skill_wind_q, skill_owner=PlayerGeneric:<Area2D#796448003154>
[SkillDrawingBase] Line2D 创建成功: skill_wind_q
[Arena] 生成角色成功: wind 在位置 (500.0, 300.0)
[Arena] 玩家初始化完成
[CharacterSlot] 加载角色图标: wind -> res://assets/sprites/Players/Player_2.png
[SquadHUD] 初始化 1 个角色卡槽
[Arena] 小队 HUD 初始化完成
[Arena] ===== _init_bond_hud() 开始 =====
[Arena] ✅ 找到 GameUI 节点: /root/Arena/GameUI
[Arena] ✅ BondHUD 场景加载成功
[Arena] ✅ BondHUD 实例化成功
[Arena] ✅ BondHUD 已添加到 GameUI
[Arena] BondHUD 路径: /root/Arena/GameUI/BondHUD
[Arena] BondHUD 可见性: true
[Arena] _ready() 完成，飘字保护已解除
[PlayerBase] SkillManager already exists (created by child: @Node@2280), loaded=3, skip auto create
[Arena] ===== 角色切换开始 =====
[Arena] 收到角色切换请求: wind
[Arena] 跳过自动保存（QEF测试模式）: character_switch
[Arena] 当前玩家: wind
[Arena] 当前玩家位置: (500.0, 300.0)
[Arena] 不清理旧玩家的技能效果（默认行为）
[Arena] 调用 player.queue_free()
[Arena] 等待一帧...
[DebugSwitcher] test mode enabled: wave_time=999, key8 toggles recording
[Arena] 玩家死亡信号已连接
[Arena] 触发 BondManager 重新计算羁绊...
[Arena] 当前队伍: ["blacksmith", "medic", "wind"]
[Arena] ✅ 羁绊计算完成
[PlayerBase] Bond stat modifiers applied:
  HP: 93 -> 93
  Speed: 600
  EnergyRegen: 0.6
  PickupRange: 150
  Damage: 10
[Arena] ✅ 羁绊属性已应用到玩家
[Arena] ===== _init_bond_hud() 完成 =====
[Arena] 玩家死亡信号已连接
[Arena] 等待完成，开始生成新角色
[Arena] _spawn_player 开始: player_id=wind, pos=(500.0, 300.0)
[Arena] Global.selected_player_weapons = { "blacksmith": "punch", "medic": "punch", "wind": "pistol" }
[Arena] visual_config: { "player_id": "wind", "sprite_path": "res://assets/sprites/Players/Player_2.png", "scene_path": "res://scenes/unit/players/player_generic.tscn", "scale_x": 1.0, "scale_y": 1.0, "color_r": 1.0, "color_g": 1.0, "color_b": 1.0, "color_a": 1.0, "z_index": 1.0 }
[Arena] 创建角色: wind
[PlayerFactory] 设置 player_id: wind
[PlayerFactory] 已加载脚本: res://scenes/unit/players/player_wind.gd (player_id=wind)
[PlayerFactory] 成功创建角色: wind
[Arena] 警告: player_id 不匹配，重新设置:  -> wind
[PlayerBase] player wind has no equipped item
[ItemWeapon] 尝试加载武器场景: res://scenes/weapons/range/weapon_range_physical.tscn
[ItemWeapon] 成功加载武器场景: res://scenes/weapons/range/weapon_range_physical.tscn
[Player] weapon added: 手枪1级 (pistol_1)
[Weapon] _ready() - Sprite2D 初始化:
  - 可见性: true
  - z_index: 2
  - 缩放: (1.0, 1.0)
  - 位置: (27.0, 0.0)
  - Sprite2D 全局位置: (527.0, 300.0)
  - Weapon 全局位置: (500.0, 300.0)
[Player] weapon node added to scene
[Player] weapon position: (0.0, 0.0)
[Player] weapon global position: (500.0, 300.0)
[Player] weapon visible: true
[Player] weapon z_index: 0
[Weapon] 加载贴图: res://assets/sprites/Weapons/Range/WeaponPistol.png
[Weapon] Sprite2D 可见性: true
[Weapon] Sprite2D 位置: (27.0, 0.0)
[Weapon] Sprite2D 缩放: (1.0, 1.0)
[Weapon] 贴图大小: (200.0, 100.0)
[Weapon] 动态创建枪口节点，偏移: (20.0, -2.0)
[Weapon] 武器设置完成: 手枪1级 (pistol_1)
  - 类型: RANGE
  - 等级: 1
  - 形状类型: straight
  - 子弹模式: single
  - 碰撞体位置/缩放: (0.0, 0.0) / (1.0, 1.0)
  - 基础场景: res://scenes/weapons/range/weapon_range_physical.tscn
[Player] weapon position after layout: (0.0, -15.0)
[Player] weapon global position after layout: (500.0, 285.0)
[PlayerBase] player wind loaded 1 weapons
[PlayerBase] death signal connected
[PlayerBase] start loading ultimate, player_id = wind
[PlayerBase] ultimate config loaded: { "ult_id": "wind_ult", "name": "风之升华", "duration": 10.0, "energy_cost": 40.0, "bonus_bond_tag": "commander", "visual_color_hex": "#33FF99", "scale_multiplier": 1.2, "explosion_radius": 260.0, "explosion_damage_scale": 0.9, "description": "风行者开启飓眼迁跃并强化牵引风切", "f_role_id": "wind", "f_internal_cd": 0.95, "f_q_line_amp": 1.5, "f_q_closure_amp": 1.95, "f_special_value_1": 1.15, "f_special_value_2": 260.0, "f_special_value_3": 0.28, "f_bond_o_payload": "tag:nomad|lv2:0.12|lv3:0.24|axis:line", "f_bond_m_payload": "tag:geometrist|lv2:0.16|lv3:0.32|axis:closure", "f_bond_t_payload": "tag:commander|lv2:0.10|lv3:0.20|axis:tempo" }
[PlayerBase] ultimate script loaded: (res://scenes/skills/players/f_roles/skill_wind_f.gd):<GDScript#-9223371357612404677>
[PlayerBase] ultimate node created
[PlayerBase] ultimate load complete: 风之升华
[SkillDrawingBase] _ready(): skill_wind_q, skill_owner=PlayerGeneric:<Area2D#805792912466>
[SkillDrawingBase] Line2D 创建成功: skill_wind_q
[Arena] 生成角色成功: wind 在位置 (500.0, 300.0)
[PlayerBase] Bond stat modifiers applied:
  HP: 93 -> 93
  Speed: 600
  EnergyRegen: 0.6
  PickupRange: 150
  Damage: 10
[Arena] ✅ 角色切换后羁绊属性已重新应用
[Arena] ===== 角色切换结束 =====
[PlayerBase] SkillManager already exists (created by child: @Node@2292), loaded=3, skip auto create
[Arena] 玩家死亡信号已连接
[DebugSwitcher] replay started: d:/Godot/Production/PolyLash_Project/.godot_cli/Roaming/Godot/app_userdata/PolyLash/qa_reports/input_recordings/player_ops_20260315_115929_540_wind.json
[Arena] ===== 角色切换开始 =====
[Arena] 收到角色切换请求: wind
[Arena] 跳过自动保存（QEF测试模式）: character_switch
[Arena] 当前玩家: wind
[Arena] 当前玩家位置: (500.0, 300.0)
[Arena] 不清理旧玩家的技能效果（默认行为）
[Arena] 调用 player.queue_free()
[Arena] 等待一帧...
[Arena] 等待完成，开始生成新角色
[Arena] _spawn_player 开始: player_id=wind, pos=(500.0, 300.0)
[Arena] Global.selected_player_weapons = { "blacksmith": "punch", "medic": "punch", "wind": "pistol" }
[Arena] visual_config: { "player_id": "wind", "sprite_path": "res://assets/sprites/Players/Player_2.png", "scene_path": "res://scenes/unit/players/player_generic.tscn", "scale_x": 1.0, "scale_y": 1.0, "color_r": 1.0, "color_g": 1.0, "color_b": 1.0, "color_a": 1.0, "z_index": 1.0 }
[Arena] 创建角色: wind
[PlayerFactory] 设置 player_id: wind
[PlayerFactory] 已加载脚本: res://scenes/unit/players/player_wind.gd (player_id=wind)
[PlayerFactory] 成功创建角色: wind
[Arena] 警告: player_id 不匹配，重新设置:  -> wind
[PlayerBase] player wind has no equipped item
[ItemWeapon] 尝试加载武器场景: res://scenes/weapons/range/weapon_range_physical.tscn
[ItemWeapon] 成功加载武器场景: res://scenes/weapons/range/weapon_range_physical.tscn
[Player] weapon added: 手枪1级 (pistol_1)
[Weapon] _ready() - Sprite2D 初始化:
  - 可见性: true
  - z_index: 2
  - 缩放: (1.0, 1.0)
  - 位置: (27.0, 0.0)
  - Sprite2D 全局位置: (527.0, 300.0)
  - Weapon 全局位置: (500.0, 300.0)
[Player] weapon node added to scene
[Player] weapon position: (0.0, 0.0)
[Player] weapon global position: (500.0, 300.0)
[Player] weapon visible: true
[Player] weapon z_index: 0
[Weapon] 加载贴图: res://assets/sprites/Weapons/Range/WeaponPistol.png
[Weapon] Sprite2D 可见性: true
[Weapon] Sprite2D 位置: (27.0, 0.0)
[Weapon] Sprite2D 缩放: (1.0, 1.0)
[Weapon] 贴图大小: (200.0, 100.0)
[Weapon] 动态创建枪口节点，偏移: (20.0, -2.0)
[Weapon] 武器设置完成: 手枪1级 (pistol_1)
  - 类型: RANGE
  - 等级: 1
  - 形状类型: straight
  - 子弹模式: single
  - 碰撞体位置/缩放: (0.0, 0.0) / (1.0, 1.0)
  - 基础场景: res://scenes/weapons/range/weapon_range_physical.tscn
[Player] weapon position after layout: (0.0, -15.0)
[Player] weapon global position after layout: (500.0, 285.0)
[PlayerBase] player wind loaded 1 weapons
[PlayerBase] death signal connected
[PlayerBase] start loading ultimate, player_id = wind
[PlayerBase] ultimate config loaded: { "ult_id": "wind_ult", "name": "风之升华", "duration": 10.0, "energy_cost": 40.0, "bonus_bond_tag": "commander", "visual_color_hex": "#33FF99", "scale_multiplier": 1.2, "explosion_radius": 260.0, "explosion_damage_scale": 0.9, "description": "风行者开启飓眼迁跃并强化牵引风切", "f_role_id": "wind", "f_internal_cd": 0.95, "f_q_line_amp": 1.5, "f_q_closure_amp": 1.95, "f_special_value_1": 1.15, "f_special_value_2": 260.0, "f_special_value_3": 0.28, "f_bond_o_payload": "tag:nomad|lv2:0.12|lv3:0.24|axis:line", "f_bond_m_payload": "tag:geometrist|lv2:0.16|lv3:0.32|axis:closure", "f_bond_t_payload": "tag:commander|lv2:0.10|lv3:0.20|axis:tempo" }
[PlayerBase] ultimate script loaded: (res://scenes/skills/players/f_roles/skill_wind_f.gd):<GDScript#-9223371357612404677>
[PlayerBase] ultimate node created
[PlayerBase] ultimate load complete: 风之升华
[SkillDrawingBase] _ready(): skill_wind_q, skill_owner=PlayerGeneric:<Area2D#817553740883>
[SkillDrawingBase] Line2D 创建成功: skill_wind_q
[Arena] 生成角色成功: wind 在位置 (500.0, 300.0)
[PlayerBase] Bond stat modifiers applied:
  HP: 93 -> 93
  Speed: 600
  EnergyRegen: 0.6
  PickupRange: 150
  Damage: 10
[Arena] ✅ 角色切换后羁绊属性已重新应用
[Arena] ===== 角色切换结束 =====
[PlayerBase] SkillManager already exists (created by child: @Node@2302), loaded=3, skip auto create
[Arena] 玩家死亡信号已连接
[RangeBehavior] ========== 开始远程攻击 ==========
[RangeBehavior] 武器名称: 手枪1级
[RangeBehavior] 武器位置: (500.0, 285.0)
[RangeBehavior] 武器旋转: -50.8809990332952度
[RangeBehavior] Muzzle 位置: (531.5466, 246.2081)
[RangeBehavior] 生成子弹:
  - 子弹场景: res://scenes/projectiles/projectile_pistol.tscn
  - 生成位置: (531.5466, 246.2081)
  - 角度偏移: 0.0度
  - 速度: (1135.68, -1396.507)
  - 伤害: 11.0
[Projectile] 子弹初始化:
  - 位置: (531.5466, 246.2081)
  - 速度: (1135.68, -1396.507)
  - 伤害: 11.0
  - 暴击: false
  - 击退: 1.0
  - 发射者: PlayerGeneric
  - Hitbox 碰撞层: 4
  - Hitbox 碰撞掩码: 8
[RangeBehavior] 发射 single x1
[skill_wind_q] ===== 鏉╂稑鍙嗙憴鍕灊濡€崇础 ===== 鐠ч鍋? (500.0002, 299.364), line_2d閺堝鏅? true
[Projectile] ========== 子弹命中！==========
[Projectile] 子弹位置: (570.6008, 198.1835)
[Projectile] 目标: CLIEnemy_(90_0, -120_0)
[Projectile] 目标位置: (580.1865, 190.8507)
[Projectile] 子弹销毁
[DebugSwitcher] test mode disabled
[DebugSwitcher] replay stopped
[BackgroundManager] 地图纹理大小: (994.000000, 460.000000)
[BackgroundManager] 初始化完成 - 瓦片大小: 2000, 已生成: 25 个瓦片
[ChestManager] 初始化完成 - 生成 2 个宝箱（分散布局）
[ChestManager] 初始化完成 - 预生成 2 个宝箱位置
[ChestIndicator] indicator_show_range = 3000 (from map_config.csv)
[ExitConfirmDialog] _ready() called
[Arena] _ready() 开始
[Arena] 已添加到 arena 组
[Arena] 已启用波末战利品模式，禁用旧宝箱流程
[Arena] 暂停菜单已初始化
[Arena] 商店面板已连接
[Arena] WaveRewardSystem 已创建
[Arena] WaveRewardPanel 已添加到 GameUI
[Arena] WildcardPanel 已添加到 GameUI
[Arena] BattleFlowController 已初始化
[Arena] Spawner 波次完成信号已连接
[Arena] 准备初始化玩家...
[Arena] _init_player_from_selection 开始
[Arena] selected_player_ids: ["lurewarden"]
[Arena] selected_player_weapons: { "lurewarden": "pistol" }
WARNING: [ConfigManager] game_config 缺少键 'enable_wave_recruit_mode'，使用默认值: 1
   at: push_warning (core/variant/variant_utility.cpp:1034)
   GDScript backtrace (most recent call first):
       [0] get_game_setting (res://autoloads/config_manager.gd:590)
       [1] is_wave_recruit_mode_enabled (res://autoloads/global.gd:298)
       [2] enter_wave_recruit_mode (res://autoloads/global.gd:303)
       [3] _init_player_from_selection (res://scenes/arena/arena_core.gd:467)
       [4] _ready (res://scenes/arena/arena_core.gd:117)
[Arena] 场景中没有默认玩家，直接生成选择的角色
[Arena] _spawn_player 开始: player_id=lurewarden, pos=(500.0, 300.0)
[Arena] Global.selected_player_weapons = { "lurewarden": "pistol" }
[Arena] visual_config: { "player_id": "lurewarden", "sprite_path": "res://assets/sprites/Players/Player_7.png", "scene_path": "res://scenes/unit/players/player_generic.tscn", "scale_x": 1.0, "scale_y": 1.0, "color_r": 1.0, "color_g": 1.0, "color_b": 1.0, "color_a": 1.0, "z_index": 1.0 }
[Arena] 创建角色: lurewarden
[PlayerFactory] 设置 player_id: lurewarden
[PlayerFactory] 已加载脚本: res://scenes/unit/players/player_lurewarden.gd (player_id=lurewarden)
[PlayerFactory] 成功创建角色: lurewarden
[Arena] 警告: player_id 不匹配，重新设置:  -> lurewarden
[PlayerBase] player lurewarden has no equipped item
[ItemWeapon] 尝试加载武器场景: res://scenes/weapons/range/weapon_range_physical.tscn
[ItemWeapon] 成功加载武器场景: res://scenes/weapons/range/weapon_range_physical.tscn
[Player] weapon added: 手枪1级 (pistol_1)
[Weapon] _ready() - Sprite2D 初始化:
  - 可见性: true
  - z_index: 2
  - 缩放: (1.0, 1.0)
  - 位置: (27.0, 0.0)
  - Sprite2D 全局位置: (527.0, 300.0)
  - Weapon 全局位置: (500.0, 300.0)
[Player] weapon node added to scene
[Player] weapon position: (0.0, 0.0)
[Player] weapon global position: (500.0, 300.0)
[Player] weapon visible: true
[Player] weapon z_index: 0
[Weapon] 加载贴图: res://assets/sprites/Weapons/Range/WeaponPistol.png
[Weapon] Sprite2D 可见性: true
[Weapon] Sprite2D 位置: (27.0, 0.0)
[Weapon] Sprite2D 缩放: (1.0, 1.0)
[Weapon] 贴图大小: (200.0, 100.0)
[Weapon] 动态创建枪口节点，偏移: (20.0, -2.0)
[Weapon] 武器设置完成: 手枪1级 (pistol_1)
  - 类型: RANGE
  - 等级: 1
  - 形状类型: straight
  - 子弹模式: single
  - 碰撞体位置/缩放: (0.0, 0.0) / (1.0, 1.0)
  - 基础场景: res://scenes/weapons/range/weapon_range_physical.tscn
[Player] weapon position after layout: (0.0, -15.0)
[Player] weapon global position after layout: (500.0, 285.0)
[PlayerBase] player lurewarden loaded 1 weapons
[PlayerBase] death signal connected
[PlayerBase] start loading ultimate, player_id = lurewarden
[PlayerBase] ultimate config loaded: { "ult_id": "lurewarden_ult", "name": "诱猎号令", "duration": 10.0, "energy_cost": 40.0, "bonus_bond_tag": "commander", "visual_color_hex": "#66FF33", "scale_multiplier": 1.2, "explosion_radius": 280.0, "explosion_damage_scale": 1.0, "description": "诱猎师开启诱猎号令并强化诱饵围捕", "f_role_id": "lurewarden", "f_internal_cd": 0.95, "f_q_line_amp": 1.48, "f_q_closure_amp": 1.96, "f_special_value_1": 1.18, "f_special_value_2": 250.0, "f_special_value_3": 0.3, "f_bond_o_payload": "tag:alchemist|lv2:0.12|lv3:0.24|axis:line", "f_bond_m_payload": "tag:architect|lv2:0.16|lv3:0.32|axis:closure", "f_bond_t_payload": "tag:commander|lv2:0.10|lv3:0.20|axis:tempo" }
[PlayerBase] ultimate script loaded: (res://scenes/skills/players/f_roles/skill_lurewarden_f.gd):<GDScript#-9223371775532856815>
[PlayerBase] ultimate node created
[PlayerBase] ultimate load complete: 诱猎号令
[SkillDrawingBase] _ready(): skill_lurewarden_q, skill_owner=PlayerGeneric:<Area2D#862969665014>
[SkillDrawingBase] Line2D 创建成功: skill_lurewarden_q
[Arena] 生成角色成功: lurewarden 在位置 (500.0, 300.0)
[Arena] 玩家初始化完成
[CharacterSlot] 加载角色图标: lurewarden -> res://assets/sprites/Players/Player_7.png
[SquadHUD] 初始化 1 个角色卡槽
[Arena] 小队 HUD 初始化完成
[Arena] ===== _init_bond_hud() 开始 =====
[Arena] ✅ 找到 GameUI 节点: /root/Arena/GameUI
[Arena] ✅ BondHUD 场景加载成功
[Arena] ✅ BondHUD 实例化成功
[Arena] ✅ BondHUD 已添加到 GameUI
[Arena] BondHUD 路径: /root/Arena/GameUI/BondHUD
[Arena] BondHUD 可见性: true
[Arena] _ready() 完成，飘字保护已解除
[PlayerBase] SkillManager already exists (created by child: @Node@2343), loaded=3, skip auto create
[Arena] ===== 角色切换开始 =====
[Arena] 收到角色切换请求: lurewarden
[Arena] 跳过自动保存（QEF测试模式）: character_switch
[Arena] 当前玩家: lurewarden
[Arena] 当前玩家位置: (500.0, 300.0)
[Arena] 不清理旧玩家的技能效果（默认行为）
[Arena] 调用 player.queue_free()
[Arena] 等待一帧...
[DebugSwitcher] test mode enabled: wave_time=999, key8 toggles recording
[Arena] 玩家死亡信号已连接
[Arena] 触发 BondManager 重新计算羁绊...
[Arena] 当前队伍: ["sapper", "spiritcaller", "lurewarden"]
[Arena] ✅ 羁绊计算完成
[PlayerBase] Bond stat modifiers applied:
  HP: 108 -> 141
  Speed: 640
  EnergyRegen: 0.7
  PickupRange: 225
  Damage: 10
[Arena] ✅ 羁绊属性已应用到玩家
[Arena] ===== _init_bond_hud() 完成 =====
[Arena] 玩家死亡信号已连接
[skill_lurewarden_q] ===== 鏉╂稑鍙嗙憴鍕灊濡€崇础 ===== 鐠ч鍋? (0.000244, -0.636047), line_2d閺堝鏅? true
[Arena] 等待完成，开始生成新角色
[Arena] _spawn_player 开始: player_id=lurewarden, pos=(500.0, 300.0)
[Arena] Global.selected_player_weapons = { "sapper": "pistol", "spiritcaller": "punch", "lurewarden": "pistol" }
[Arena] visual_config: { "player_id": "lurewarden", "sprite_path": "res://assets/sprites/Players/Player_7.png", "scene_path": "res://scenes/unit/players/player_generic.tscn", "scale_x": 1.0, "scale_y": 1.0, "color_r": 1.0, "color_g": 1.0, "color_b": 1.0, "color_a": 1.0, "z_index": 1.0 }
[Arena] 创建角色: lurewarden
[PlayerFactory] 设置 player_id: lurewarden
[PlayerFactory] 已加载脚本: res://scenes/unit/players/player_lurewarden.gd (player_id=lurewarden)
[PlayerFactory] 成功创建角色: lurewarden
[Arena] 警告: player_id 不匹配，重新设置:  -> lurewarden
[PlayerBase] player lurewarden has no equipped item
[ItemWeapon] 尝试加载武器场景: res://scenes/weapons/range/weapon_range_physical.tscn
[ItemWeapon] 成功加载武器场景: res://scenes/weapons/range/weapon_range_physical.tscn
[Player] weapon added: 手枪1级 (pistol_1)
[Weapon] _ready() - Sprite2D 初始化:
  - 可见性: true
  - z_index: 2
  - 缩放: (1.0, 1.0)
  - 位置: (27.0, 0.0)
  - Sprite2D 全局位置: (527.0, 300.0)
  - Weapon 全局位置: (500.0, 300.0)
[Player] weapon node added to scene
[Player] weapon position: (0.0, 0.0)
[Player] weapon global position: (500.0, 300.0)
[Player] weapon visible: true
[Player] weapon z_index: 0
[Weapon] 加载贴图: res://assets/sprites/Weapons/Range/WeaponPistol.png
[Weapon] Sprite2D 可见性: true
[Weapon] Sprite2D 位置: (27.0, 0.0)
[Weapon] Sprite2D 缩放: (1.0, 1.0)
[Weapon] 贴图大小: (200.0, 100.0)
[Weapon] 动态创建枪口节点，偏移: (20.0, -2.0)
[Weapon] 武器设置完成: 手枪1级 (pistol_1)
  - 类型: RANGE
  - 等级: 1
  - 形状类型: straight
  - 子弹模式: single
  - 碰撞体位置/缩放: (0.0, 0.0) / (1.0, 1.0)
  - 基础场景: res://scenes/weapons/range/weapon_range_physical.tscn
[Player] weapon position after layout: (0.0, -15.0)
[Player] weapon global position after layout: (500.0, 285.0)
[PlayerBase] player lurewarden loaded 1 weapons
[PlayerBase] death signal connected
[PlayerBase] start loading ultimate, player_id = lurewarden
[PlayerBase] ultimate config loaded: { "ult_id": "lurewarden_ult", "name": "诱猎号令", "duration": 10.0, "energy_cost": 40.0, "bonus_bond_tag": "commander", "visual_color_hex": "#66FF33", "scale_multiplier": 1.2, "explosion_radius": 280.0, "explosion_damage_scale": 1.0, "description": "诱猎师开启诱猎号令并强化诱饵围捕", "f_role_id": "lurewarden", "f_internal_cd": 0.95, "f_q_line_amp": 1.48, "f_q_closure_amp": 1.96, "f_special_value_1": 1.18, "f_special_value_2": 250.0, "f_special_value_3": 0.3, "f_bond_o_payload": "tag:alchemist|lv2:0.12|lv3:0.24|axis:line", "f_bond_m_payload": "tag:architect|lv2:0.16|lv3:0.32|axis:closure", "f_bond_t_payload": "tag:commander|lv2:0.10|lv3:0.20|axis:tempo" }
[PlayerBase] ultimate script loaded: (res://scenes/skills/players/f_roles/skill_lurewarden_f.gd):<GDScript#-9223371775532856815>
[PlayerBase] ultimate node created
[PlayerBase] ultimate load complete: 诱猎号令
[SkillDrawingBase] _ready(): skill_lurewarden_q, skill_owner=PlayerGeneric:<Area2D#875351248628>
[SkillDrawingBase] Line2D 创建成功: skill_lurewarden_q
[Arena] 生成角色成功: lurewarden 在位置 (500.0, 300.0)
[PlayerBase] Bond stat modifiers applied:
  HP: 108 -> 141
  Speed: 640
  EnergyRegen: 0.7
  PickupRange: 225
  Damage: 10
[Arena] ✅ 角色切换后羁绊属性已重新应用
[Arena] ===== 角色切换结束 =====
[PlayerBase] SkillManager already exists (created by child: @Node@2364), loaded=3, skip auto create
[skill_lurewarden_q] ===== 鏉╂稑鍙嗙憴鍕灊濡€崇础 ===== 鐠ч鍋? (500.0002, 299.364), line_2d閺堝鏅? true
[Arena] 玩家死亡信号已连接
[Arena] ===== 角色切换开始 =====
[Arena] 收到角色切换请求: lurewarden
[Arena] 跳过自动保存（QEF测试模式）: character_switch
[Arena] 当前玩家: lurewarden
[Arena] 当前玩家位置: (500.0, 300.0)
[Arena] 不清理旧玩家的技能效果（默认行为）
[Arena] 调用 player.queue_free()
[Arena] 等待一帧...
[DebugSwitcher] recording started: d:/Godot/Production/PolyLash_Project/.godot_cli/Roaming/Godot/app_userdata/PolyLash/qa_reports/input_recordings/player_ops_20260315_115932_069_lurewarden.json
[skill_lurewarden_q] ===== 鏉╂稑鍙嗙憴鍕灊濡€崇础 ===== 鐠ч鍋? (500.0002, 299.364), line_2d閺堝鏅? true
[Arena] 等待完成，开始生成新角色
[Arena] _spawn_player 开始: player_id=lurewarden, pos=(500.0, 300.0)
[Arena] Global.selected_player_weapons = { "sapper": "pistol", "spiritcaller": "punch", "lurewarden": "pistol" }
[Arena] visual_config: { "player_id": "lurewarden", "sprite_path": "res://assets/sprites/Players/Player_7.png", "scene_path": "res://scenes/unit/players/player_generic.tscn", "scale_x": 1.0, "scale_y": 1.0, "color_r": 1.0, "color_g": 1.0, "color_b": 1.0, "color_a": 1.0, "z_index": 1.0 }
[Arena] 创建角色: lurewarden
[PlayerFactory] 设置 player_id: lurewarden
[PlayerFactory] 已加载脚本: res://scenes/unit/players/player_lurewarden.gd (player_id=lurewarden)
[PlayerFactory] 成功创建角色: lurewarden
[Arena] 警告: player_id 不匹配，重新设置:  -> lurewarden
[PlayerBase] player lurewarden has no equipped item
[ItemWeapon] 尝试加载武器场景: res://scenes/weapons/range/weapon_range_physical.tscn
[ItemWeapon] 成功加载武器场景: res://scenes/weapons/range/weapon_range_physical.tscn
[Player] weapon added: 手枪1级 (pistol_1)
[Weapon] _ready() - Sprite2D 初始化:
  - 可见性: true
  - z_index: 2
  - 缩放: (1.0, 1.0)
  - 位置: (27.0, 0.0)
  - Sprite2D 全局位置: (527.0, 300.0)
  - Weapon 全局位置: (500.0, 300.0)
[Player] weapon node added to scene
[Player] weapon position: (0.0, 0.0)
[Player] weapon global position: (500.0, 300.0)
[Player] weapon visible: true
[Player] weapon z_index: 0
[Weapon] 加载贴图: res://assets/sprites/Weapons/Range/WeaponPistol.png
[Weapon] Sprite2D 可见性: true
[Weapon] Sprite2D 位置: (27.0, 0.0)
[Weapon] Sprite2D 缩放: (1.0, 1.0)
[Weapon] 贴图大小: (200.0, 100.0)
[Weapon] 动态创建枪口节点，偏移: (20.0, -2.0)
[Weapon] 武器设置完成: 手枪1级 (pistol_1)
  - 类型: RANGE
  - 等级: 1
  - 形状类型: straight
  - 子弹模式: single
  - 碰撞体位置/缩放: (0.0, 0.0) / (1.0, 1.0)
  - 基础场景: res://scenes/weapons/range/weapon_range_physical.tscn
[Player] weapon position after layout: (0.0, -15.0)
[Player] weapon global position after layout: (500.0, 285.0)
[PlayerBase] player lurewarden loaded 1 weapons
[PlayerBase] death signal connected
[PlayerBase] start loading ultimate, player_id = lurewarden
[PlayerBase] ultimate config loaded: { "ult_id": "lurewarden_ult", "name": "诱猎号令", "duration": 10.0, "energy_cost": 40.0, "bonus_bond_tag": "commander", "visual_color_hex": "#66FF33", "scale_multiplier": 1.2, "explosion_radius": 280.0, "explosion_damage_scale": 1.0, "description": "诱猎师开启诱猎号令并强化诱饵围捕", "f_role_id": "lurewarden", "f_internal_cd": 0.95, "f_q_line_amp": 1.48, "f_q_closure_amp": 1.96, "f_special_value_1": 1.18, "f_special_value_2": 250.0, "f_special_value_3": 0.3, "f_bond_o_payload": "tag:alchemist|lv2:0.12|lv3:0.24|axis:line", "f_bond_m_payload": "tag:architect|lv2:0.16|lv3:0.32|axis:closure", "f_bond_t_payload": "tag:commander|lv2:0.10|lv3:0.20|axis:tempo" }
[PlayerBase] ultimate script loaded: (res://scenes/skills/players/f_roles/skill_lurewarden_f.gd):<GDScript#-9223371775532856815>
[PlayerBase] ultimate node created
[PlayerBase] ultimate load complete: 诱猎号令
[SkillDrawingBase] _ready(): skill_lurewarden_q, skill_owner=PlayerGeneric:<Area2D#884612271860>
[SkillDrawingBase] Line2D 创建成功: skill_lurewarden_q
[Arena] 生成角色成功: lurewarden 在位置 (500.0, 300.0)
[PlayerBase] Bond stat modifiers applied:
  HP: 108 -> 141
  Speed: 640
  EnergyRegen: 0.7
  PickupRange: 225
  Damage: 10
[Arena] ✅ 角色切换后羁绊属性已重新应用
[Arena] ===== 角色切换结束 =====
[PlayerBase] SkillManager already exists (created by child: @Node@2374), loaded=3, skip auto create
[skill_lurewarden_q] ===== 鏉╂稑鍙嗙憴鍕灊濡€崇础 ===== 鐠ч鍋? (500.0002, 299.364), line_2d閺堝鏅? true
[Arena] 玩家死亡信号已连接
[RangeBehavior] ========== 开始远程攻击 ==========
[RangeBehavior] 武器名称: 手枪1级
[RangeBehavior] 武器位置: (500.0, 285.0)
[RangeBehavior] 武器旋转: -46.7384209997907度
[RangeBehavior] Muzzle 位置: (534.2665, 248.5884)
[RangeBehavior] 生成子弹:
  - 子弹场景: res://scenes/projectiles/projectile_pistol.tscn
  - 生成位置: (534.2665, 248.5884)
  - 角度偏移: 0.0度
  - 速度: (1233.594, -1310.818)
  - 伤害: 17.0
[Projectile] 子弹初始化:
  - 位置: (534.2665, 248.5884)
  - 速度: (1233.594, -1310.818)
  - 伤害: 17.0
  - 暴击: true
  - 击退: 1.0
  - 发射者: PlayerGeneric
  - Hitbox 碰撞层: 4
  - Hitbox 碰撞掩码: 8
[RangeBehavior] 发射 single x1
[Projectile] ========== 子弹命中！==========
[Projectile] 子弹位置: (583.5831, 196.184)
[Projectile] 目标: CLIEnemy_(90_0, -120_0)
[Projectile] 目标位置: (583.5012, 186.8844)
[Projectile] 子弹销毁
[RangeBehavior] 攻击结束
[PlayerBase] Q released -> release_skill('q')
[skill_lurewarden_q] ===== 退出规划模式 ===== 点数: 91, 闭合: false
[skill_lurewarden_q] 最终闭合判定: false
[skill_lurewarden_q] 閻㈢喐鍨氬鈧弨鎹愮熅瀵板嫭鏅ラ弸婊愮礉閸樼喎顫愰悙瑙勬殶: 91, 閸氬牆鑻熺痪鎸庮唽閺? 9
[skill_lurewarden_q] [P0-2] 线段持续加成: 5.0s -> 8.0s (+3.0s)
[skill_lurewarden_q] [P0-2] 线段持续加成: 5.0s -> 8.0s (+3.0s)
[skill_lurewarden_q] [P0-2] 线段持续加成: 5.0s -> 8.0s (+3.0s)
[skill_lurewarden_q] [P0-2] 线段持续加成: 5.0s -> 8.0s (+3.0s)
[skill_lurewarden_q] [P0-2] 线段持续加成: 5.0s -> 8.0s (+3.0s)
[skill_lurewarden_q] [P0-2] 线段持续加成: 5.0s -> 8.0s (+3.0s)
[skill_lurewarden_q] [P0-2] 线段持续加成: 5.0s -> 8.0s (+3.0s)
[skill_lurewarden_q] [P0-2] 线段持续加成: 5.0s -> 8.0s (+3.0s)
[skill_lurewarden_q] [P0-2] 线段持续加成: 5.0s -> 8.0s (+3.0s)
[skill_lurewarden_q] [P0-2] 线段持续加成: 5.0s -> 8.0s (+3.0s)
[skill_lurewarden_q] open-path effects spawned
[skill_lurewarden_q] [P0-2] 线段持续加成: 5.0s -> 8.0s (+3.0s)
[PlayerBase] E pressed -> execute_skill('e')
[HealthComponent] 血量归零，触发死亡信号
[HealthComponent] 血量归零，触发死亡信号
[HealthComponent] 血量归零，触发死亡信号
[ExplosionArea] 检测到 2 个重叠区域
[ExplosionArea] 区域 1: HurtboxComponent -> 父节点: CLIEnemy_(180_0, 0_0) (类型: Area2D)
[ExplosionArea]   ⚠️ 使用备用伤害方案
[ExplosionArea]   ✅ 造成伤害(备用): 0.0 -> CLIEnemy_(180_0, 0_0)
[ExplosionArea] 区域 2: HurtboxComponent -> 父节点: CLIEnemy_(120_0, 90_0) (类型: Area2D)
[ExplosionArea]   ⚠️ 使用备用伤害方案
[ExplosionArea]   ✅ 造成伤害(备用): 0.0 -> CLIEnemy_(120_0, 90_0)
[ExplosionArea] 共击中 2 个敌人
[RangeBehavior] ========== 开始远程攻击 ==========
[RangeBehavior] 武器名称: 手枪1级
[RangeBehavior] 武器位置: (714.9792, 290.5006)
[RangeBehavior] 武器旋转: 173.493676088629度
[RangeBehavior] Muzzle 位置: (665.06, 287.6605)
[RangeBehavior] 生成子弹:
  - 子弹场景: res://scenes/projectiles/projectile_pistol.tscn
  - 生成位置: (665.06, 287.6605)
  - 角度偏移: 0.0度
  - 速度: (-1788.407, 203.9632)
  - 伤害: 11.0
[Projectile] 子弹初始化:
  - 位置: (665.06, 287.6605)
  - 速度: (-1788.407, 203.9632)
  - 伤害: 11.0
  - 暴击: false
  - 击退: 1.0
  - 发射者: PlayerGeneric
  - Hitbox 碰撞层: 4
  - Hitbox 碰撞掩码: 8
[RangeBehavior] 发射 single x1
[PlayerBase] F pressed, ultimate_skill = UltimateSkill:<Node#886407435727>
[PlayerBase] try activate ultimate, energy: 100.0%
[Projectile] ========== 子弹命中！==========
[Projectile] 子弹位置: (617.3499, 293.1017)
[Projectile] 目标: CLIEnemy_(180_0, 0_0)
[Projectile] 目标位置: (655.1786, 297.3256)
[Projectile] 子弹销毁
[Projectile] ========== 子弹命中！==========
[Projectile] 子弹位置: (617.3499, 293.1017)
[Projectile] 目标: CLIEnemy_(120_0, 90_0)
[Projectile] 目标位置: (621.5046, 324.9535)
[Projectile] 子弹销毁
[Projectile] ✓ 生成爆炸: 伤害=1.0, 半径=280.0
[Projectile] 爆炸伤害: 11.0 (基础:11.0 × 倍率:1.0)
[Projectile] ✓ 生成爆炸: 伤害=1.0, 半径=280.0
[Projectile] 爆炸伤害: 11.0 (基础:11.0 × 倍率:1.0)
[ExplosionArea] 检测到 3 个重叠区域
[ExplosionArea] 区域 1: HurtboxComponent -> 父节点: CLIEnemy_(180_0, 0_0) (类型: Area2D)
[ExplosionArea]   ⚠️ 使用备用伤害方案
[ExplosionArea]   ✅ 造成伤害(备用): 11.0 -> CLIEnemy_(180_0, 0_0)
[ExplosionArea] 区域 2: HurtboxComponent -> 父节点: CLIEnemy_(120_0, 90_0) (类型: Area2D)
[ExplosionArea]   ⚠️ 使用备用伤害方案
[ExplosionArea]   ✅ 造成伤害(备用): 11.0 -> CLIEnemy_(120_0, 90_0)
[ExplosionArea] 区域 3: HurtboxComponent -> 父节点: CLIEnemy_(90_0, -120_0) (类型: Area2D)
[ExplosionArea]   ⚠️ 使用备用伤害方案
[ExplosionArea]   ✅ 造成伤害(备用): 11.0 -> CLIEnemy_(90_0, -120_0)
[ExplosionArea] 共击中 3 个敌人
[ExplosionArea] 检测到 3 个重叠区域
[ExplosionArea] 区域 1: HurtboxComponent -> 父节点: CLIEnemy_(180_0, 0_0) (类型: Area2D)
[ExplosionArea]   ⚠️ 使用备用伤害方案
[ExplosionArea]   ✅ 造成伤害(备用): 11.0 -> CLIEnemy_(180_0, 0_0)
[ExplosionArea] 区域 2: HurtboxComponent -> 父节点: CLIEnemy_(120_0, 90_0) (类型: Area2D)
[ExplosionArea]   ⚠️ 使用备用伤害方案
[ExplosionArea]   ✅ 造成伤害(备用): 11.0 -> CLIEnemy_(120_0, 90_0)
[ExplosionArea] 区域 3: HurtboxComponent -> 父节点: CLIEnemy_(90_0, -120_0) (类型: Area2D)
[ExplosionArea]   ⚠️ 使用备用伤害方案
[ExplosionArea]   ✅ 造成伤害(备用): 11.0 -> CLIEnemy_(90_0, -120_0)
[ExplosionArea] 共击中 3 个敌人
[DebugSwitcher] record saved: d:/Godot/Production/PolyLash_Project/.godot_cli/Roaming/Godot/app_userdata/PolyLash/qa_reports/input_recordings/player_ops_20260315_115932_069_lurewarden.json
[DebugSwitcher] test mode disabled
[BackgroundManager] 地图纹理大小: (994.000000, 460.000000)
[BackgroundManager] 初始化完成 - 瓦片大小: 2000, 已生成: 25 个瓦片
[ChestManager] 初始化完成 - 生成 2 个宝箱（分散布局）
[ChestManager] 初始化完成 - 预生成 2 个宝箱位置
[ChestIndicator] indicator_show_range = 3000 (from map_config.csv)
[ExitConfirmDialog] _ready() called
[Arena] _ready() 开始
[Arena] 已添加到 arena 组
[Arena] 已启用波末战利品模式，禁用旧宝箱流程
[Arena] 暂停菜单已初始化
[Arena] 商店面板已连接
[Arena] WaveRewardSystem 已创建
[Arena] WaveRewardPanel 已添加到 GameUI
[Arena] WildcardPanel 已添加到 GameUI
[Arena] BattleFlowController 已初始化
[Arena] Spawner 波次完成信号已连接
[Arena] 准备初始化玩家...
[Arena] _init_player_from_selection 开始
[Arena] selected_player_ids: ["lurewarden"]
[Arena] selected_player_weapons: { "lurewarden": "pistol" }
WARNING: [ConfigManager] game_config 缺少键 'enable_wave_recruit_mode'，使用默认值: 1
   at: push_warning (core/variant/variant_utility.cpp:1034)
   GDScript backtrace (most recent call first):
       [0] get_game_setting (res://autoloads/config_manager.gd:590)
       [1] is_wave_recruit_mode_enabled (res://autoloads/global.gd:298)
       [2] enter_wave_recruit_mode (res://autoloads/global.gd:303)
       [3] _init_player_from_selection (res://scenes/arena/arena_core.gd:467)
       [4] _ready (res://scenes/arena/arena_core.gd:117)
[Arena] 场景中没有默认玩家，直接生成选择的角色
[Arena] _spawn_player 开始: player_id=lurewarden, pos=(500.0, 300.0)
[Arena] Global.selected_player_weapons = { "lurewarden": "pistol" }
[Arena] visual_config: { "player_id": "lurewarden", "sprite_path": "res://assets/sprites/Players/Player_7.png", "scene_path": "res://scenes/unit/players/player_generic.tscn", "scale_x": 1.0, "scale_y": 1.0, "color_r": 1.0, "color_g": 1.0, "color_b": 1.0, "color_a": 1.0, "z_index": 1.0 }
[Arena] 创建角色: lurewarden
[PlayerFactory] 设置 player_id: lurewarden
[PlayerFactory] 已加载脚本: res://scenes/unit/players/player_lurewarden.gd (player_id=lurewarden)
[PlayerFactory] 成功创建角色: lurewarden
[Arena] 警告: player_id 不匹配，重新设置:  -> lurewarden
[PlayerBase] player lurewarden has no equipped item
[ItemWeapon] 尝试加载武器场景: res://scenes/weapons/range/weapon_range_physical.tscn
[ItemWeapon] 成功加载武器场景: res://scenes/weapons/range/weapon_range_physical.tscn
[Player] weapon added: 手枪1级 (pistol_1)
[Weapon] _ready() - Sprite2D 初始化:
  - 可见性: true
  - z_index: 2
  - 缩放: (1.0, 1.0)
  - 位置: (27.0, 0.0)
  - Sprite2D 全局位置: (527.0, 300.0)
  - Weapon 全局位置: (500.0, 300.0)
[Player] weapon node added to scene
[Player] weapon position: (0.0, 0.0)
[Player] weapon global position: (500.0, 300.0)
[Player] weapon visible: true
[Player] weapon z_index: 0
[Weapon] 加载贴图: res://assets/sprites/Weapons/Range/WeaponPistol.png
[Weapon] Sprite2D 可见性: true
[Weapon] Sprite2D 位置: (27.0, 0.0)
[Weapon] Sprite2D 缩放: (1.0, 1.0)
[Weapon] 贴图大小: (200.0, 100.0)
[Weapon] 动态创建枪口节点，偏移: (20.0, -2.0)
[Weapon] 武器设置完成: 手枪1级 (pistol_1)
  - 类型: RANGE
  - 等级: 1
  - 形状类型: straight
  - 子弹模式: single
  - 碰撞体位置/缩放: (0.0, 0.0) / (1.0, 1.0)
  - 基础场景: res://scenes/weapons/range/weapon_range_physical.tscn
[Player] weapon position after layout: (0.0, -15.0)
[Player] weapon global position after layout: (500.0, 285.0)
[PlayerBase] player lurewarden loaded 1 weapons
[PlayerBase] death signal connected
[PlayerBase] start loading ultimate, player_id = lurewarden
[PlayerBase] ultimate config loaded: { "ult_id": "lurewarden_ult", "name": "诱猎号令", "duration": 10.0, "energy_cost": 40.0, "bonus_bond_tag": "commander", "visual_color_hex": "#66FF33", "scale_multiplier": 1.2, "explosion_radius": 280.0, "explosion_damage_scale": 1.0, "description": "诱猎师开启诱猎号令并强化诱饵围捕", "f_role_id": "lurewarden", "f_internal_cd": 0.95, "f_q_line_amp": 1.48, "f_q_closure_amp": 1.96, "f_special_value_1": 1.18, "f_special_value_2": 250.0, "f_special_value_3": 0.3, "f_bond_o_payload": "tag:alchemist|lv2:0.12|lv3:0.24|axis:line", "f_bond_m_payload": "tag:architect|lv2:0.16|lv3:0.32|axis:closure", "f_bond_t_payload": "tag:commander|lv2:0.10|lv3:0.20|axis:tempo" }
[PlayerBase] ultimate script loaded: (res://scenes/skills/players/f_roles/skill_lurewarden_f.gd):<GDScript#-9223371775532856815>
[PlayerBase] ultimate node created
[PlayerBase] ultimate load complete: 诱猎号令
[SkillDrawingBase] _ready(): skill_lurewarden_q, skill_owner=PlayerGeneric:<Area2D#926538535946>
[SkillDrawingBase] Line2D 创建成功: skill_lurewarden_q
[Arena] 生成角色成功: lurewarden 在位置 (500.0, 300.0)
[Arena] 玩家初始化完成
[CharacterSlot] 加载角色图标: lurewarden -> res://assets/sprites/Players/Player_7.png
[SquadHUD] 初始化 1 个角色卡槽
[Arena] 小队 HUD 初始化完成
[Arena] ===== _init_bond_hud() 开始 =====
[Arena] ✅ 找到 GameUI 节点: /root/Arena/GameUI
[Arena] ✅ BondHUD 场景加载成功
[Arena] ✅ BondHUD 实例化成功
[Arena] ✅ BondHUD 已添加到 GameUI
[Arena] BondHUD 路径: /root/Arena/GameUI/BondHUD
[Arena] BondHUD 可见性: true
[Arena] _ready() 完成，飘字保护已解除
[PlayerBase] SkillManager already exists (created by child: @Node@2519), loaded=3, skip auto create
[Arena] ===== 角色切换开始 =====
[Arena] 收到角色切换请求: lurewarden
[Arena] 跳过自动保存（QEF测试模式）: character_switch
[Arena] 当前玩家: lurewarden
[Arena] 当前玩家位置: (500.0, 300.0)
[Arena] 不清理旧玩家的技能效果（默认行为）
[Arena] 调用 player.queue_free()
[Arena] 等待一帧...
[DebugSwitcher] test mode enabled: wave_time=999, key8 toggles recording
[Arena] 玩家死亡信号已连接
[Arena] 触发 BondManager 重新计算羁绊...
[Arena] 当前队伍: ["sapper", "spiritcaller", "lurewarden"]
[Arena] ✅ 羁绊计算完成
[PlayerBase] Bond stat modifiers applied:
  HP: 108 -> 141
  Speed: 640
  EnergyRegen: 0.7
  PickupRange: 225
  Damage: 10
[Arena] ✅ 羁绊属性已应用到玩家
[Arena] ===== _init_bond_hud() 完成 =====
[Arena] 玩家死亡信号已连接
[Arena] 等待完成，开始生成新角色
[Arena] _spawn_player 开始: player_id=lurewarden, pos=(500.0, 300.0)
[Arena] Global.selected_player_weapons = { "sapper": "pistol", "spiritcaller": "punch", "lurewarden": "pistol" }
[Arena] visual_config: { "player_id": "lurewarden", "sprite_path": "res://assets/sprites/Players/Player_7.png", "scene_path": "res://scenes/unit/players/player_generic.tscn", "scale_x": 1.0, "scale_y": 1.0, "color_r": 1.0, "color_g": 1.0, "color_b": 1.0, "color_a": 1.0, "z_index": 1.0 }
[Arena] 创建角色: lurewarden
[PlayerFactory] 设置 player_id: lurewarden
[PlayerFactory] 已加载脚本: res://scenes/unit/players/player_lurewarden.gd (player_id=lurewarden)
[PlayerFactory] 成功创建角色: lurewarden
[Arena] 警告: player_id 不匹配，重新设置:  -> lurewarden
[PlayerBase] player lurewarden has no equipped item
[ItemWeapon] 尝试加载武器场景: res://scenes/weapons/range/weapon_range_physical.tscn
[ItemWeapon] 成功加载武器场景: res://scenes/weapons/range/weapon_range_physical.tscn
[Player] weapon added: 手枪1级 (pistol_1)
[Weapon] _ready() - Sprite2D 初始化:
  - 可见性: true
  - z_index: 2
  - 缩放: (1.0, 1.0)
  - 位置: (27.0, 0.0)
  - Sprite2D 全局位置: (527.0, 300.0)
  - Weapon 全局位置: (500.0, 300.0)
[Player] weapon node added to scene
[Player] weapon position: (0.0, 0.0)
[Player] weapon global position: (500.0, 300.0)
[Player] weapon visible: true
[Player] weapon z_index: 0
[Weapon] 加载贴图: res://assets/sprites/Weapons/Range/WeaponPistol.png
[Weapon] Sprite2D 可见性: true
[Weapon] Sprite2D 位置: (27.0, 0.0)
[Weapon] Sprite2D 缩放: (1.0, 1.0)
[Weapon] 贴图大小: (200.0, 100.0)
[Weapon] 动态创建枪口节点，偏移: (20.0, -2.0)
[Weapon] 武器设置完成: 手枪1级 (pistol_1)
  - 类型: RANGE
  - 等级: 1
  - 形状类型: straight
  - 子弹模式: single
  - 碰撞体位置/缩放: (0.0, 0.0) / (1.0, 1.0)
  - 基础场景: res://scenes/weapons/range/weapon_range_physical.tscn
[Player] weapon position after layout: (0.0, -15.0)
[Player] weapon global position after layout: (500.0, 285.0)
[PlayerBase] player lurewarden loaded 1 weapons
[PlayerBase] death signal connected
[PlayerBase] start loading ultimate, player_id = lurewarden
[PlayerBase] ultimate config loaded: { "ult_id": "lurewarden_ult", "name": "诱猎号令", "duration": 10.0, "energy_cost": 40.0, "bonus_bond_tag": "commander", "visual_color_hex": "#66FF33", "scale_multiplier": 1.2, "explosion_radius": 280.0, "explosion_damage_scale": 1.0, "description": "诱猎师开启诱猎号令并强化诱饵围捕", "f_role_id": "lurewarden", "f_internal_cd": 0.95, "f_q_line_amp": 1.48, "f_q_closure_amp": 1.96, "f_special_value_1": 1.18, "f_special_value_2": 250.0, "f_special_value_3": 0.3, "f_bond_o_payload": "tag:alchemist|lv2:0.12|lv3:0.24|axis:line", "f_bond_m_payload": "tag:architect|lv2:0.16|lv3:0.32|axis:closure", "f_bond_t_payload": "tag:commander|lv2:0.10|lv3:0.20|axis:tempo" }
[PlayerBase] ultimate script loaded: (res://scenes/skills/players/f_roles/skill_lurewarden_f.gd):<GDScript#-9223371775532856815>
[PlayerBase] ultimate node created
[PlayerBase] ultimate load complete: 诱猎号令
[SkillDrawingBase] _ready(): skill_lurewarden_q, skill_owner=PlayerGeneric:<Area2D#933182313482>
[SkillDrawingBase] Line2D 创建成功: skill_lurewarden_q
[Arena] 生成角色成功: lurewarden 在位置 (500.0, 300.0)
[PlayerBase] Bond stat modifiers applied:
  HP: 108 -> 141
  Speed: 640
  EnergyRegen: 0.7
  PickupRange: 225
  Damage: 10
[Arena] ✅ 角色切换后羁绊属性已重新应用
[Arena] ===== 角色切换结束 =====
[PlayerBase] SkillManager already exists (created by child: @Node@2528), loaded=3, skip auto create
[Arena] 玩家死亡信号已连接
[DebugSwitcher] replay started: d:/Godot/Production/PolyLash_Project/.godot_cli/Roaming/Godot/app_userdata/PolyLash/qa_reports/input_recordings/player_ops_20260315_115932_069_lurewarden.json
[Arena] ===== 角色切换开始 =====
[Arena] 收到角色切换请求: lurewarden
[Arena] 跳过自动保存（QEF测试模式）: character_switch
[Arena] 当前玩家: lurewarden
[Arena] 当前玩家位置: (500.0, 300.0)
[Arena] 不清理旧玩家的技能效果（默认行为）
[Arena] 调用 player.queue_free()
[Arena] 等待一帧...
[Arena] 等待完成，开始生成新角色
[Arena] _spawn_player 开始: player_id=lurewarden, pos=(500.0, 300.0)
[Arena] Global.selected_player_weapons = { "lurewarden": "pistol", "sapper": "pistol", "spiritcaller": "punch" }
[Arena] visual_config: { "player_id": "lurewarden", "sprite_path": "res://assets/sprites/Players/Player_7.png", "scene_path": "res://scenes/unit/players/player_generic.tscn", "scale_x": 1.0, "scale_y": 1.0, "color_r": 1.0, "color_g": 1.0, "color_b": 1.0, "color_a": 1.0, "z_index": 1.0 }
[Arena] 创建角色: lurewarden
[PlayerFactory] 设置 player_id: lurewarden
[PlayerFactory] 已加载脚本: res://scenes/unit/players/player_lurewarden.gd (player_id=lurewarden)
[PlayerFactory] 成功创建角色: lurewarden
[Arena] 警告: player_id 不匹配，重新设置:  -> lurewarden
[PlayerBase] player lurewarden has no equipped item
[ItemWeapon] 尝试加载武器场景: res://scenes/weapons/range/weapon_range_physical.tscn
[ItemWeapon] 成功加载武器场景: res://scenes/weapons/range/weapon_range_physical.tscn
[Player] weapon added: 手枪1级 (pistol_1)
[Weapon] _ready() - Sprite2D 初始化:
  - 可见性: true
  - z_index: 2
  - 缩放: (1.0, 1.0)
  - 位置: (27.0, 0.0)
  - Sprite2D 全局位置: (527.0, 300.0)
  - Weapon 全局位置: (500.0, 300.0)
[Player] weapon node added to scene
[Player] weapon position: (0.0, 0.0)
[Player] weapon global position: (500.0, 300.0)
[Player] weapon visible: true
[Player] weapon z_index: 0
[Weapon] 加载贴图: res://assets/sprites/Weapons/Range/WeaponPistol.png
[Weapon] Sprite2D 可见性: true
[Weapon] Sprite2D 位置: (27.0, 0.0)
[Weapon] Sprite2D 缩放: (1.0, 1.0)
[Weapon] 贴图大小: (200.0, 100.0)
[Weapon] 动态创建枪口节点，偏移: (20.0, -2.0)
[Weapon] 武器设置完成: 手枪1级 (pistol_1)
  - 类型: RANGE
  - 等级: 1
  - 形状类型: straight
  - 子弹模式: single
  - 碰撞体位置/缩放: (0.0, 0.0) / (1.0, 1.0)
  - 基础场景: res://scenes/weapons/range/weapon_range_physical.tscn
[Player] weapon position after layout: (0.0, -15.0)
[Player] weapon global position after layout: (500.0, 285.0)
[PlayerBase] player lurewarden loaded 1 weapons
[PlayerBase] death signal connected
[PlayerBase] start loading ultimate, player_id = lurewarden
[PlayerBase] ultimate config loaded: { "ult_id": "lurewarden_ult", "name": "诱猎号令", "duration": 10.0, "energy_cost": 40.0, "bonus_bond_tag": "commander", "visual_color_hex": "#66FF33", "scale_multiplier": 1.2, "explosion_radius": 280.0, "explosion_damage_scale": 1.0, "description": "诱猎师开启诱猎号令并强化诱饵围捕", "f_role_id": "lurewarden", "f_internal_cd": 0.95, "f_q_line_amp": 1.48, "f_q_closure_amp": 1.96, "f_special_value_1": 1.18, "f_special_value_2": 250.0, "f_special_value_3": 0.3, "f_bond_o_payload": "tag:alchemist|lv2:0.12|lv3:0.24|axis:line", "f_bond_m_payload": "tag:architect|lv2:0.16|lv3:0.32|axis:closure", "f_bond_t_payload": "tag:commander|lv2:0.10|lv3:0.20|axis:tempo" }
[PlayerBase] ultimate script loaded: (res://scenes/skills/players/f_roles/skill_lurewarden_f.gd):<GDScript#-9223371775532856815>
[PlayerBase] ultimate node created
[PlayerBase] ultimate load complete: 诱猎号令
[SkillDrawingBase] _ready(): skill_lurewarden_q, skill_owner=PlayerGeneric:<Area2D#939658316863>
[SkillDrawingBase] Line2D 创建成功: skill_lurewarden_q
[Arena] 生成角色成功: lurewarden 在位置 (500.0, 300.0)
[PlayerBase] Bond stat modifiers applied:
  HP: 108 -> 141
  Speed: 790
  EnergyRegen: 0.7
  PickupRange: 225
  Damage: 10
[Arena] ✅ 角色切换后羁绊属性已重新应用
[Arena] ===== 角色切换结束 =====
[PlayerBase] SkillManager already exists (created by child: @Node@2538), loaded=3, skip auto create
[Arena] 玩家死亡信号已连接
[RangeBehavior] ========== 开始远程攻击 ==========
[RangeBehavior] 武器名称: 手枪1级
[RangeBehavior] 武器位置: (500.0, 285.0)
[RangeBehavior] 武器旋转: -47.9472756904238度
[RangeBehavior] Muzzle 位置: (533.4907, 247.8736)
[RangeBehavior] 生成子弹:
  - 子弹场景: res://scenes/projectiles/projectile_pistol.tscn
  - 生成位置: (533.4907, 247.8736)
  - 角度偏移: 0.0度
  - 速度: (1205.666, -1336.552)
  - 伤害: 11.0
[Projectile] 子弹初始化:
  - 位置: (533.4907, 247.8736)
  - 速度: (1205.666, -1336.552)
  - 伤害: 11.0
  - 暴击: false
  - 击退: 1.0
  - 发射者: PlayerGeneric
  - Hitbox 碰撞层: 4
  - Hitbox 碰撞掩码: 8
[RangeBehavior] 发射 single x1
[Projectile] ========== 子弹命中！==========
[Projectile] 子弹位置: (611.127, 161.8089)
[Projectile] 目标: CLIEnemy_(90_0, -120_0)
[Projectile] 目标位置: (578.0416, 193.1316)
[Projectile] 子弹销毁
[DebugSwitcher] test mode disabled
[DebugSwitcher] replay stopped
[BackgroundManager] 地图纹理大小: (994.000000, 460.000000)
[BackgroundManager] 初始化完成 - 瓦片大小: 2000, 已生成: 25 个瓦片
[ChestManager] 初始化完成 - 生成 2 个宝箱（分散布局）
[ChestManager] 初始化完成 - 预生成 2 个宝箱位置
[ChestIndicator] indicator_show_range = 3000 (from map_config.csv)
[ExitConfirmDialog] _ready() called
[Arena] _ready() 开始
[Arena] 已添加到 arena 组
[Arena] 已启用波末战利品模式，禁用旧宝箱流程
[Arena] 暂停菜单已初始化
[Arena] 商店面板已连接
[Arena] WaveRewardSystem 已创建
[Arena] WaveRewardPanel 已添加到 GameUI
[Arena] WildcardPanel 已添加到 GameUI
[Arena] BattleFlowController 已初始化
[Arena] Spawner 波次完成信号已连接
[Arena] 准备初始化玩家...
[Arena] _init_player_from_selection 开始
[Arena] selected_player_ids: ["quartermaster"]
[Arena] selected_player_weapons: { "quartermaster": "punch" }
WARNING: [ConfigManager] game_config 缺少键 'enable_wave_recruit_mode'，使用默认值: 1
   at: push_warning (core/variant/variant_utility.cpp:1034)
   GDScript backtrace (most recent call first):
       [0] get_game_setting (res://autoloads/config_manager.gd:590)
       [1] is_wave_recruit_mode_enabled (res://autoloads/global.gd:298)
       [2] enter_wave_recruit_mode (res://autoloads/global.gd:303)
       [3] _init_player_from_selection (res://scenes/arena/arena_core.gd:467)
       [4] _ready (res://scenes/arena/arena_core.gd:117)
[Arena] 场景中没有默认玩家，直接生成选择的角色
[Arena] _spawn_player 开始: player_id=quartermaster, pos=(500.0, 300.0)
[Arena] Global.selected_player_weapons = { "quartermaster": "punch" }
[Arena] visual_config: { "player_id": "quartermaster", "sprite_path": "res://assets/sprites/Players/Player_15.png", "scene_path": "res://scenes/unit/players/player_generic.tscn", "scale_x": 1.0, "scale_y": 1.0, "color_r": 1.0, "color_g": 1.0, "color_b": 1.0, "color_a": 1.0, "z_index": 1.0 }
[Arena] 创建角色: quartermaster
[PlayerFactory] 设置 player_id: quartermaster
[PlayerFactory] 已加载脚本: res://scenes/unit/players/player_quartermaster.gd (player_id=quartermaster)
[PlayerFactory] 成功创建角色: quartermaster
[Arena] 警告: player_id 不匹配，重新设置:  -> quartermaster
[PlayerBase] player quartermaster has no equipped item
[ItemWeapon] 尝试加载武器场景: res://scenes/weapons/melee/weapon_melee_point.tscn
[ItemWeapon] 成功加载武器场景: res://scenes/weapons/melee/weapon_melee_point.tscn
[Player] weapon added: 拳头1级 (punch_1)
[Weapon] _ready() - Sprite2D 初始化:
  - 可见性: true
  - z_index: 2
  - 缩放: (1.0, 1.0)
  - 位置: (27.0, 0.0)
  - Sprite2D 全局位置: (527.0, 300.0)
  - Weapon 全局位置: (500.0, 300.0)
[Player] weapon node added to scene
[Player] weapon position: (0.0, 0.0)
[Player] weapon global position: (500.0, 300.0)
[Player] weapon visible: true
[Player] weapon z_index: 0
[Weapon] 加载贴图: res://assets/sprites/Weapons/Melee/Weapon_Punch.png
[Weapon] Sprite2D 可见性: true
[Weapon] Sprite2D 位置: (27.0, 0.0)
[Weapon] Sprite2D 缩放: (1.0, 1.0)
[Weapon] 贴图大小: (200.0, 100.0)
[Weapon] 武器设置完成: 拳头1级 (punch_1)
  - 类型: MELEE
  - 等级: 1
  - 形状类型: point
  - 子弹模式: 未指定
  - 碰撞体: 由 MeleeBehavior 动态创建
  - 基础场景: res://scenes/weapons/melee/weapon_melee_point.tscn
[Player] weapon position after layout: (0.0, -15.0)
[Player] weapon global position after layout: (500.0, 285.0)
[PlayerBase] player quartermaster loaded 1 weapons
[PlayerBase] death signal connected
[PlayerBase] start loading ultimate, player_id = quartermaster
[PlayerBase] ultimate config loaded: { "ult_id": "quartermaster_ult", "name": "火力链路", "duration": 10.0, "energy_cost": 40.0, "bonus_bond_tag": "assist", "visual_color_hex": "#999933", "scale_multiplier": 1.2, "explosion_radius": 240.0, "explosion_damage_scale": 1.1, "description": "军需官进入火力链路并增强压制节奏", "f_role_id": "quartermaster", "f_internal_cd": 0.95, "f_q_line_amp": 1.52, "f_q_closure_amp": 1.98, "f_special_value_1": 1.18, "f_special_value_2": 240.0, "f_special_value_3": 0.31, "f_bond_o_payload": "tag:alchemist|lv2:0.12|lv3:0.24|axis:line", "f_bond_m_payload": "tag:blaster|lv2:0.16|lv3:0.32|axis:closure", "f_bond_t_payload": "tag:assist|lv2:0.10|lv3:0.20|axis:tempo" }
[PlayerBase] ultimate script loaded: (res://scenes/skills/players/f_roles/skill_quartermaster_f.gd):<GDScript#-9223371554543367330>
[PlayerBase] ultimate node created
[PlayerBase] ultimate load complete: 火力链路
[SkillDrawingBase] _ready(): skill_quartermaster_q, skill_owner=PlayerGeneric:<Area2D#978967334188>
[SkillDrawingBase] Line2D 创建成功: skill_quartermaster_q
[Arena] 生成角色成功: quartermaster 在位置 (500.0, 300.0)
[Arena] 玩家初始化完成
[CharacterSlot] 加载角色图标: quartermaster -> res://assets/sprites/Players/Player_15.png
[SquadHUD] 初始化 1 个角色卡槽
[Arena] 小队 HUD 初始化完成
[Arena] ===== _init_bond_hud() 开始 =====
[Arena] ✅ 找到 GameUI 节点: /root/Arena/GameUI
[Arena] ✅ BondHUD 场景加载成功
[Arena] ✅ BondHUD 实例化成功
[Arena] ✅ BondHUD 已添加到 GameUI
[Arena] BondHUD 路径: /root/Arena/GameUI/BondHUD
[Arena] BondHUD 可见性: true
[Arena] _ready() 完成，飘字保护已解除
[PlayerBase] SkillManager already exists (created by child: @Node@2579), loaded=3, skip auto create
[Arena] ===== 角色切换开始 =====
[Arena] 收到角色切换请求: quartermaster
[Arena] 跳过自动保存（QEF测试模式）: character_switch
[Arena] 当前玩家: quartermaster
[Arena] 当前玩家位置: (500.0, 300.0)
[Arena] 不清理旧玩家的技能效果（默认行为）
[Arena] 调用 player.queue_free()
[Arena] 等待一帧...
[DebugSwitcher] test mode enabled: wave_time=999, key8 toggles recording
[Arena] 玩家死亡信号已连接
[Arena] 触发 BondManager 重新计算羁绊...
[Arena] 当前队伍: ["quartermaster", "paladin", "bloodsworn"]
[Arena] ✅ 羁绊计算完成
[PlayerBase] Bond stat modifiers applied:
  HP: 108 -> 108
  Speed: 500
  EnergyRegen: 0.7
  PickupRange: 150
  Damage: 10
[Arena] ✅ 羁绊属性已应用到玩家
[Arena] ===== _init_bond_hud() 完成 =====
[Arena] 玩家死亡信号已连接
[Arena] 等待完成，开始生成新角色
[Arena] _spawn_player 开始: player_id=quartermaster, pos=(500.0, 300.0)
[Arena] Global.selected_player_weapons = { "quartermaster": "punch", "paladin": "punch", "bloodsworn": "punch" }
[Arena] visual_config: { "player_id": "quartermaster", "sprite_path": "res://assets/sprites/Players/Player_15.png", "scene_path": "res://scenes/unit/players/player_generic.tscn", "scale_x": 1.0, "scale_y": 1.0, "color_r": 1.0, "color_g": 1.0, "color_b": 1.0, "color_a": 1.0, "z_index": 1.0 }
[Arena] 创建角色: quartermaster
[PlayerFactory] 设置 player_id: quartermaster
[PlayerFactory] 已加载脚本: res://scenes/unit/players/player_quartermaster.gd (player_id=quartermaster)
[PlayerFactory] 成功创建角色: quartermaster
[Arena] 警告: player_id 不匹配，重新设置:  -> quartermaster
[PlayerBase] player quartermaster has no equipped item
[ItemWeapon] 尝试加载武器场景: res://scenes/weapons/melee/weapon_melee_point.tscn
[ItemWeapon] 成功加载武器场景: res://scenes/weapons/melee/weapon_melee_point.tscn
[Player] weapon added: 拳头1级 (punch_1)
[Weapon] _ready() - Sprite2D 初始化:
  - 可见性: true
  - z_index: 2
  - 缩放: (1.0, 1.0)
  - 位置: (27.0, 0.0)
  - Sprite2D 全局位置: (527.0, 300.0)
  - Weapon 全局位置: (500.0, 300.0)
[Player] weapon node added to scene
[Player] weapon position: (0.0, 0.0)
[Player] weapon global position: (500.0, 300.0)
[Player] weapon visible: true
[Player] weapon z_index: 0
[Weapon] 加载贴图: res://assets/sprites/Weapons/Melee/Weapon_Punch.png
[Weapon] Sprite2D 可见性: true
[Weapon] Sprite2D 位置: (27.0, 0.0)
[Weapon] Sprite2D 缩放: (1.0, 1.0)
[Weapon] 贴图大小: (200.0, 100.0)
[Weapon] 武器设置完成: 拳头1级 (punch_1)
  - 类型: MELEE
  - 等级: 1
  - 形状类型: point
  - 子弹模式: 未指定
  - 碰撞体: 由 MeleeBehavior 动态创建
  - 基础场景: res://scenes/weapons/melee/weapon_melee_point.tscn
[Player] weapon position after layout: (0.0, -15.0)
[Player] weapon global position after layout: (500.0, 285.0)
[PlayerBase] player quartermaster loaded 1 weapons
[PlayerBase] death signal connected
[PlayerBase] start loading ultimate, player_id = quartermaster
[PlayerBase] ultimate config loaded: { "ult_id": "quartermaster_ult", "name": "火力链路", "duration": 10.0, "energy_cost": 40.0, "bonus_bond_tag": "assist", "visual_color_hex": "#999933", "scale_multiplier": 1.2, "explosion_radius": 240.0, "explosion_damage_scale": 1.1, "description": "军需官进入火力链路并增强压制节奏", "f_role_id": "quartermaster", "f_internal_cd": 0.95, "f_q_line_amp": 1.52, "f_q_closure_amp": 1.98, "f_special_value_1": 1.18, "f_special_value_2": 240.0, "f_special_value_3": 0.31, "f_bond_o_payload": "tag:alchemist|lv2:0.12|lv3:0.24|axis:line", "f_bond_m_payload": "tag:blaster|lv2:0.16|lv3:0.32|axis:closure", "f_bond_t_payload": "tag:assist|lv2:0.10|lv3:0.20|axis:tempo" }
[PlayerBase] ultimate script loaded: (res://scenes/skills/players/f_roles/skill_quartermaster_f.gd):<GDScript#-9223371554543367330>
[PlayerBase] ultimate node created
[PlayerBase] ultimate load complete: 火力链路
[SkillDrawingBase] _ready(): skill_quartermaster_q, skill_owner=PlayerGeneric:<Area2D#990241625466>
[SkillDrawingBase] Line2D 创建成功: skill_quartermaster_q
[Arena] 生成角色成功: quartermaster 在位置 (500.0, 300.0)
[PlayerBase] Bond stat modifiers applied:
  HP: 108 -> 108
  Speed: 500
  EnergyRegen: 0.7
  PickupRange: 150
  Damage: 10
[Arena] ✅ 角色切换后羁绊属性已重新应用
[Arena] ===== 角色切换结束 =====
[PlayerBase] SkillManager already exists (created by child: @Node@2600), loaded=3, skip auto create
[Arena] 玩家死亡信号已连接
[Arena] ===== 角色切换开始 =====
[Arena] 收到角色切换请求: quartermaster
[Arena] 跳过自动保存（QEF测试模式）: character_switch
[Arena] 当前玩家: quartermaster
[Arena] 当前玩家位置: (500.0, 300.0)
[Arena] 不清理旧玩家的技能效果（默认行为）
[Arena] 调用 player.queue_free()
[Arena] 等待一帧...
[DebugSwitcher] recording started: d:/Godot/Production/PolyLash_Project/.godot_cli/Roaming/Godot/app_userdata/PolyLash/qa_reports/input_recordings/player_ops_20260315_115936_751_quartermaster.json
[Arena] 等待完成，开始生成新角色
[Arena] _spawn_player 开始: player_id=quartermaster, pos=(500.0, 300.0)
[Arena] Global.selected_player_weapons = { "quartermaster": "punch", "paladin": "punch", "bloodsworn": "punch" }
[Arena] visual_config: { "player_id": "quartermaster", "sprite_path": "res://assets/sprites/Players/Player_15.png", "scene_path": "res://scenes/unit/players/player_generic.tscn", "scale_x": 1.0, "scale_y": 1.0, "color_r": 1.0, "color_g": 1.0, "color_b": 1.0, "color_a": 1.0, "z_index": 1.0 }
[Arena] 创建角色: quartermaster
[PlayerFactory] 设置 player_id: quartermaster
[PlayerFactory] 已加载脚本: res://scenes/unit/players/player_quartermaster.gd (player_id=quartermaster)
[PlayerFactory] 成功创建角色: quartermaster
[Arena] 警告: player_id 不匹配，重新设置:  -> quartermaster
[PlayerBase] player quartermaster has no equipped item
[ItemWeapon] 尝试加载武器场景: res://scenes/weapons/melee/weapon_melee_point.tscn
[ItemWeapon] 成功加载武器场景: res://scenes/weapons/melee/weapon_melee_point.tscn
[Player] weapon added: 拳头1级 (punch_1)
[Weapon] _ready() - Sprite2D 初始化:
  - 可见性: true
  - z_index: 2
  - 缩放: (1.0, 1.0)
  - 位置: (27.0, 0.0)
  - Sprite2D 全局位置: (527.0, 300.0)
  - Weapon 全局位置: (500.0, 300.0)
[Player] weapon node added to scene
[Player] weapon position: (0.0, 0.0)
[Player] weapon global position: (500.0, 300.0)
[Player] weapon visible: true
[Player] weapon z_index: 0
[Weapon] 加载贴图: res://assets/sprites/Weapons/Melee/Weapon_Punch.png
[Weapon] Sprite2D 可见性: true
[Weapon] Sprite2D 位置: (27.0, 0.0)
[Weapon] Sprite2D 缩放: (1.0, 1.0)
[Weapon] 贴图大小: (200.0, 100.0)
[Weapon] 武器设置完成: 拳头1级 (punch_1)
  - 类型: MELEE
  - 等级: 1
  - 形状类型: point
  - 子弹模式: 未指定
  - 碰撞体: 由 MeleeBehavior 动态创建
  - 基础场景: res://scenes/weapons/melee/weapon_melee_point.tscn
[Player] weapon position after layout: (0.0, -15.0)
[Player] weapon global position after layout: (500.0, 285.0)
[PlayerBase] player quartermaster loaded 1 weapons
[PlayerBase] death signal connected
[PlayerBase] start loading ultimate, player_id = quartermaster
[PlayerBase] ultimate config loaded: { "ult_id": "quartermaster_ult", "name": "火力链路", "duration": 10.0, "energy_cost": 40.0, "bonus_bond_tag": "assist", "visual_color_hex": "#999933", "scale_multiplier": 1.2, "explosion_radius": 240.0, "explosion_damage_scale": 1.1, "description": "军需官进入火力链路并增强压制节奏", "f_role_id": "quartermaster", "f_internal_cd": 0.95, "f_q_line_amp": 1.52, "f_q_closure_amp": 1.98, "f_special_value_1": 1.18, "f_special_value_2": 240.0, "f_special_value_3": 0.31, "f_bond_o_payload": "tag:alchemist|lv2:0.12|lv3:0.24|axis:line", "f_bond_m_payload": "tag:blaster|lv2:0.16|lv3:0.32|axis:closure", "f_bond_t_payload": "tag:assist|lv2:0.10|lv3:0.20|axis:tempo" }
[PlayerBase] ultimate script loaded: (res://scenes/skills/players/f_roles/skill_quartermaster_f.gd):<GDScript#-9223371554543367330>
[PlayerBase] ultimate node created
[PlayerBase] ultimate load complete: 火力链路
[SkillDrawingBase] _ready(): skill_quartermaster_q, skill_owner=PlayerGeneric:<Area2D#999771084154>
[SkillDrawingBase] Line2D 创建成功: skill_quartermaster_q
[Arena] 生成角色成功: quartermaster 在位置 (500.0, 300.0)
[PlayerBase] Bond stat modifiers applied:
  HP: 108 -> 108
  Speed: 500
  EnergyRegen: 0.7
  PickupRange: 150
  Damage: 10
[Arena] ✅ 角色切换后羁绊属性已重新应用
[Arena] ===== 角色切换结束 =====
[PlayerBase] SkillManager already exists (created by child: @Node@2610), loaded=3, skip auto create
[Arena] 玩家死亡信号已连接
[skill_quartermaster_q] ===== 鏉╂稑鍙嗙憴鍕灊濡€崇础 ===== 鐠ч鍋? (500.0002, 299.364), line_2d閺堝鏅? true
[HealthComponent] 血量归零，触发死亡信号
[PlayerBase] Q released -> release_skill('q')
[skill_quartermaster_q] ===== 退出规划模式 ===== 点数: 119, 闭合: false
[skill_quartermaster_q] 最终闭合判定: false
[skill_quartermaster_q] 閻㈢喐鍨氬鈧弨鎹愮熅瀵板嫭鏅ラ弸婊愮礉閸樼喎顫愰悙瑙勬殶: 119, 閸氬牆鑻熺痪鎸庮唽閺? 12
[HealthComponent] 已经死亡，忽略伤害
[skill_quartermaster_q] open-path effects spawned
[ExplosionArea] 检测到 0 个重叠区域
[ExplosionArea] 共击中 0 个敌人
[ExplosionArea] 检测到 0 个重叠区域
[ExplosionArea] 共击中 0 个敌人
[ExplosionArea] 检测到 1 个重叠区域
[ExplosionArea] 区域 1: HurtboxComponent -> 父节点: CLIEnemy_(120_0, 90_0) (类型: Area2D)
[ExplosionArea]   ⚠️ 使用备用伤害方案
[ExplosionArea]   ✅ 造成伤害(备用): 0.0 -> CLIEnemy_(120_0, 90_0)
[ExplosionArea] 共击中 1 个敌人
[ExplosionArea] 检测到 0 个重叠区域
[ExplosionArea] 共击中 0 个敌人
[ExplosionArea] 检测到 0 个重叠区域
[ExplosionArea] 共击中 0 个敌人
[ExplosionArea] 检测到 0 个重叠区域
[ExplosionArea] 共击中 0 个敌人
[ExplosionArea] 检测到 0 个重叠区域
[ExplosionArea] 共击中 0 个敌人
[ExplosionArea] 检测到 0 个重叠区域
[ExplosionArea] 共击中 0 个敌人
[ExplosionArea] 检测到 0 个重叠区域
[ExplosionArea] 共击中 0 个敌人
[ExplosionArea] 检测到 0 个重叠区域
[ExplosionArea] 共击中 0 个敌人
[ExplosionArea] 检测到 0 个重叠区域
[ExplosionArea] 共击中 0 个敌人
[ExplosionArea] 检测到 0 个重叠区域
[ExplosionArea] 共击中 0 个敌人
[ExplosionArea] 检测到 0 个重叠区域
[ExplosionArea] 共击中 0 个敌人
[ExplosionArea] 检测到 0 个重叠区域
[ExplosionArea] 共击中 0 个敌人
[ExplosionArea] 检测到 0 个重叠区域
[ExplosionArea] 共击中 0 个敌人
[ExplosionArea] 检测到 0 个重叠区域
[ExplosionArea] 共击中 0 个敌人
[ExplosionArea] 检测到 0 个重叠区域
[ExplosionArea] 共击中 0 个敌人
[ExplosionArea] 检测到 0 个重叠区域
[ExplosionArea] 共击中 0 个敌人
[HealthComponent] 已经死亡，忽略伤害
[HealthComponent] 已经死亡，忽略伤害
[PlayerBase] E pressed -> execute_skill('e')
[HealthComponent] 已经死亡，忽略伤害
[HealthComponent] 已经死亡，忽略伤害
[ExplosionArea] 检测到 0 个重叠区域
[ExplosionArea] 共击中 0 个敌人
[ExplosionArea] 检测到 0 个重叠区域
[ExplosionArea] 共击中 0 个敌人
[ExplosionArea] 检测到 0 个重叠区域
[ExplosionArea] 共击中 0 个敌人
[ExplosionArea] 检测到 0 个重叠区域
[ExplosionArea] 共击中 0 个敌人
[ExplosionArea] 检测到 0 个重叠区域
[ExplosionArea] 共击中 0 个敌人
[ExplosionArea] 检测到 0 个重叠区域
[ExplosionArea] 共击中 0 个敌人
[ExplosionArea] 检测到 0 个重叠区域
[ExplosionArea] 共击中 0 个敌人
[ExplosionArea] 检测到 0 个重叠区域
[ExplosionArea] 共击中 0 个敌人
[ExplosionArea] 检测到 0 个重叠区域
[ExplosionArea] 共击中 0 个敌人
[ExplosionArea] 检测到 0 个重叠区域
[ExplosionArea] 共击中 0 个敌人
[ExplosionArea] 检测到 0 个重叠区域
[ExplosionArea] 共击中 0 个敌人
[ExplosionArea] 检测到 0 个重叠区域
[ExplosionArea] 共击中 0 个敌人
[PlayerBase] F pressed, ultimate_skill = UltimateSkill:<Node#1001499136279>
[PlayerBase] try activate ultimate, energy: 100.0%
[ExplosionArea] 检测到 0 个重叠区域
[ExplosionArea] 共击中 0 个敌人
[ExplosionArea] 检测到 0 个重叠区域
[ExplosionArea] 共击中 0 个敌人
[ExplosionArea] 检测到 0 个重叠区域
[ExplosionArea] 共击中 0 个敌人
[ExplosionArea] 检测到 0 个重叠区域
[ExplosionArea] 共击中 0 个敌人
[ExplosionArea] 检测到 0 个重叠区域
[ExplosionArea] 共击中 0 个敌人
[ExplosionArea] 检测到 0 个重叠区域
[ExplosionArea] 共击中 0 个敌人
[ExplosionArea] 检测到 0 个重叠区域
[ExplosionArea] 共击中 0 个敌人
[ExplosionArea] 检测到 0 个重叠区域
[ExplosionArea] 共击中 0 个敌人
[ExplosionArea] 检测到 0 个重叠区域
[ExplosionArea] 共击中 0 个敌人
[ExplosionArea] 检测到 0 个重叠区域
[ExplosionArea] 共击中 0 个敌人
[ExplosionArea] 检测到 0 个重叠区域
[ExplosionArea] 共击中 0 个敌人
[ExplosionArea] 检测到 0 个重叠区域
[ExplosionArea] 共击中 0 个敌人
[DebugSwitcher] record saved: d:/Godot/Production/PolyLash_Project/.godot_cli/Roaming/Godot/app_userdata/PolyLash/qa_reports/input_recordings/player_ops_20260315_115936_751_quartermaster.json
[DebugSwitcher] test mode disabled
[BackgroundManager] 地图纹理大小: (994.000000, 460.000000)
[BackgroundManager] 初始化完成 - 瓦片大小: 2000, 已生成: 25 个瓦片
[ChestManager] 初始化完成 - 生成 2 个宝箱（分散布局）
[ChestManager] 初始化完成 - 预生成 2 个宝箱位置
[ChestIndicator] indicator_show_range = 3000 (from map_config.csv)
[ExitConfirmDialog] _ready() called
[Arena] _ready() 开始
[Arena] 已添加到 arena 组
[Arena] 已启用波末战利品模式，禁用旧宝箱流程
[Arena] 暂停菜单已初始化
[Arena] 商店面板已连接
[Arena] WaveRewardSystem 已创建
[Arena] WaveRewardPanel 已添加到 GameUI
[Arena] WildcardPanel 已添加到 GameUI
[Arena] BattleFlowController 已初始化
[Arena] Spawner 波次完成信号已连接
[Arena] 准备初始化玩家...
[Arena] _init_player_from_selection 开始
[Arena] selected_player_ids: ["quartermaster"]
[Arena] selected_player_weapons: { "quartermaster": "punch" }
WARNING: [ConfigManager] game_config 缺少键 'enable_wave_recruit_mode'，使用默认值: 1
   at: push_warning (core/variant/variant_utility.cpp:1034)
   GDScript backtrace (most recent call first):
       [0] get_game_setting (res://autoloads/config_manager.gd:590)
       [1] is_wave_recruit_mode_enabled (res://autoloads/global.gd:298)
       [2] enter_wave_recruit_mode (res://autoloads/global.gd:303)
       [3] _init_player_from_selection (res://scenes/arena/arena_core.gd:467)
       [4] _ready (res://scenes/arena/arena_core.gd:117)
[Arena] 场景中没有默认玩家，直接生成选择的角色
[Arena] _spawn_player 开始: player_id=quartermaster, pos=(500.0, 300.0)
[Arena] Global.selected_player_weapons = { "quartermaster": "punch" }
[Arena] visual_config: { "player_id": "quartermaster", "sprite_path": "res://assets/sprites/Players/Player_15.png", "scene_path": "res://scenes/unit/players/player_generic.tscn", "scale_x": 1.0, "scale_y": 1.0, "color_r": 1.0, "color_g": 1.0, "color_b": 1.0, "color_a": 1.0, "z_index": 1.0 }
[Arena] 创建角色: quartermaster
[PlayerFactory] 设置 player_id: quartermaster
[PlayerFactory] 已加载脚本: res://scenes/unit/players/player_quartermaster.gd (player_id=quartermaster)
[PlayerFactory] 成功创建角色: quartermaster
[Arena] 警告: player_id 不匹配，重新设置:  -> quartermaster
[PlayerBase] player quartermaster has no equipped item
[ItemWeapon] 尝试加载武器场景: res://scenes/weapons/melee/weapon_melee_point.tscn
[ItemWeapon] 成功加载武器场景: res://scenes/weapons/melee/weapon_melee_point.tscn
[Player] weapon added: 拳头1级 (punch_1)
[Weapon] _ready() - Sprite2D 初始化:
  - 可见性: true
  - z_index: 2
  - 缩放: (1.0, 1.0)
  - 位置: (27.0, 0.0)
  - Sprite2D 全局位置: (527.0, 300.0)
  - Weapon 全局位置: (500.0, 300.0)
[Player] weapon node added to scene
[Player] weapon position: (0.0, 0.0)
[Player] weapon global position: (500.0, 300.0)
[Player] weapon visible: true
[Player] weapon z_index: 0
[Weapon] 加载贴图: res://assets/sprites/Weapons/Melee/Weapon_Punch.png
[Weapon] Sprite2D 可见性: true
[Weapon] Sprite2D 位置: (27.0, 0.0)
[Weapon] Sprite2D 缩放: (1.0, 1.0)
[Weapon] 贴图大小: (200.0, 100.0)
[Weapon] 武器设置完成: 拳头1级 (punch_1)
  - 类型: MELEE
  - 等级: 1
  - 形状类型: point
  - 子弹模式: 未指定
  - 碰撞体: 由 MeleeBehavior 动态创建
  - 基础场景: res://scenes/weapons/melee/weapon_melee_point.tscn
[Player] weapon position after layout: (0.0, -15.0)
[Player] weapon global position after layout: (500.0, 285.0)
[PlayerBase] player quartermaster loaded 1 weapons
[PlayerBase] death signal connected
[PlayerBase] start loading ultimate, player_id = quartermaster
[PlayerBase] ultimate config loaded: { "ult_id": "quartermaster_ult", "name": "火力链路", "duration": 10.0, "energy_cost": 40.0, "bonus_bond_tag": "assist", "visual_color_hex": "#999933", "scale_multiplier": 1.2, "explosion_radius": 240.0, "explosion_damage_scale": 1.1, "description": "军需官进入火力链路并增强压制节奏", "f_role_id": "quartermaster", "f_internal_cd": 0.95, "f_q_line_amp": 1.52, "f_q_closure_amp": 1.98, "f_special_value_1": 1.18, "f_special_value_2": 240.0, "f_special_value_3": 0.31, "f_bond_o_payload": "tag:alchemist|lv2:0.12|lv3:0.24|axis:line", "f_bond_m_payload": "tag:blaster|lv2:0.16|lv3:0.32|axis:closure", "f_bond_t_payload": "tag:assist|lv2:0.10|lv3:0.20|axis:tempo" }
[PlayerBase] ultimate script loaded: (res://scenes/skills/players/f_roles/skill_quartermaster_f.gd):<GDScript#-9223371554543367330>
[PlayerBase] ultimate node created
[PlayerBase] ultimate load complete: 火力链路
[SkillDrawingBase] _ready(): skill_quartermaster_q, skill_owner=PlayerGeneric:<Area2D#1113570939829>
[SkillDrawingBase] Line2D 创建成功: skill_quartermaster_q
[Arena] 生成角色成功: quartermaster 在位置 (500.0, 300.0)
[Arena] 玩家初始化完成
[CharacterSlot] 加载角色图标: quartermaster -> res://assets/sprites/Players/Player_15.png
[SquadHUD] 初始化 1 个角色卡槽
[Arena] 小队 HUD 初始化完成
[Arena] ===== _init_bond_hud() 开始 =====
[Arena] ✅ 找到 GameUI 节点: /root/Arena/GameUI
[Arena] ✅ BondHUD 场景加载成功
[Arena] ✅ BondHUD 实例化成功
[Arena] ✅ BondHUD 已添加到 GameUI
[Arena] BondHUD 路径: /root/Arena/GameUI/BondHUD
[Arena] BondHUD 可见性: true
[Arena] _ready() 完成，飘字保护已解除
[PlayerBase] SkillManager already exists (created by child: @Node@3445), loaded=3, skip auto create
[Arena] ===== 角色切换开始 =====
[Arena] 收到角色切换请求: quartermaster
[Arena] 跳过自动保存（QEF测试模式）: character_switch
[Arena] 当前玩家: quartermaster
[Arena] 当前玩家位置: (500.0, 300.0)
[Arena] 不清理旧玩家的技能效果（默认行为）
[Arena] 调用 player.queue_free()
[Arena] 等待一帧...
[DebugSwitcher] test mode enabled: wave_time=999, key8 toggles recording
[Arena] 玩家死亡信号已连接
[Arena] 触发 BondManager 重新计算羁绊...
[Arena] 当前队伍: ["quartermaster", "paladin", "bloodsworn"]
[Arena] ✅ 羁绊计算完成
[PlayerBase] Bond stat modifiers applied:
  HP: 108 -> 108
  Speed: 500
  EnergyRegen: 0.7
  PickupRange: 150
  Damage: 10
[Arena] ✅ 羁绊属性已应用到玩家
[Arena] ===== _init_bond_hud() 完成 =====
[Arena] 玩家死亡信号已连接
[Arena] 等待完成，开始生成新角色
[Arena] _spawn_player 开始: player_id=quartermaster, pos=(500.0, 300.0)
[Arena] Global.selected_player_weapons = { "quartermaster": "punch", "paladin": "punch", "bloodsworn": "punch" }
[Arena] visual_config: { "player_id": "quartermaster", "sprite_path": "res://assets/sprites/Players/Player_15.png", "scene_path": "res://scenes/unit/players/player_generic.tscn", "scale_x": 1.0, "scale_y": 1.0, "color_r": 1.0, "color_g": 1.0, "color_b": 1.0, "color_a": 1.0, "z_index": 1.0 }
[Arena] 创建角色: quartermaster
[PlayerFactory] 设置 player_id: quartermaster
[PlayerFactory] 已加载脚本: res://scenes/unit/players/player_quartermaster.gd (player_id=quartermaster)
[PlayerFactory] 成功创建角色: quartermaster
[Arena] 警告: player_id 不匹配，重新设置:  -> quartermaster
[PlayerBase] player quartermaster has no equipped item
[ItemWeapon] 尝试加载武器场景: res://scenes/weapons/melee/weapon_melee_point.tscn
[ItemWeapon] 成功加载武器场景: res://scenes/weapons/melee/weapon_melee_point.tscn
[Player] weapon added: 拳头1级 (punch_1)
[Weapon] _ready() - Sprite2D 初始化:
  - 可见性: true
  - z_index: 2
  - 缩放: (1.0, 1.0)
  - 位置: (27.0, 0.0)
  - Sprite2D 全局位置: (527.0, 300.0)
  - Weapon 全局位置: (500.0, 300.0)
[Player] weapon node added to scene
[Player] weapon position: (0.0, 0.0)
[Player] weapon global position: (500.0, 300.0)
[Player] weapon visible: true
[Player] weapon z_index: 0
[Weapon] 加载贴图: res://assets/sprites/Weapons/Melee/Weapon_Punch.png
[Weapon] Sprite2D 可见性: true
[Weapon] Sprite2D 位置: (27.0, 0.0)
[Weapon] Sprite2D 缩放: (1.0, 1.0)
[Weapon] 贴图大小: (200.0, 100.0)
[Weapon] 武器设置完成: 拳头1级 (punch_1)
  - 类型: MELEE
  - 等级: 1
  - 形状类型: point
  - 子弹模式: 未指定
  - 碰撞体: 由 MeleeBehavior 动态创建
  - 基础场景: res://scenes/weapons/melee/weapon_melee_point.tscn
[Player] weapon position after layout: (0.0, -15.0)
[Player] weapon global position after layout: (500.0, 285.0)
[PlayerBase] player quartermaster loaded 1 weapons
[PlayerBase] death signal connected
[PlayerBase] start loading ultimate, player_id = quartermaster
[PlayerBase] ultimate config loaded: { "ult_id": "quartermaster_ult", "name": "火力链路", "duration": 10.0, "energy_cost": 40.0, "bonus_bond_tag": "assist", "visual_color_hex": "#999933", "scale_multiplier": 1.2, "explosion_radius": 240.0, "explosion_damage_scale": 1.1, "description": "军需官进入火力链路并增强压制节奏", "f_role_id": "quartermaster", "f_internal_cd": 0.95, "f_q_line_amp": 1.52, "f_q_closure_amp": 1.98, "f_special_value_1": 1.18, "f_special_value_2": 240.0, "f_special_value_3": 0.31, "f_bond_o_payload": "tag:alchemist|lv2:0.12|lv3:0.24|axis:line", "f_bond_m_payload": "tag:blaster|lv2:0.16|lv3:0.32|axis:closure", "f_bond_t_payload": "tag:assist|lv2:0.10|lv3:0.20|axis:tempo" }
[PlayerBase] ultimate script loaded: (res://scenes/skills/players/f_roles/skill_quartermaster_f.gd):<GDScript#-9223371554543367330>
[PlayerBase] ultimate node created
[PlayerBase] ultimate load complete: 火力链路
[SkillDrawingBase] _ready(): skill_quartermaster_q, skill_owner=PlayerGeneric:<Area2D#1125700869259>
[SkillDrawingBase] Line2D 创建成功: skill_quartermaster_q
[Arena] 生成角色成功: quartermaster 在位置 (500.0, 300.0)
[PlayerBase] Bond stat modifiers applied:
  HP: 108 -> 108
  Speed: 500
  EnergyRegen: 0.7
  PickupRange: 150
  Damage: 10
[Arena] ✅ 角色切换后羁绊属性已重新应用
[Arena] ===== 角色切换结束 =====
[PlayerBase] SkillManager already exists (created by child: @Node@3457), loaded=3, skip auto create
[Arena] 玩家死亡信号已连接
[DebugSwitcher] replay started: d:/Godot/Production/PolyLash_Project/.godot_cli/Roaming/Godot/app_userdata/PolyLash/qa_reports/input_recordings/player_ops_20260315_115936_751_quartermaster.json
[Arena] ===== 角色切换开始 =====
[Arena] 收到角色切换请求: quartermaster
[Arena] 跳过自动保存（QEF测试模式）: character_switch
[Arena] 当前玩家: quartermaster
[Arena] 当前玩家位置: (500.0, 300.0)
[Arena] 不清理旧玩家的技能效果（默认行为）
[Arena] 调用 player.queue_free()
[Arena] 等待一帧...
[Arena] 等待完成，开始生成新角色
[Arena] _spawn_player 开始: player_id=quartermaster, pos=(500.0, 300.0)
[Arena] Global.selected_player_weapons = { "bloodsworn": "punch", "paladin": "punch", "quartermaster": "punch" }
[Arena] visual_config: { "player_id": "quartermaster", "sprite_path": "res://assets/sprites/Players/Player_15.png", "scene_path": "res://scenes/unit/players/player_generic.tscn", "scale_x": 1.0, "scale_y": 1.0, "color_r": 1.0, "color_g": 1.0, "color_b": 1.0, "color_a": 1.0, "z_index": 1.0 }
[Arena] 创建角色: quartermaster
[PlayerFactory] 设置 player_id: quartermaster
[PlayerFactory] 已加载脚本: res://scenes/unit/players/player_quartermaster.gd (player_id=quartermaster)
[PlayerFactory] 成功创建角色: quartermaster
[Arena] 警告: player_id 不匹配，重新设置:  -> quartermaster
[PlayerBase] player quartermaster has no equipped item
[ItemWeapon] 尝试加载武器场景: res://scenes/weapons/melee/weapon_melee_point.tscn
[ItemWeapon] 成功加载武器场景: res://scenes/weapons/melee/weapon_melee_point.tscn
[Player] weapon added: 拳头1级 (punch_1)
[Weapon] _ready() - Sprite2D 初始化:
  - 可见性: true
  - z_index: 2
  - 缩放: (1.0, 1.0)
  - 位置: (27.0, 0.0)
  - Sprite2D 全局位置: (527.0, 300.0)
  - Weapon 全局位置: (500.0, 300.0)
[Player] weapon node added to scene
[Player] weapon position: (0.0, 0.0)
[Player] weapon global position: (500.0, 300.0)
[Player] weapon visible: true
[Player] weapon z_index: 0
[Weapon] 加载贴图: res://assets/sprites/Weapons/Melee/Weapon_Punch.png
[Weapon] Sprite2D 可见性: true
[Weapon] Sprite2D 位置: (27.0, 0.0)
[Weapon] Sprite2D 缩放: (1.0, 1.0)
[Weapon] 贴图大小: (200.0, 100.0)
[Weapon] 武器设置完成: 拳头1级 (punch_1)
  - 类型: MELEE
  - 等级: 1
  - 形状类型: point
  - 子弹模式: 未指定
  - 碰撞体: 由 MeleeBehavior 动态创建
  - 基础场景: res://scenes/weapons/melee/weapon_melee_point.tscn
[Player] weapon position after layout: (0.0, -15.0)
[Player] weapon global position after layout: (500.0, 285.0)
[PlayerBase] player quartermaster loaded 1 weapons
[PlayerBase] death signal connected
[PlayerBase] start loading ultimate, player_id = quartermaster
[PlayerBase] ultimate config loaded: { "ult_id": "quartermaster_ult", "name": "火力链路", "duration": 10.0, "energy_cost": 40.0, "bonus_bond_tag": "assist", "visual_color_hex": "#999933", "scale_multiplier": 1.2, "explosion_radius": 240.0, "explosion_damage_scale": 1.1, "description": "军需官进入火力链路并增强压制节奏", "f_role_id": "quartermaster", "f_internal_cd": 0.95, "f_q_line_amp": 1.52, "f_q_closure_amp": 1.98, "f_special_value_1": 1.18, "f_special_value_2": 240.0, "f_special_value_3": 0.31, "f_bond_o_payload": "tag:alchemist|lv2:0.12|lv3:0.24|axis:line", "f_bond_m_payload": "tag:blaster|lv2:0.16|lv3:0.32|axis:closure", "f_bond_t_payload": "tag:assist|lv2:0.10|lv3:0.20|axis:tempo" }
[PlayerBase] ultimate script loaded: (res://scenes/skills/players/f_roles/skill_quartermaster_f.gd):<GDScript#-9223371554543367330>
[PlayerBase] ultimate node created
[PlayerBase] ultimate load complete: 火力链路
[SkillDrawingBase] _ready(): skill_quartermaster_q, skill_owner=PlayerGeneric:<Area2D#1152158537616>
[SkillDrawingBase] Line2D 创建成功: skill_quartermaster_q
[Arena] 生成角色成功: quartermaster 在位置 (500.0, 300.0)
[PlayerBase] Bond stat modifiers applied:
  HP: 108 -> 108
  Speed: 500
  EnergyRegen: 0.7
  PickupRange: 150
  Damage: 10
[Arena] ✅ 角色切换后羁绊属性已重新应用
[Arena] ===== 角色切换结束 =====
[PlayerBase] SkillManager already exists (created by child: @Node@3467), loaded=3, skip auto create
[Arena] 玩家死亡信号已连接
[skill_quartermaster_q] ===== 鏉╂稑鍙嗙憴鍕灊濡€崇础 ===== 鐠ч鍋? (498.728, 300.6364), line_2d閺堝鏅? true
[DebugSwitcher] test mode disabled
[DebugSwitcher] replay stopped
[BackgroundManager] 地图纹理大小: (994.000000, 460.000000)
[BackgroundManager] 初始化完成 - 瓦片大小: 2000, 已生成: 25 个瓦片
[ChestManager] 初始化完成 - 生成 2 个宝箱（分散布局）
[ChestManager] 初始化完成 - 预生成 2 个宝箱位置
[ChestIndicator] indicator_show_range = 3000 (from map_config.csv)
[ExitConfirmDialog] _ready() called
[Arena] _ready() 开始
[Arena] 已添加到 arena 组
[Arena] 已启用波末战利品模式，禁用旧宝箱流程
[Arena] 暂停菜单已初始化
[Arena] 商店面板已连接
[Arena] WaveRewardSystem 已创建
[Arena] WaveRewardPanel 已添加到 GameUI
[Arena] WildcardPanel 已添加到 GameUI
[Arena] BattleFlowController 已初始化
[Arena] Spawner 波次完成信号已连接
[Arena] 准备初始化玩家...
[Arena] _init_player_from_selection 开始
[Arena] selected_player_ids: ["singularist"]
[Arena] selected_player_weapons: { "singularist": "punch" }
WARNING: [ConfigManager] game_config 缺少键 'enable_wave_recruit_mode'，使用默认值: 1
   at: push_warning (core/variant/variant_utility.cpp:1034)
   GDScript backtrace (most recent call first):
       [0] get_game_setting (res://autoloads/config_manager.gd:590)
       [1] is_wave_recruit_mode_enabled (res://autoloads/global.gd:298)
       [2] enter_wave_recruit_mode (res://autoloads/global.gd:303)
       [3] _init_player_from_selection (res://scenes/arena/arena_core.gd:467)
       [4] _ready (res://scenes/arena/arena_core.gd:117)
[Arena] 场景中没有默认玩家，直接生成选择的角色
[Arena] _spawn_player 开始: player_id=singularist, pos=(500.0, 300.0)
[Arena] Global.selected_player_weapons = { "singularist": "punch" }
[Arena] visual_config: { "player_id": "singularist", "sprite_path": "res://assets/sprites/Players/Player_2.png", "scene_path": "res://scenes/unit/players/player_generic.tscn", "scale_x": 1.0, "scale_y": 1.0, "color_r": 1.0, "color_g": 1.0, "color_b": 1.0, "color_a": 1.0, "z_index": 1.0 }
[Arena] 创建角色: singularist
[PlayerFactory] 设置 player_id: singularist
[PlayerFactory] 已加载脚本: res://scenes/unit/players/player_singularist.gd (player_id=singularist)
[PlayerFactory] 成功创建角色: singularist
[Arena] 警告: player_id 不匹配，重新设置:  -> singularist
[PlayerBase] player singularist has no equipped item
[ItemWeapon] 尝试加载武器场景: res://scenes/weapons/melee/weapon_melee_point.tscn
[ItemWeapon] 成功加载武器场景: res://scenes/weapons/melee/weapon_melee_point.tscn
[Player] weapon added: 拳头1级 (punch_1)
[Weapon] _ready() - Sprite2D 初始化:
  - 可见性: true
  - z_index: 2
  - 缩放: (1.0, 1.0)
  - 位置: (27.0, 0.0)
  - Sprite2D 全局位置: (527.0, 300.0)
  - Weapon 全局位置: (500.0, 300.0)
[Player] weapon node added to scene
[Player] weapon position: (0.0, 0.0)
[Player] weapon global position: (500.0, 300.0)
[Player] weapon visible: true
[Player] weapon z_index: 0
[Weapon] 加载贴图: res://assets/sprites/Weapons/Melee/Weapon_Punch.png
[Weapon] Sprite2D 可见性: true
[Weapon] Sprite2D 位置: (27.0, 0.0)
[Weapon] Sprite2D 缩放: (1.0, 1.0)
[Weapon] 贴图大小: (200.0, 100.0)
[Weapon] 武器设置完成: 拳头1级 (punch_1)
  - 类型: MELEE
  - 等级: 1
  - 形状类型: point
  - 子弹模式: 未指定
  - 碰撞体: 由 MeleeBehavior 动态创建
  - 基础场景: res://scenes/weapons/melee/weapon_melee_point.tscn
[Player] weapon position after layout: (0.0, -15.0)
[Player] weapon global position after layout: (500.0, 285.0)
[PlayerBase] player singularist loaded 1 weapons
[PlayerBase] death signal connected
[PlayerBase] start loading ultimate, player_id = singularist
[PlayerBase] ultimate config loaded: { "ult_id": "singularist_ult", "name": "奇点牵引", "duration": 10.0, "energy_cost": 40.0, "bonus_bond_tag": "commander", "visual_color_hex": "#6A0DAD", "scale_multiplier": 1.2, "explosion_radius": 260.0, "explosion_damage_scale": 1.1, "description": "坍缩师启动奇点牵引并强化坍缩爆发", "f_role_id": "singularist", "f_internal_cd": 0.9, "f_q_line_amp": 1.57, "f_q_closure_amp": 2.04, "f_special_value_1": 1.26, "f_special_value_2": 265.0, "f_special_value_3": 0.28, "f_bond_o_payload": "tag:nomad|lv2:0.12|lv3:0.24|axis:line", "f_bond_m_payload": "tag:blaster|lv2:0.16|lv3:0.32|axis:closure", "f_bond_t_payload": "tag:commander|lv2:0.10|lv3:0.20|axis:tempo" }
[PlayerBase] ultimate script loaded: (res://scenes/skills/players/f_roles/skill_singularist_f.gd):<GDScript#-9223370818745003486>
[PlayerBase] ultimate node created
[PlayerBase] ultimate load complete: 奇点牵引
[SkillDrawingBase] _ready(): skill_singularist_q, skill_owner=PlayerGeneric:<Area2D#1215811294318>
[SkillDrawingBase] Line2D 创建成功: skill_singularist_q
[Arena] 生成角色成功: singularist 在位置 (500.0, 300.0)
[Arena] 玩家初始化完成
[CharacterSlot] 加载角色图标: singularist -> res://assets/sprites/Players/Player_2.png
[SquadHUD] 初始化 1 个角色卡槽
[Arena] 小队 HUD 初始化完成
[Arena] ===== _init_bond_hud() 开始 =====
[Arena] ✅ 找到 GameUI 节点: /root/Arena/GameUI
[Arena] ✅ BondHUD 场景加载成功
[Arena] ✅ BondHUD 实例化成功
[Arena] ✅ BondHUD 已添加到 GameUI
[Arena] BondHUD 路径: /root/Arena/GameUI/BondHUD
[Arena] BondHUD 可见性: true
[Arena] _ready() 完成，飘字保护已解除
[PlayerBase] SkillManager already exists (created by child: @Node@3509), loaded=3, skip auto create
[Arena] ===== 角色切换开始 =====
[Arena] 收到角色切换请求: singularist
[Arena] 跳过自动保存（QEF测试模式）: character_switch
[Arena] 当前玩家: singularist
[Arena] 当前玩家位置: (500.0, 300.0)
[Arena] 不清理旧玩家的技能效果（默认行为）
[Arena] 调用 player.queue_free()
[Arena] 等待一帧...
[DebugSwitcher] test mode enabled: wave_time=999, key8 toggles recording
[Arena] 玩家死亡信号已连接
[Arena] 触发 BondManager 重新计算羁绊...
[Arena] 当前队伍: ["gildhand", "singularist", "executioner"]
[Arena] ✅ 羁绊计算完成
[PlayerBase] Bond stat modifiers applied:
  HP: 103 -> 103
  Speed: 510
  EnergyRegen: 0.8
  PickupRange: 150
  Damage: 10
[Arena] ✅ 羁绊属性已应用到玩家
[Arena] ===== _init_bond_hud() 完成 =====
[Arena] 玩家死亡信号已连接
[skill_singularist_q] ===== 鏉╂稑鍙嗙憴鍕灊濡€崇础 ===== 鐠ч鍋? (0.000244, -0.636047), line_2d閺堝鏅? true
[Arena] 等待完成，开始生成新角色
[Arena] _spawn_player 开始: player_id=singularist, pos=(500.0, 300.0)
[Arena] Global.selected_player_weapons = { "gildhand": "punch", "singularist": "punch", "executioner": "punch" }
[Arena] visual_config: { "player_id": "singularist", "sprite_path": "res://assets/sprites/Players/Player_2.png", "scene_path": "res://scenes/unit/players/player_generic.tscn", "scale_x": 1.0, "scale_y": 1.0, "color_r": 1.0, "color_g": 1.0, "color_b": 1.0, "color_a": 1.0, "z_index": 1.0 }
[Arena] 创建角色: singularist
[PlayerFactory] 设置 player_id: singularist
[PlayerFactory] 已加载脚本: res://scenes/unit/players/player_singularist.gd (player_id=singularist)
[PlayerFactory] 成功创建角色: singularist
[Arena] 警告: player_id 不匹配，重新设置:  -> singularist
[PlayerBase] player singularist has no equipped item
[ItemWeapon] 尝试加载武器场景: res://scenes/weapons/melee/weapon_melee_point.tscn
[ItemWeapon] 成功加载武器场景: res://scenes/weapons/melee/weapon_melee_point.tscn
[Player] weapon added: 拳头1级 (punch_1)
[Weapon] _ready() - Sprite2D 初始化:
  - 可见性: true
  - z_index: 2
  - 缩放: (1.0, 1.0)
  - 位置: (27.0, 0.0)
  - Sprite2D 全局位置: (527.0, 300.0)
  - Weapon 全局位置: (500.0, 300.0)
[Player] weapon node added to scene
[Player] weapon position: (0.0, 0.0)
[Player] weapon global position: (500.0, 300.0)
[Player] weapon visible: true
[Player] weapon z_index: 0
[Weapon] 加载贴图: res://assets/sprites/Weapons/Melee/Weapon_Punch.png
[Weapon] Sprite2D 可见性: true
[Weapon] Sprite2D 位置: (27.0, 0.0)
[Weapon] Sprite2D 缩放: (1.0, 1.0)
[Weapon] 贴图大小: (200.0, 100.0)
[Weapon] 武器设置完成: 拳头1级 (punch_1)
  - 类型: MELEE
  - 等级: 1
  - 形状类型: point
  - 子弹模式: 未指定
  - 碰撞体: 由 MeleeBehavior 动态创建
  - 基础场景: res://scenes/weapons/melee/weapon_melee_point.tscn
[Player] weapon position after layout: (0.0, -15.0)
[Player] weapon global position after layout: (500.0, 285.0)
[PlayerBase] player singularist loaded 1 weapons
[PlayerBase] death signal connected
[PlayerBase] start loading ultimate, player_id = singularist
[PlayerBase] ultimate config loaded: { "ult_id": "singularist_ult", "name": "奇点牵引", "duration": 10.0, "energy_cost": 40.0, "bonus_bond_tag": "commander", "visual_color_hex": "#6A0DAD", "scale_multiplier": 1.2, "explosion_radius": 260.0, "explosion_damage_scale": 1.1, "description": "坍缩师启动奇点牵引并强化坍缩爆发", "f_role_id": "singularist", "f_internal_cd": 0.9, "f_q_line_amp": 1.57, "f_q_closure_amp": 2.04, "f_special_value_1": 1.26, "f_special_value_2": 265.0, "f_special_value_3": 0.28, "f_bond_o_payload": "tag:nomad|lv2:0.12|lv3:0.24|axis:line", "f_bond_m_payload": "tag:blaster|lv2:0.16|lv3:0.32|axis:closure", "f_bond_t_payload": "tag:commander|lv2:0.10|lv3:0.20|axis:tempo" }
[PlayerBase] ultimate script loaded: (res://scenes/skills/players/f_roles/skill_singularist_f.gd):<GDScript#-9223370818745003486>
[PlayerBase] ultimate node created
[PlayerBase] ultimate load complete: 奇点牵引
[SkillDrawingBase] _ready(): skill_singularist_q, skill_owner=PlayerGeneric:<Area2D#1233444147878>
[SkillDrawingBase] Line2D 创建成功: skill_singularist_q
[Arena] 生成角色成功: singularist 在位置 (500.0, 300.0)
[PlayerBase] Bond stat modifiers applied:
  HP: 103 -> 103
  Speed: 510
  EnergyRegen: 0.8
  PickupRange: 150
  Damage: 10
[Arena] ✅ 角色切换后羁绊属性已重新应用
[Arena] ===== 角色切换结束 =====
[PlayerBase] SkillManager already exists (created by child: @Node@3531), loaded=3, skip auto create
[skill_singularist_q] ===== 鏉╂稑鍙嗙憴鍕灊濡€崇础 ===== 鐠ч鍋? (500.0002, 299.364), line_2d閺堝鏅? true
[Arena] 玩家死亡信号已连接
[Arena] ===== 角色切换开始 =====
[Arena] 收到角色切换请求: singularist
[Arena] 跳过自动保存（QEF测试模式）: character_switch
[Arena] 当前玩家: singularist
[Arena] 当前玩家位置: (500.0, 300.0)
[Arena] 不清理旧玩家的技能效果（默认行为）
[Arena] 调用 player.queue_free()
[Arena] 等待一帧...
[DebugSwitcher] recording started: d:/Godot/Production/PolyLash_Project/.godot_cli/Roaming/Godot/app_userdata/PolyLash/qa_reports/input_recordings/player_ops_20260315_115940_542_singularist.json
[skill_singularist_q] ===== 鏉╂稑鍙嗙憴鍕灊濡€崇础 ===== 鐠ч鍋? (500.0002, 299.364), line_2d閺堝鏅? true
[Arena] 等待完成，开始生成新角色
[Arena] _spawn_player 开始: player_id=singularist, pos=(500.0, 300.0)
[Arena] Global.selected_player_weapons = { "gildhand": "punch", "singularist": "punch", "executioner": "punch" }
[Arena] visual_config: { "player_id": "singularist", "sprite_path": "res://assets/sprites/Players/Player_2.png", "scene_path": "res://scenes/unit/players/player_generic.tscn", "scale_x": 1.0, "scale_y": 1.0, "color_r": 1.0, "color_g": 1.0, "color_b": 1.0, "color_a": 1.0, "z_index": 1.0 }
[Arena] 创建角色: singularist
[PlayerFactory] 设置 player_id: singularist
[PlayerFactory] 已加载脚本: res://scenes/unit/players/player_singularist.gd (player_id=singularist)
[PlayerFactory] 成功创建角色: singularist
[Arena] 警告: player_id 不匹配，重新设置:  -> singularist
[PlayerBase] player singularist has no equipped item
[ItemWeapon] 尝试加载武器场景: res://scenes/weapons/melee/weapon_melee_point.tscn
[ItemWeapon] 成功加载武器场景: res://scenes/weapons/melee/weapon_melee_point.tscn
[Player] weapon added: 拳头1级 (punch_1)
[Weapon] _ready() - Sprite2D 初始化:
  - 可见性: true
  - z_index: 2
  - 缩放: (1.0, 1.0)
  - 位置: (27.0, 0.0)
  - Sprite2D 全局位置: (527.0, 300.0)
  - Weapon 全局位置: (500.0, 300.0)
[Player] weapon node added to scene
[Player] weapon position: (0.0, 0.0)
[Player] weapon global position: (500.0, 300.0)
[Player] weapon visible: true
[Player] weapon z_index: 0
[Weapon] 加载贴图: res://assets/sprites/Weapons/Melee/Weapon_Punch.png
[Weapon] Sprite2D 可见性: true
[Weapon] Sprite2D 位置: (27.0, 0.0)
[Weapon] Sprite2D 缩放: (1.0, 1.0)
[Weapon] 贴图大小: (200.0, 100.0)
[Weapon] 武器设置完成: 拳头1级 (punch_1)
  - 类型: MELEE
  - 等级: 1
  - 形状类型: point
  - 子弹模式: 未指定
  - 碰撞体: 由 MeleeBehavior 动态创建
  - 基础场景: res://scenes/weapons/melee/weapon_melee_point.tscn
[Player] weapon position after layout: (0.0, -15.0)
[Player] weapon global position after layout: (500.0, 285.0)
[PlayerBase] player singularist loaded 1 weapons
[PlayerBase] death signal connected
[PlayerBase] start loading ultimate, player_id = singularist
[PlayerBase] ultimate config loaded: { "ult_id": "singularist_ult", "name": "奇点牵引", "duration": 10.0, "energy_cost": 40.0, "bonus_bond_tag": "commander", "visual_color_hex": "#6A0DAD", "scale_multiplier": 1.2, "explosion_radius": 260.0, "explosion_damage_scale": 1.1, "description": "坍缩师启动奇点牵引并强化坍缩爆发", "f_role_id": "singularist", "f_internal_cd": 0.9, "f_q_line_amp": 1.57, "f_q_closure_amp": 2.04, "f_special_value_1": 1.26, "f_special_value_2": 265.0, "f_special_value_3": 0.28, "f_bond_o_payload": "tag:nomad|lv2:0.12|lv3:0.24|axis:line", "f_bond_m_payload": "tag:blaster|lv2:0.16|lv3:0.32|axis:closure", "f_bond_t_payload": "tag:commander|lv2:0.10|lv3:0.20|axis:tempo" }
[PlayerBase] ultimate script loaded: (res://scenes/skills/players/f_roles/skill_singularist_f.gd):<GDScript#-9223370818745003486>
[PlayerBase] ultimate node created
[PlayerBase] ultimate load complete: 奇点牵引
[SkillDrawingBase] _ready(): skill_singularist_q, skill_owner=PlayerGeneric:<Area2D#1251882308262>
[SkillDrawingBase] Line2D 创建成功: skill_singularist_q
[Arena] 生成角色成功: singularist 在位置 (500.0, 300.0)
[PlayerBase] Bond stat modifiers applied:
  HP: 103 -> 103
  Speed: 510
  EnergyRegen: 0.8
  PickupRange: 150
  Damage: 10
[Arena] ✅ 角色切换后羁绊属性已重新应用
[Arena] ===== 角色切换结束 =====
[PlayerBase] SkillManager already exists (created by child: @Node@3541), loaded=3, skip auto create
[skill_singularist_q] ===== 鏉╂稑鍙嗙憴鍕灊濡€崇础 ===== 鐠ч鍋? (500.0002, 299.364), line_2d閺堝鏅? true
[Arena] 玩家死亡信号已连接
[HealthComponent] 血量归零，触发死亡信号
[PlayerBase] Q released -> release_skill('q')
[skill_singularist_q] ===== 退出规划模式 ===== 点数: 66, 闭合: false
[skill_singularist_q] 最终闭合判定: false
[skill_singularist_q] 閻㈢喐鍨氬鈧弨鎹愮熅瀵板嫭鏅ラ弸婊愮礉閸樼喎顫愰悙瑙勬殶: 66, 閸氬牆鑻熺痪鎸庮唽閺? 7
[skill_singularist_q] open-path effects spawned
[ExplosionArea] 检测到 0 个重叠区域
[ExplosionArea] 共击中 0 个敌人
[ExplosionArea] 检测到 0 个重叠区域
[ExplosionArea] 共击中 0 个敌人
[ExplosionArea] 检测到 0 个重叠区域
[ExplosionArea] 共击中 0 个敌人
[ExplosionArea] 检测到 0 个重叠区域
[ExplosionArea] 共击中 0 个敌人
[HealthComponent] 已经死亡，忽略伤害
[PlayerBase] E pressed -> execute_skill('e')
[HealthComponent] 已经死亡，忽略伤害
[PlayerBase] F pressed, ultimate_skill = UltimateSkill:<Node#1253610362722>
[PlayerBase] try activate ultimate, energy: 100.0%
[HealthComponent] 血量归零，触发死亡信号
[HealthComponent] 血量归零，触发死亡信号
[HealthComponent] 已经死亡，忽略伤害
[HealthComponent] 已经死亡，忽略伤害
[ExplosionArea] 检测到 0 个重叠区域
[ExplosionArea] 共击中 0 个敌人
[DebugSwitcher] record saved: d:/Godot/Production/PolyLash_Project/.godot_cli/Roaming/Godot/app_userdata/PolyLash/qa_reports/input_recordings/player_ops_20260315_115940_542_singularist.json
[HealthComponent] 已经死亡，忽略伤害
[HealthComponent] 已经死亡，忽略伤害
[DebugSwitcher] test mode disabled
[BackgroundManager] 地图纹理大小: (994.000000, 460.000000)
[BackgroundManager] 初始化完成 - 瓦片大小: 2000, 已生成: 25 个瓦片
[ChestManager] 初始化完成 - 生成 2 个宝箱（分散布局）
[ChestManager] 初始化完成 - 预生成 2 个宝箱位置
[ChestIndicator] indicator_show_range = 3000 (from map_config.csv)
[ExitConfirmDialog] _ready() called
[Arena] _ready() 开始
[Arena] 已添加到 arena 组
[Arena] 已启用波末战利品模式，禁用旧宝箱流程
[Arena] 暂停菜单已初始化
[Arena] 商店面板已连接
[Arena] WaveRewardSystem 已创建
[Arena] WaveRewardPanel 已添加到 GameUI
[Arena] WildcardPanel 已添加到 GameUI
[Arena] BattleFlowController 已初始化
[Arena] Spawner 波次完成信号已连接
[Arena] 准备初始化玩家...
[Arena] _init_player_from_selection 开始
[Arena] selected_player_ids: ["singularist"]
[Arena] selected_player_weapons: { "singularist": "punch" }
WARNING: [ConfigManager] game_config 缺少键 'enable_wave_recruit_mode'，使用默认值: 1
   at: push_warning (core/variant/variant_utility.cpp:1034)
   GDScript backtrace (most recent call first):
       [0] get_game_setting (res://autoloads/config_manager.gd:590)
       [1] is_wave_recruit_mode_enabled (res://autoloads/global.gd:298)
       [2] enter_wave_recruit_mode (res://autoloads/global.gd:303)
       [3] _init_player_from_selection (res://scenes/arena/arena_core.gd:467)
       [4] _ready (res://scenes/arena/arena_core.gd:117)
[Arena] 场景中没有默认玩家，直接生成选择的角色
[Arena] _spawn_player 开始: player_id=singularist, pos=(500.0, 300.0)
[Arena] Global.selected_player_weapons = { "singularist": "punch" }
[Arena] visual_config: { "player_id": "singularist", "sprite_path": "res://assets/sprites/Players/Player_2.png", "scene_path": "res://scenes/unit/players/player_generic.tscn", "scale_x": 1.0, "scale_y": 1.0, "color_r": 1.0, "color_g": 1.0, "color_b": 1.0, "color_a": 1.0, "z_index": 1.0 }
[Arena] 创建角色: singularist
[PlayerFactory] 设置 player_id: singularist
[PlayerFactory] 已加载脚本: res://scenes/unit/players/player_singularist.gd (player_id=singularist)
[PlayerFactory] 成功创建角色: singularist
[Arena] 警告: player_id 不匹配，重新设置:  -> singularist
[PlayerBase] player singularist has no equipped item
[ItemWeapon] 尝试加载武器场景: res://scenes/weapons/melee/weapon_melee_point.tscn
[ItemWeapon] 成功加载武器场景: res://scenes/weapons/melee/weapon_melee_point.tscn
[Player] weapon added: 拳头1级 (punch_1)
[Weapon] _ready() - Sprite2D 初始化:
  - 可见性: true
  - z_index: 2
  - 缩放: (1.0, 1.0)
  - 位置: (27.0, 0.0)
  - Sprite2D 全局位置: (527.0, 300.0)
  - Weapon 全局位置: (500.0, 300.0)
[Player] weapon node added to scene
[Player] weapon position: (0.0, 0.0)
[Player] weapon global position: (500.0, 300.0)
[Player] weapon visible: true
[Player] weapon z_index: 0
[Weapon] 加载贴图: res://assets/sprites/Weapons/Melee/Weapon_Punch.png
[Weapon] Sprite2D 可见性: true
[Weapon] Sprite2D 位置: (27.0, 0.0)
[Weapon] Sprite2D 缩放: (1.0, 1.0)
[Weapon] 贴图大小: (200.0, 100.0)
[Weapon] 武器设置完成: 拳头1级 (punch_1)
  - 类型: MELEE
  - 等级: 1
  - 形状类型: point
  - 子弹模式: 未指定
  - 碰撞体: 由 MeleeBehavior 动态创建
  - 基础场景: res://scenes/weapons/melee/weapon_melee_point.tscn
[Player] weapon position after layout: (0.0, -15.0)
[Player] weapon global position after layout: (500.0, 285.0)
[PlayerBase] player singularist loaded 1 weapons
[PlayerBase] death signal connected
[PlayerBase] start loading ultimate, player_id = singularist
[PlayerBase] ultimate config loaded: { "ult_id": "singularist_ult", "name": "奇点牵引", "duration": 10.0, "energy_cost": 40.0, "bonus_bond_tag": "commander", "visual_color_hex": "#6A0DAD", "scale_multiplier": 1.2, "explosion_radius": 260.0, "explosion_damage_scale": 1.1, "description": "坍缩师启动奇点牵引并强化坍缩爆发", "f_role_id": "singularist", "f_internal_cd": 0.9, "f_q_line_amp": 1.57, "f_q_closure_amp": 2.04, "f_special_value_1": 1.26, "f_special_value_2": 265.0, "f_special_value_3": 0.28, "f_bond_o_payload": "tag:nomad|lv2:0.12|lv3:0.24|axis:line", "f_bond_m_payload": "tag:blaster|lv2:0.16|lv3:0.32|axis:closure", "f_bond_t_payload": "tag:commander|lv2:0.10|lv3:0.20|axis:tempo" }
[PlayerBase] ultimate script loaded: (res://scenes/skills/players/f_roles/skill_singularist_f.gd):<GDScript#-9223370818745003486>
[PlayerBase] ultimate node created
[PlayerBase] ultimate load complete: 奇点牵引
[SkillDrawingBase] _ready(): skill_singularist_q, skill_owner=PlayerGeneric:<Area2D#1324896755109>
[SkillDrawingBase] Line2D 创建成功: skill_singularist_q
[Arena] 生成角色成功: singularist 在位置 (500.0, 300.0)
[Arena] 玩家初始化完成
[CharacterSlot] 加载角色图标: singularist -> res://assets/sprites/Players/Player_2.png
[SquadHUD] 初始化 1 个角色卡槽
[Arena] 小队 HUD 初始化完成
[Arena] ===== _init_bond_hud() 开始 =====
[Arena] ✅ 找到 GameUI 节点: /root/Arena/GameUI
[Arena] ✅ BondHUD 场景加载成功
[Arena] ✅ BondHUD 实例化成功
[Arena] ✅ BondHUD 已添加到 GameUI
[Arena] BondHUD 路径: /root/Arena/GameUI/BondHUD
[Arena] BondHUD 可见性: true
[Arena] _ready() 完成，飘字保护已解除
[PlayerBase] SkillManager already exists (created by child: @Node@3841), loaded=3, skip auto create
[Arena] ===== 角色切换开始 =====
[Arena] 收到角色切换请求: singularist
[Arena] 跳过自动保存（QEF测试模式）: character_switch
[Arena] 当前玩家: singularist
[Arena] 当前玩家位置: (500.0, 300.0)
[Arena] 不清理旧玩家的技能效果（默认行为）
[Arena] 调用 player.queue_free()
[Arena] 等待一帧...
[DebugSwitcher] test mode enabled: wave_time=999, key8 toggles recording
[Arena] 玩家死亡信号已连接
[Arena] 触发 BondManager 重新计算羁绊...
[Arena] 当前队伍: ["gildhand", "singularist", "executioner"]
[Arena] ✅ 羁绊计算完成
[PlayerBase] Bond stat modifiers applied:
  HP: 103 -> 103
  Speed: 510
  EnergyRegen: 0.8
  PickupRange: 150
  Damage: 10
[Arena] ✅ 羁绊属性已应用到玩家
[Arena] ===== _init_bond_hud() 完成 =====
[Arena] 玩家死亡信号已连接
[Arena] 等待完成，开始生成新角色
[Arena] _spawn_player 开始: player_id=singularist, pos=(500.0, 300.0)
[Arena] Global.selected_player_weapons = { "gildhand": "punch", "singularist": "punch", "executioner": "punch" }
[Arena] visual_config: { "player_id": "singularist", "sprite_path": "res://assets/sprites/Players/Player_2.png", "scene_path": "res://scenes/unit/players/player_generic.tscn", "scale_x": 1.0, "scale_y": 1.0, "color_r": 1.0, "color_g": 1.0, "color_b": 1.0, "color_a": 1.0, "z_index": 1.0 }
[Arena] 创建角色: singularist
[PlayerFactory] 设置 player_id: singularist
[PlayerFactory] 已加载脚本: res://scenes/unit/players/player_singularist.gd (player_id=singularist)
[PlayerFactory] 成功创建角色: singularist
[Arena] 警告: player_id 不匹配，重新设置:  -> singularist
[PlayerBase] player singularist has no equipped item
[ItemWeapon] 尝试加载武器场景: res://scenes/weapons/melee/weapon_melee_point.tscn
[ItemWeapon] 成功加载武器场景: res://scenes/weapons/melee/weapon_melee_point.tscn
[Player] weapon added: 拳头1级 (punch_1)
[Weapon] _ready() - Sprite2D 初始化:
  - 可见性: true
  - z_index: 2
  - 缩放: (1.0, 1.0)
  - 位置: (27.0, 0.0)
  - Sprite2D 全局位置: (527.0, 300.0)
  - Weapon 全局位置: (500.0, 300.0)
[Player] weapon node added to scene
[Player] weapon position: (0.0, 0.0)
[Player] weapon global position: (500.0, 300.0)
[Player] weapon visible: true
[Player] weapon z_index: 0
[Weapon] 加载贴图: res://assets/sprites/Weapons/Melee/Weapon_Punch.png
[Weapon] Sprite2D 可见性: true
[Weapon] Sprite2D 位置: (27.0, 0.0)
[Weapon] Sprite2D 缩放: (1.0, 1.0)
[Weapon] 贴图大小: (200.0, 100.0)
[Weapon] 武器设置完成: 拳头1级 (punch_1)
  - 类型: MELEE
  - 等级: 1
  - 形状类型: point
  - 子弹模式: 未指定
  - 碰撞体: 由 MeleeBehavior 动态创建
  - 基础场景: res://scenes/weapons/melee/weapon_melee_point.tscn
[Player] weapon position after layout: (0.0, -15.0)
[Player] weapon global position after layout: (500.0, 285.0)
[PlayerBase] player singularist loaded 1 weapons
[PlayerBase] death signal connected
[PlayerBase] start loading ultimate, player_id = singularist
[PlayerBase] ultimate config loaded: { "ult_id": "singularist_ult", "name": "奇点牵引", "duration": 10.0, "energy_cost": 40.0, "bonus_bond_tag": "commander", "visual_color_hex": "#6A0DAD", "scale_multiplier": 1.2, "explosion_radius": 260.0, "explosion_damage_scale": 1.1, "description": "坍缩师启动奇点牵引并强化坍缩爆发", "f_role_id": "singularist", "f_internal_cd": 0.9, "f_q_line_amp": 1.57, "f_q_closure_amp": 2.04, "f_special_value_1": 1.26, "f_special_value_2": 265.0, "f_special_value_3": 0.28, "f_bond_o_payload": "tag:nomad|lv2:0.12|lv3:0.24|axis:line", "f_bond_m_payload": "tag:blaster|lv2:0.16|lv3:0.32|axis:closure", "f_bond_t_payload": "tag:commander|lv2:0.10|lv3:0.20|axis:tempo" }
[PlayerBase] ultimate script loaded: (res://scenes/skills/players/f_roles/skill_singularist_f.gd):<GDScript#-9223370818745003486>
[PlayerBase] ultimate node created
[PlayerBase] ultimate load complete: 奇点牵引
[SkillDrawingBase] _ready(): skill_singularist_q, skill_owner=PlayerGeneric:<Area2D#1334627540389>
[SkillDrawingBase] Line2D 创建成功: skill_singularist_q
[Arena] 生成角色成功: singularist 在位置 (500.0, 300.0)
[PlayerBase] Bond stat modifiers applied:
  HP: 103 -> 103
  Speed: 510
  EnergyRegen: 0.8
  PickupRange: 150
  Damage: 10
[Arena] ✅ 角色切换后羁绊属性已重新应用
[Arena] ===== 角色切换结束 =====
[PlayerBase] SkillManager already exists (created by child: @Node@3852), loaded=3, skip auto create
[Arena] 玩家死亡信号已连接
[DebugSwitcher] replay started: d:/Godot/Production/PolyLash_Project/.godot_cli/Roaming/Godot/app_userdata/PolyLash/qa_reports/input_recordings/player_ops_20260315_115940_542_singularist.json
[Arena] ===== 角色切换开始 =====
[Arena] 收到角色切换请求: singularist
[Arena] 跳过自动保存（QEF测试模式）: character_switch
[Arena] 当前玩家: singularist
[Arena] 当前玩家位置: (500.0, 300.0)
[Arena] 不清理旧玩家的技能效果（默认行为）
[Arena] 调用 player.queue_free()
[Arena] 等待一帧...
[Arena] 等待完成，开始生成新角色
[Arena] _spawn_player 开始: player_id=singularist, pos=(500.0, 300.0)
[Arena] Global.selected_player_weapons = { "executioner": "punch", "gildhand": "punch", "singularist": "punch" }
[Arena] visual_config: { "player_id": "singularist", "sprite_path": "res://assets/sprites/Players/Player_2.png", "scene_path": "res://scenes/unit/players/player_generic.tscn", "scale_x": 1.0, "scale_y": 1.0, "color_r": 1.0, "color_g": 1.0, "color_b": 1.0, "color_a": 1.0, "z_index": 1.0 }
[Arena] 创建角色: singularist
[PlayerFactory] 设置 player_id: singularist
[PlayerFactory] 已加载脚本: res://scenes/unit/players/player_singularist.gd (player_id=singularist)
[PlayerFactory] 成功创建角色: singularist
[Arena] 警告: player_id 不匹配，重新设置:  -> singularist
[PlayerBase] player singularist has no equipped item
[ItemWeapon] 尝试加载武器场景: res://scenes/weapons/melee/weapon_melee_point.tscn
[ItemWeapon] 成功加载武器场景: res://scenes/weapons/melee/weapon_melee_point.tscn
[Player] weapon added: 拳头1级 (punch_1)
[Weapon] _ready() - Sprite2D 初始化:
  - 可见性: true
  - z_index: 2
  - 缩放: (1.0, 1.0)
  - 位置: (27.0, 0.0)
  - Sprite2D 全局位置: (527.0, 300.0)
  - Weapon 全局位置: (500.0, 300.0)
[Player] weapon node added to scene
[Player] weapon position: (0.0, 0.0)
[Player] weapon global position: (500.0, 300.0)
[Player] weapon visible: true
[Player] weapon z_index: 0
[Weapon] 加载贴图: res://assets/sprites/Weapons/Melee/Weapon_Punch.png
[Weapon] Sprite2D 可见性: true
[Weapon] Sprite2D 位置: (27.0, 0.0)
[Weapon] Sprite2D 缩放: (1.0, 1.0)
[Weapon] 贴图大小: (200.0, 100.0)
[Weapon] 武器设置完成: 拳头1级 (punch_1)
  - 类型: MELEE
  - 等级: 1
  - 形状类型: point
  - 子弹模式: 未指定
  - 碰撞体: 由 MeleeBehavior 动态创建
  - 基础场景: res://scenes/weapons/melee/weapon_melee_point.tscn
[Player] weapon position after layout: (0.0, -15.0)
[Player] weapon global position after layout: (500.0, 285.0)
[PlayerBase] player singularist loaded 1 weapons
[PlayerBase] death signal connected
[PlayerBase] start loading ultimate, player_id = singularist
[PlayerBase] ultimate config loaded: { "ult_id": "singularist_ult", "name": "奇点牵引", "duration": 10.0, "energy_cost": 40.0, "bonus_bond_tag": "commander", "visual_color_hex": "#6A0DAD", "scale_multiplier": 1.2, "explosion_radius": 260.0, "explosion_damage_scale": 1.1, "description": "坍缩师启动奇点牵引并强化坍缩爆发", "f_role_id": "singularist", "f_internal_cd": 0.9, "f_q_line_amp": 1.57, "f_q_closure_amp": 2.04, "f_special_value_1": 1.26, "f_special_value_2": 265.0, "f_special_value_3": 0.28, "f_bond_o_payload": "tag:nomad|lv2:0.12|lv3:0.24|axis:line", "f_bond_m_payload": "tag:blaster|lv2:0.16|lv3:0.32|axis:closure", "f_bond_t_payload": "tag:commander|lv2:0.10|lv3:0.20|axis:tempo" }
[PlayerBase] ultimate script loaded: (res://scenes/skills/players/f_roles/skill_singularist_f.gd):<GDScript#-9223370818745003486>
[PlayerBase] ultimate node created
[PlayerBase] ultimate load complete: 奇点牵引
[SkillDrawingBase] _ready(): skill_singularist_q, skill_owner=PlayerGeneric:<Area2D#1352176508326>
[SkillDrawingBase] Line2D 创建成功: skill_singularist_q
[Arena] 生成角色成功: singularist 在位置 (500.0, 300.0)
[PlayerBase] Bond stat modifiers applied:
  HP: 103 -> 103
  Speed: 510
  EnergyRegen: 0.8
  PickupRange: 150
  Damage: 10
[Arena] ✅ 角色切换后羁绊属性已重新应用
[Arena] ===== 角色切换结束 =====
[PlayerBase] SkillManager already exists (created by child: @Node@3862), loaded=3, skip auto create
[Arena] 玩家死亡信号已连接
[HealthComponent] 血量归零，触发死亡信号
[skill_singularist_q] ===== 鏉╂稑鍙嗙憴鍕灊濡€崇础 ===== 鐠ч鍋? (501.2432, 300.7363), line_2d閺堝鏅? true
[DebugSwitcher] test mode disabled
[DebugSwitcher] replay stopped
[BackgroundManager] 地图纹理大小: (994.000000, 460.000000)
[BackgroundManager] 初始化完成 - 瓦片大小: 2000, 已生成: 25 个瓦片
[ChestManager] 初始化完成 - 生成 2 个宝箱（分散布局）
[ChestManager] 初始化完成 - 预生成 2 个宝箱位置
[ChestIndicator] indicator_show_range = 3000 (from map_config.csv)
[ExitConfirmDialog] _ready() called
[Arena] _ready() 开始
[Arena] 已添加到 arena 组
[Arena] 已启用波末战利品模式，禁用旧宝箱流程
[Arena] 暂停菜单已初始化
[Arena] 商店面板已连接
[Arena] WaveRewardSystem 已创建
[Arena] WaveRewardPanel 已添加到 GameUI
[Arena] WildcardPanel 已添加到 GameUI
[Arena] BattleFlowController 已初始化
[Arena] Spawner 波次完成信号已连接
[Arena] 准备初始化玩家...
[Arena] _init_player_from_selection 开始
[Arena] selected_player_ids: ["banner"]
[Arena] selected_player_weapons: { "banner": "punch" }
WARNING: [ConfigManager] game_config 缺少键 'enable_wave_recruit_mode'，使用默认值: 1
   at: push_warning (core/variant/variant_utility.cpp:1034)
   GDScript backtrace (most recent call first):
       [0] get_game_setting (res://autoloads/config_manager.gd:590)
       [1] is_wave_recruit_mode_enabled (res://autoloads/global.gd:298)
       [2] enter_wave_recruit_mode (res://autoloads/global.gd:303)
       [3] _init_player_from_selection (res://scenes/arena/arena_core.gd:467)
       [4] _ready (res://scenes/arena/arena_core.gd:117)
[Arena] 场景中没有默认玩家，直接生成选择的角色
[Arena] _spawn_player 开始: player_id=banner, pos=(500.0, 300.0)
[Arena] Global.selected_player_weapons = { "banner": "punch" }
[Arena] visual_config: { "player_id": "banner", "sprite_path": "res://assets/sprites/Players/Player_18.png", "scene_path": "res://scenes/unit/players/player_generic.tscn", "scale_x": 1.0, "scale_y": 1.0, "color_r": 1.0, "color_g": 1.0, "color_b": 1.0, "color_a": 1.0, "z_index": 1.0 }
[Arena] 创建角色: banner
[PlayerFactory] 设置 player_id: banner
[PlayerFactory] 已加载脚本: res://scenes/unit/players/player_banner.gd (player_id=banner)
[PlayerFactory] 成功创建角色: banner
[Arena] 警告: player_id 不匹配，重新设置:  -> banner
[PlayerBase] player banner has no equipped item
[ItemWeapon] 尝试加载武器场景: res://scenes/weapons/melee/weapon_melee_point.tscn
[ItemWeapon] 成功加载武器场景: res://scenes/weapons/melee/weapon_melee_point.tscn
[Player] weapon added: 拳头1级 (punch_1)
[Weapon] _ready() - Sprite2D 初始化:
  - 可见性: true
  - z_index: 2
  - 缩放: (1.0, 1.0)
  - 位置: (27.0, 0.0)
  - Sprite2D 全局位置: (527.0, 300.0)
  - Weapon 全局位置: (500.0, 300.0)
[Player] weapon node added to scene
[Player] weapon position: (0.0, 0.0)
[Player] weapon global position: (500.0, 300.0)
[Player] weapon visible: true
[Player] weapon z_index: 0
[Weapon] 加载贴图: res://assets/sprites/Weapons/Melee/Weapon_Punch.png
[Weapon] Sprite2D 可见性: true
[Weapon] Sprite2D 位置: (27.0, 0.0)
[Weapon] Sprite2D 缩放: (1.0, 1.0)
[Weapon] 贴图大小: (200.0, 100.0)
[Weapon] 武器设置完成: 拳头1级 (punch_1)
  - 类型: MELEE
  - 等级: 1
  - 形状类型: point
  - 子弹模式: 未指定
  - 碰撞体: 由 MeleeBehavior 动态创建
  - 基础场景: res://scenes/weapons/melee/weapon_melee_point.tscn
[Player] weapon position after layout: (0.0, -15.0)
[Player] weapon global position after layout: (500.0, 285.0)
[PlayerBase] player banner loaded 1 weapons
[PlayerBase] death signal connected
[PlayerBase] start loading ultimate, player_id = banner
[PlayerBase] ultimate config loaded: { "ult_id": "banner_ult", "name": "总攻军令", "duration": 10.0, "energy_cost": 40.0, "bonus_bond_tag": "commander", "visual_color_hex": "#FF9933", "scale_multiplier": 1.2, "explosion_radius": 230.0, "explosion_damage_scale": 1.0, "description": "旗手发布总攻军令并推进战线", "f_role_id": "banner", "f_internal_cd": 0.98, "f_q_line_amp": 1.46, "f_q_closure_amp": 1.92, "f_special_value_1": 1.1, "f_special_value_2": 260.0, "f_special_value_3": 0.32, "f_bond_o_payload": "tag:nomad|lv2:0.12|lv3:0.24|axis:line", "f_bond_m_payload": "tag:geometrist|lv2:0.16|lv3:0.32|axis:closure", "f_bond_t_payload": "tag:commander|lv2:0.10|lv3:0.20|axis:tempo" }
[PlayerBase] ultimate script loaded: (res://scenes/skills/players/f_roles/skill_banner_f.gd):<GDScript#-9223370586665773271>
[PlayerBase] ultimate node created
[PlayerBase] ultimate load complete: 总攻军令
[SkillDrawingBase] _ready(): skill_banner_q, skill_owner=PlayerGeneric:<Area2D#1447890524598>
[SkillDrawingBase] Line2D 创建成功: skill_banner_q
[Arena] 生成角色成功: banner 在位置 (500.0, 300.0)
[Arena] 玩家初始化完成
[CharacterSlot] 加载角色图标: banner -> res://assets/sprites/Players/Player_18.png
[SquadHUD] 初始化 1 个角色卡槽
[Arena] 小队 HUD 初始化完成
[Arena] ===== _init_bond_hud() 开始 =====
[Arena] ✅ 找到 GameUI 节点: /root/Arena/GameUI
[Arena] ✅ BondHUD 场景加载成功
[Arena] ✅ BondHUD 实例化成功
[Arena] ✅ BondHUD 已添加到 GameUI
[Arena] BondHUD 路径: /root/Arena/GameUI/BondHUD
[Arena] BondHUD 可见性: true
[Arena] _ready() 完成，飘字保护已解除
[PlayerBase] SkillManager already exists (created by child: @Node@3913), loaded=3, skip auto create
[Arena] ===== 角色切换开始 =====
[Arena] 收到角色切换请求: banner
[Arena] 跳过自动保存（QEF测试模式）: character_switch
[Arena] 当前玩家: banner
[Arena] 当前玩家位置: (500.0, 300.0)
[Arena] 不清理旧玩家的技能效果（默认行为）
[Arena] 调用 player.queue_free()
[Arena] 等待一帧...
[DebugSwitcher] test mode enabled: wave_time=999, key8 toggles recording
[Arena] 玩家死亡信号已连接
[Arena] 触发 BondManager 重新计算羁绊...
[Arena] 当前队伍: ["banner", "breachmarshal", "swarm"]
[Arena] ✅ 羁绊计算完成
[PlayerBase] Bond stat modifiers applied:
  HP: 108 -> 142
  Speed: 659
  EnergyRegen: 0.8
  PickupRange: 150
  Damage: 10
[Arena] ✅ 羁绊属性已应用到玩家
[Arena] ===== _init_bond_hud() 完成 =====
[Arena] 玩家死亡信号已连接
[skill_banner_q] ===== 鏉╂稑鍙嗙憴鍕灊濡€崇础 ===== 鐠ч鍋? (0.000244, -0.636047), line_2d閺堝鏅? true
[Arena] 等待完成，开始生成新角色
[Arena] _spawn_player 开始: player_id=banner, pos=(500.0, 300.0)
[Arena] Global.selected_player_weapons = { "banner": "punch", "breachmarshal": "punch", "swarm": "punch" }
[Arena] visual_config: { "player_id": "banner", "sprite_path": "res://assets/sprites/Players/Player_18.png", "scene_path": "res://scenes/unit/players/player_generic.tscn", "scale_x": 1.0, "scale_y": 1.0, "color_r": 1.0, "color_g": 1.0, "color_b": 1.0, "color_a": 1.0, "z_index": 1.0 }
[Arena] 创建角色: banner
[PlayerFactory] 设置 player_id: banner
[PlayerFactory] 已加载脚本: res://scenes/unit/players/player_banner.gd (player_id=banner)
[PlayerFactory] 成功创建角色: banner
[Arena] 警告: player_id 不匹配，重新设置:  -> banner
[PlayerBase] player banner has no equipped item
[ItemWeapon] 尝试加载武器场景: res://scenes/weapons/melee/weapon_melee_point.tscn
[ItemWeapon] 成功加载武器场景: res://scenes/weapons/melee/weapon_melee_point.tscn
[Player] weapon added: 拳头1级 (punch_1)
[Weapon] _ready() - Sprite2D 初始化:
  - 可见性: true
  - z_index: 2
  - 缩放: (1.0, 1.0)
  - 位置: (27.0, 0.0)
  - Sprite2D 全局位置: (527.0, 300.0)
  - Weapon 全局位置: (500.0, 300.0)
[Player] weapon node added to scene
[Player] weapon position: (0.0, 0.0)
[Player] weapon global position: (500.0, 300.0)
[Player] weapon visible: true
[Player] weapon z_index: 0
[Weapon] 加载贴图: res://assets/sprites/Weapons/Melee/Weapon_Punch.png
[Weapon] Sprite2D 可见性: true
[Weapon] Sprite2D 位置: (27.0, 0.0)
[Weapon] Sprite2D 缩放: (1.0, 1.0)
[Weapon] 贴图大小: (200.0, 100.0)
[Weapon] 武器设置完成: 拳头1级 (punch_1)
  - 类型: MELEE
  - 等级: 1
  - 形状类型: point
  - 子弹模式: 未指定
  - 碰撞体: 由 MeleeBehavior 动态创建
  - 基础场景: res://scenes/weapons/melee/weapon_melee_point.tscn
[Player] weapon position after layout: (0.0, -15.0)
[Player] weapon global position after layout: (500.0, 285.0)
[PlayerBase] player banner loaded 1 weapons
[PlayerBase] death signal connected
[PlayerBase] start loading ultimate, player_id = banner
[PlayerBase] ultimate config loaded: { "ult_id": "banner_ult", "name": "总攻军令", "duration": 10.0, "energy_cost": 40.0, "bonus_bond_tag": "commander", "visual_color_hex": "#FF9933", "scale_multiplier": 1.2, "explosion_radius": 230.0, "explosion_damage_scale": 1.0, "description": "旗手发布总攻军令并推进战线", "f_role_id": "banner", "f_internal_cd": 0.98, "f_q_line_amp": 1.46, "f_q_closure_amp": 1.92, "f_special_value_1": 1.1, "f_special_value_2": 260.0, "f_special_value_3": 0.32, "f_bond_o_payload": "tag:nomad|lv2:0.12|lv3:0.24|axis:line", "f_bond_m_payload": "tag:geometrist|lv2:0.16|lv3:0.32|axis:closure", "f_bond_t_payload": "tag:commander|lv2:0.10|lv3:0.20|axis:tempo" }
[PlayerBase] ultimate script loaded: (res://scenes/skills/players/f_roles/skill_banner_f.gd):<GDScript#-9223370586665773271>
[PlayerBase] ultimate node created
[PlayerBase] ultimate load complete: 总攻军令
[SkillDrawingBase] _ready(): skill_banner_q, skill_owner=PlayerGeneric:<Area2D#1461245186613>
[SkillDrawingBase] Line2D 创建成功: skill_banner_q
[Arena] 生成角色成功: banner 在位置 (500.0, 300.0)
[PlayerBase] Bond stat modifiers applied:
  HP: 108 -> 142
  Speed: 659
  EnergyRegen: 0.8
  PickupRange: 150
  Damage: 10
[Arena] ✅ 角色切换后羁绊属性已重新应用
[Arena] ===== 角色切换结束 =====
[PlayerBase] SkillManager already exists (created by child: @Node@3934), loaded=3, skip auto create
[skill_banner_q] ===== 鏉╂稑鍙嗙憴鍕灊濡€崇础 ===== 鐠ч鍋? (500.0002, 299.364), line_2d閺堝鏅? true
[Arena] 玩家死亡信号已连接
[Arena] ===== 角色切换开始 =====
[Arena] 收到角色切换请求: banner
[Arena] 跳过自动保存（QEF测试模式）: character_switch
[Arena] 当前玩家: banner
[Arena] 当前玩家位置: (500.0, 300.0)
[Arena] 不清理旧玩家的技能效果（默认行为）
[Arena] 调用 player.queue_free()
[Arena] 等待一帧...
[DebugSwitcher] recording started: d:/Godot/Production/PolyLash_Project/.godot_cli/Roaming/Godot/app_userdata/PolyLash/qa_reports/input_recordings/player_ops_20260315_115944_457_banner.json
[skill_banner_q] ===== 鏉╂稑鍙嗙憴鍕灊濡€崇础 ===== 鐠ч鍋? (500.0002, 299.364), line_2d閺堝鏅? true
[Arena] 等待完成，开始生成新角色
[Arena] _spawn_player 开始: player_id=banner, pos=(500.0, 300.0)
[Arena] Global.selected_player_weapons = { "banner": "punch", "breachmarshal": "punch", "swarm": "punch" }
[Arena] visual_config: { "player_id": "banner", "sprite_path": "res://assets/sprites/Players/Player_18.png", "scene_path": "res://scenes/unit/players/player_generic.tscn", "scale_x": 1.0, "scale_y": 1.0, "color_r": 1.0, "color_g": 1.0, "color_b": 1.0, "color_a": 1.0, "z_index": 1.0 }
[Arena] 创建角色: banner
[PlayerFactory] 设置 player_id: banner
[PlayerFactory] 已加载脚本: res://scenes/unit/players/player_banner.gd (player_id=banner)
[PlayerFactory] 成功创建角色: banner
[Arena] 警告: player_id 不匹配，重新设置:  -> banner
[PlayerBase] player banner has no equipped item
[ItemWeapon] 尝试加载武器场景: res://scenes/weapons/melee/weapon_melee_point.tscn
[ItemWeapon] 成功加载武器场景: res://scenes/weapons/melee/weapon_melee_point.tscn
[Player] weapon added: 拳头1级 (punch_1)
[Weapon] _ready() - Sprite2D 初始化:
  - 可见性: true
  - z_index: 2
  - 缩放: (1.0, 1.0)
  - 位置: (27.0, 0.0)
  - Sprite2D 全局位置: (527.0, 300.0)
  - Weapon 全局位置: (500.0, 300.0)
[Player] weapon node added to scene
[Player] weapon position: (0.0, 0.0)
[Player] weapon global position: (500.0, 300.0)
[Player] weapon visible: true
[Player] weapon z_index: 0
[Weapon] 加载贴图: res://assets/sprites/Weapons/Melee/Weapon_Punch.png
[Weapon] Sprite2D 可见性: true
[Weapon] Sprite2D 位置: (27.0, 0.0)
[Weapon] Sprite2D 缩放: (1.0, 1.0)
[Weapon] 贴图大小: (200.0, 100.0)
[Weapon] 武器设置完成: 拳头1级 (punch_1)
  - 类型: MELEE
  - 等级: 1
  - 形状类型: point
  - 子弹模式: 未指定
  - 碰撞体: 由 MeleeBehavior 动态创建
  - 基础场景: res://scenes/weapons/melee/weapon_melee_point.tscn
[Player] weapon position after layout: (0.0, -15.0)
[Player] weapon global position after layout: (500.0, 285.0)
[PlayerBase] player banner loaded 1 weapons
[PlayerBase] death signal connected
[PlayerBase] start loading ultimate, player_id = banner
[PlayerBase] ultimate config loaded: { "ult_id": "banner_ult", "name": "总攻军令", "duration": 10.0, "energy_cost": 40.0, "bonus_bond_tag": "commander", "visual_color_hex": "#FF9933", "scale_multiplier": 1.2, "explosion_radius": 230.0, "explosion_damage_scale": 1.0, "description": "旗手发布总攻军令并推进战线", "f_role_id": "banner", "f_internal_cd": 0.98, "f_q_line_amp": 1.46, "f_q_closure_amp": 1.92, "f_special_value_1": 1.1, "f_special_value_2": 260.0, "f_special_value_3": 0.32, "f_bond_o_payload": "tag:nomad|lv2:0.12|lv3:0.24|axis:line", "f_bond_m_payload": "tag:geometrist|lv2:0.16|lv3:0.32|axis:closure", "f_bond_t_payload": "tag:commander|lv2:0.10|lv3:0.20|axis:tempo" }
[PlayerBase] ultimate script loaded: (res://scenes/skills/players/f_roles/skill_banner_f.gd):<GDScript#-9223370586665773271>
[PlayerBase] ultimate node created
[PlayerBase] ultimate load complete: 总攻军令
[SkillDrawingBase] _ready(): skill_banner_q, skill_owner=PlayerGeneric:<Area2D#1468039959093>
[SkillDrawingBase] Line2D 创建成功: skill_banner_q
[Arena] 生成角色成功: banner 在位置 (500.0, 300.0)
[PlayerBase] Bond stat modifiers applied:
  HP: 108 -> 142
  Speed: 659
  EnergyRegen: 0.8
  PickupRange: 150
  Damage: 10
[Arena] ✅ 角色切换后羁绊属性已重新应用
[Arena] ===== 角色切换结束 =====
[PlayerBase] SkillManager already exists (created by child: @Node@3944), loaded=3, skip auto create
[skill_banner_q] ===== 鏉╂稑鍙嗙憴鍕灊濡€崇础 ===== 鐠ч鍋? (500.0002, 299.364), line_2d閺堝鏅? true
[Arena] 玩家死亡信号已连接
[PlayerBase] Q released -> release_skill('q')
[skill_banner_q] ===== 退出规划模式 ===== 点数: 65, 闭合: false
[skill_banner_q] 最终闭合判定: false
[skill_banner_q] 閻㈢喐鍨氬鈧弨鎹愮熅瀵板嫭鏅ラ弸婊愮礉閸樼喎顫愰悙瑙勬殶: 65, 閸氬牆鑻熺痪鎸庮唽閺? 7
[skill_banner_q] open-path effects spawned
[ExplosionArea] 检测到 0 个重叠区域
[ExplosionArea] 共击中 0 个敌人
[ExplosionArea] 检测到 0 个重叠区域
[ExplosionArea] 共击中 0 个敌人
[ExplosionArea] 检测到 0 个重叠区域
[ExplosionArea] 共击中 0 个敌人
[ExplosionArea] 检测到 0 个重叠区域
[ExplosionArea] 共击中 0 个敌人
[HealthComponent] 血量归零，触发死亡信号
[HealthComponent] 已经死亡，忽略伤害
[PlayerBase] E pressed -> execute_skill('e')
[HealthComponent] 已经死亡，忽略伤害
[HealthComponent] 已经死亡，忽略伤害
[HealthComponent] 已经死亡，忽略伤害
[HealthComponent] 已经死亡，忽略伤害
[PlayerBase] F pressed, ultimate_skill = UltimateSkill:<Node#1469768011732>
[PlayerBase] try activate ultimate, energy: 100.0%
[HealthComponent] 已经死亡，忽略伤害
[HealthComponent] 已经死亡，忽略伤害
[DebugSwitcher] record saved: d:/Godot/Production/PolyLash_Project/.godot_cli/Roaming/Godot/app_userdata/PolyLash/qa_reports/input_recordings/player_ops_20260315_115944_457_banner.json
[HealthComponent] 已经死亡，忽略伤害
[DebugSwitcher] test mode disabled
[BackgroundManager] 地图纹理大小: (994.000000, 460.000000)
[BackgroundManager] 初始化完成 - 瓦片大小: 2000, 已生成: 25 个瓦片
[ChestManager] 初始化完成 - 生成 2 个宝箱（分散布局）
[ChestManager] 初始化完成 - 预生成 2 个宝箱位置
[ChestIndicator] indicator_show_range = 3000 (from map_config.csv)
[ExitConfirmDialog] _ready() called
[Arena] _ready() 开始
[Arena] 已添加到 arena 组
[Arena] 已启用波末战利品模式，禁用旧宝箱流程
[Arena] 暂停菜单已初始化
[Arena] 商店面板已连接
[Arena] WaveRewardSystem 已创建
[Arena] WaveRewardPanel 已添加到 GameUI
[Arena] WildcardPanel 已添加到 GameUI
[Arena] BattleFlowController 已初始化
[Arena] Spawner 波次完成信号已连接
[Arena] 准备初始化玩家...
[Arena] _init_player_from_selection 开始
[Arena] selected_player_ids: ["banner"]
[Arena] selected_player_weapons: { "banner": "punch" }
WARNING: [ConfigManager] game_config 缺少键 'enable_wave_recruit_mode'，使用默认值: 1
   at: push_warning (core/variant/variant_utility.cpp:1034)
   GDScript backtrace (most recent call first):
       [0] get_game_setting (res://autoloads/config_manager.gd:590)
       [1] is_wave_recruit_mode_enabled (res://autoloads/global.gd:298)
       [2] enter_wave_recruit_mode (res://autoloads/global.gd:303)
       [3] _init_player_from_selection (res://scenes/arena/arena_core.gd:467)
       [4] _ready (res://scenes/arena/arena_core.gd:117)
[Arena] 场景中没有默认玩家，直接生成选择的角色
[Arena] _spawn_player 开始: player_id=banner, pos=(500.0, 300.0)
[Arena] Global.selected_player_weapons = { "banner": "punch" }
[Arena] visual_config: { "player_id": "banner", "sprite_path": "res://assets/sprites/Players/Player_18.png", "scene_path": "res://scenes/unit/players/player_generic.tscn", "scale_x": 1.0, "scale_y": 1.0, "color_r": 1.0, "color_g": 1.0, "color_b": 1.0, "color_a": 1.0, "z_index": 1.0 }
[Arena] 创建角色: banner
[PlayerFactory] 设置 player_id: banner
[PlayerFactory] 已加载脚本: res://scenes/unit/players/player_banner.gd (player_id=banner)
[PlayerFactory] 成功创建角色: banner
[Arena] 警告: player_id 不匹配，重新设置:  -> banner
[PlayerBase] player banner has no equipped item
[ItemWeapon] 尝试加载武器场景: res://scenes/weapons/melee/weapon_melee_point.tscn
[ItemWeapon] 成功加载武器场景: res://scenes/weapons/melee/weapon_melee_point.tscn
[Player] weapon added: 拳头1级 (punch_1)
[Weapon] _ready() - Sprite2D 初始化:
  - 可见性: true
  - z_index: 2
  - 缩放: (1.0, 1.0)
  - 位置: (27.0, 0.0)
  - Sprite2D 全局位置: (527.0, 300.0)
  - Weapon 全局位置: (500.0, 300.0)
[Player] weapon node added to scene
[Player] weapon position: (0.0, 0.0)
[Player] weapon global position: (500.0, 300.0)
[Player] weapon visible: true
[Player] weapon z_index: 0
[Weapon] 加载贴图: res://assets/sprites/Weapons/Melee/Weapon_Punch.png
[Weapon] Sprite2D 可见性: true
[Weapon] Sprite2D 位置: (27.0, 0.0)
[Weapon] Sprite2D 缩放: (1.0, 1.0)
[Weapon] 贴图大小: (200.0, 100.0)
[Weapon] 武器设置完成: 拳头1级 (punch_1)
  - 类型: MELEE
  - 等级: 1
  - 形状类型: point
  - 子弹模式: 未指定
  - 碰撞体: 由 MeleeBehavior 动态创建
  - 基础场景: res://scenes/weapons/melee/weapon_melee_point.tscn
[Player] weapon position after layout: (0.0, -15.0)
[Player] weapon global position after layout: (500.0, 285.0)
[PlayerBase] player banner loaded 1 weapons
[PlayerBase] death signal connected
[PlayerBase] start loading ultimate, player_id = banner
[PlayerBase] ultimate config loaded: { "ult_id": "banner_ult", "name": "总攻军令", "duration": 10.0, "energy_cost": 40.0, "bonus_bond_tag": "commander", "visual_color_hex": "#FF9933", "scale_multiplier": 1.2, "explosion_radius": 230.0, "explosion_damage_scale": 1.0, "description": "旗手发布总攻军令并推进战线", "f_role_id": "banner", "f_internal_cd": 0.98, "f_q_line_amp": 1.46, "f_q_closure_amp": 1.92, "f_special_value_1": 1.1, "f_special_value_2": 260.0, "f_special_value_3": 0.32, "f_bond_o_payload": "tag:nomad|lv2:0.12|lv3:0.24|axis:line", "f_bond_m_payload": "tag:geometrist|lv2:0.16|lv3:0.32|axis:closure", "f_bond_t_payload": "tag:commander|lv2:0.10|lv3:0.20|axis:tempo" }
[PlayerBase] ultimate script loaded: (res://scenes/skills/players/f_roles/skill_banner_f.gd):<GDScript#-9223370586665773271>
[PlayerBase] ultimate node created
[PlayerBase] ultimate load complete: 总攻军令
[SkillDrawingBase] _ready(): skill_banner_q, skill_owner=PlayerGeneric:<Area2D#1534511289794>
[SkillDrawingBase] Line2D 创建成功: skill_banner_q
[Arena] 生成角色成功: banner 在位置 (500.0, 300.0)
[Arena] 玩家初始化完成
[CharacterSlot] 加载角色图标: banner -> res://assets/sprites/Players/Player_18.png
[SquadHUD] 初始化 1 个角色卡槽
[Arena] 小队 HUD 初始化完成
[Arena] ===== _init_bond_hud() 开始 =====
[Arena] ✅ 找到 GameUI 节点: /root/Arena/GameUI
[Arena] ✅ BondHUD 场景加载成功
[Arena] ✅ BondHUD 实例化成功
[Arena] ✅ BondHUD 已添加到 GameUI
[Arena] BondHUD 路径: /root/Arena/GameUI/BondHUD
[Arena] BondHUD 可见性: true
[Arena] _ready() 完成，飘字保护已解除
[PlayerBase] SkillManager already exists (created by child: @Node@4299), loaded=3, skip auto create
[Arena] ===== 角色切换开始 =====
[Arena] 收到角色切换请求: banner
[Arena] 跳过自动保存（QEF测试模式）: character_switch
[Arena] 当前玩家: banner
[Arena] 当前玩家位置: (500.0, 300.0)
[Arena] 不清理旧玩家的技能效果（默认行为）
[Arena] 调用 player.queue_free()
[Arena] 等待一帧...
[DebugSwitcher] test mode enabled: wave_time=999, key8 toggles recording
[Arena] 玩家死亡信号已连接
[Arena] 触发 BondManager 重新计算羁绊...
[Arena] 当前队伍: ["banner", "breachmarshal", "swarm"]
[Arena] ✅ 羁绊计算完成
[PlayerBase] Bond stat modifiers applied:
  HP: 108 -> 142
  Speed: 659
  EnergyRegen: 0.8
  PickupRange: 150
  Damage: 10
[Arena] ✅ 羁绊属性已应用到玩家
[Arena] ===== _init_bond_hud() 完成 =====
[Arena] 玩家死亡信号已连接
[Arena] 等待完成，开始生成新角色
[Arena] _spawn_player 开始: player_id=banner, pos=(500.0, 300.0)
[Arena] Global.selected_player_weapons = { "banner": "punch", "breachmarshal": "punch", "swarm": "punch" }
[Arena] visual_config: { "player_id": "banner", "sprite_path": "res://assets/sprites/Players/Player_18.png", "scene_path": "res://scenes/unit/players/player_generic.tscn", "scale_x": 1.0, "scale_y": 1.0, "color_r": 1.0, "color_g": 1.0, "color_b": 1.0, "color_a": 1.0, "z_index": 1.0 }
[Arena] 创建角色: banner
[PlayerFactory] 设置 player_id: banner
[PlayerFactory] 已加载脚本: res://scenes/unit/players/player_banner.gd (player_id=banner)
[PlayerFactory] 成功创建角色: banner
[Arena] 警告: player_id 不匹配，重新设置:  -> banner
[PlayerBase] player banner has no equipped item
[ItemWeapon] 尝试加载武器场景: res://scenes/weapons/melee/weapon_melee_point.tscn
[ItemWeapon] 成功加载武器场景: res://scenes/weapons/melee/weapon_melee_point.tscn
[Player] weapon added: 拳头1级 (punch_1)
[Weapon] _ready() - Sprite2D 初始化:
  - 可见性: true
  - z_index: 2
  - 缩放: (1.0, 1.0)
  - 位置: (27.0, 0.0)
  - Sprite2D 全局位置: (527.0, 300.0)
  - Weapon 全局位置: (500.0, 300.0)
[Player] weapon node added to scene
[Player] weapon position: (0.0, 0.0)
[Player] weapon global position: (500.0, 300.0)
[Player] weapon visible: true
[Player] weapon z_index: 0
[Weapon] 加载贴图: res://assets/sprites/Weapons/Melee/Weapon_Punch.png
[Weapon] Sprite2D 可见性: true
[Weapon] Sprite2D 位置: (27.0, 0.0)
[Weapon] Sprite2D 缩放: (1.0, 1.0)
[Weapon] 贴图大小: (200.0, 100.0)
[Weapon] 武器设置完成: 拳头1级 (punch_1)
  - 类型: MELEE
  - 等级: 1
  - 形状类型: point
  - 子弹模式: 未指定
  - 碰撞体: 由 MeleeBehavior 动态创建
  - 基础场景: res://scenes/weapons/melee/weapon_melee_point.tscn
[Player] weapon position after layout: (0.0, -15.0)
[Player] weapon global position after layout: (500.0, 285.0)
[PlayerBase] player banner loaded 1 weapons
[PlayerBase] death signal connected
[PlayerBase] start loading ultimate, player_id = banner
[PlayerBase] ultimate config loaded: { "ult_id": "banner_ult", "name": "总攻军令", "duration": 10.0, "energy_cost": 40.0, "bonus_bond_tag": "commander", "visual_color_hex": "#FF9933", "scale_multiplier": 1.2, "explosion_radius": 230.0, "explosion_damage_scale": 1.0, "description": "旗手发布总攻军令并推进战线", "f_role_id": "banner", "f_internal_cd": 0.98, "f_q_line_amp": 1.46, "f_q_closure_amp": 1.92, "f_special_value_1": 1.1, "f_special_value_2": 260.0, "f_special_value_3": 0.32, "f_bond_o_payload": "tag:nomad|lv2:0.12|lv3:0.24|axis:line", "f_bond_m_payload": "tag:geometrist|lv2:0.16|lv3:0.32|axis:closure", "f_bond_t_payload": "tag:commander|lv2:0.10|lv3:0.20|axis:tempo" }
[PlayerBase] ultimate script loaded: (res://scenes/skills/players/f_roles/skill_banner_f.gd):<GDScript#-9223370586665773271>
[PlayerBase] ultimate node created
[PlayerBase] ultimate load complete: 总攻军令
[SkillDrawingBase] _ready(): skill_banner_q, skill_owner=PlayerGeneric:<Area2D#1544124634562>
[SkillDrawingBase] Line2D 创建成功: skill_banner_q
[Arena] 生成角色成功: banner 在位置 (500.0, 300.0)
[PlayerBase] Bond stat modifiers applied:
  HP: 108 -> 142
  Speed: 659
  EnergyRegen: 0.8
  PickupRange: 150
  Damage: 10
[Arena] ✅ 角色切换后羁绊属性已重新应用
[Arena] ===== 角色切换结束 =====
[PlayerBase] SkillManager already exists (created by child: @Node@4310), loaded=3, skip auto create
[Arena] 玩家死亡信号已连接
[DebugSwitcher] replay started: d:/Godot/Production/PolyLash_Project/.godot_cli/Roaming/Godot/app_userdata/PolyLash/qa_reports/input_recordings/player_ops_20260315_115944_457_banner.json
[Arena] ===== 角色切换开始 =====
[Arena] 收到角色切换请求: banner
[Arena] 跳过自动保存（QEF测试模式）: character_switch
[Arena] 当前玩家: banner
[Arena] 当前玩家位置: (500.0, 300.0)
[Arena] 不清理旧玩家的技能效果（默认行为）
[Arena] 调用 player.queue_free()
[Arena] 等待一帧...
[Arena] 等待完成，开始生成新角色
[Arena] _spawn_player 开始: player_id=banner, pos=(500.0, 300.0)
[Arena] Global.selected_player_weapons = { "banner": "punch", "breachmarshal": "punch", "swarm": "punch" }
[Arena] visual_config: { "player_id": "banner", "sprite_path": "res://assets/sprites/Players/Player_18.png", "scene_path": "res://scenes/unit/players/player_generic.tscn", "scale_x": 1.0, "scale_y": 1.0, "color_r": 1.0, "color_g": 1.0, "color_b": 1.0, "color_a": 1.0, "z_index": 1.0 }
[Arena] 创建角色: banner
[PlayerFactory] 设置 player_id: banner
[PlayerFactory] 已加载脚本: res://scenes/unit/players/player_banner.gd (player_id=banner)
[PlayerFactory] 成功创建角色: banner
[Arena] 警告: player_id 不匹配，重新设置:  -> banner
[PlayerBase] player banner has no equipped item
[ItemWeapon] 尝试加载武器场景: res://scenes/weapons/melee/weapon_melee_point.tscn
[ItemWeapon] 成功加载武器场景: res://scenes/weapons/melee/weapon_melee_point.tscn
[Player] weapon added: 拳头1级 (punch_1)
[Weapon] _ready() - Sprite2D 初始化:
  - 可见性: true
  - z_index: 2
  - 缩放: (1.0, 1.0)
  - 位置: (27.0, 0.0)
  - Sprite2D 全局位置: (527.0, 300.0)
  - Weapon 全局位置: (500.0, 300.0)
[Player] weapon node added to scene
[Player] weapon position: (0.0, 0.0)
[Player] weapon global position: (500.0, 300.0)
[Player] weapon visible: true
[Player] weapon z_index: 0
[Weapon] 加载贴图: res://assets/sprites/Weapons/Melee/Weapon_Punch.png
[Weapon] Sprite2D 可见性: true
[Weapon] Sprite2D 位置: (27.0, 0.0)
[Weapon] Sprite2D 缩放: (1.0, 1.0)
[Weapon] 贴图大小: (200.0, 100.0)
[Weapon] 武器设置完成: 拳头1级 (punch_1)
  - 类型: MELEE
  - 等级: 1
  - 形状类型: point
  - 子弹模式: 未指定
  - 碰撞体: 由 MeleeBehavior 动态创建
  - 基础场景: res://scenes/weapons/melee/weapon_melee_point.tscn
[Player] weapon position after layout: (0.0, -15.0)
[Player] weapon global position after layout: (500.0, 285.0)
[PlayerBase] player banner loaded 1 weapons
[PlayerBase] death signal connected
[PlayerBase] start loading ultimate, player_id = banner
[PlayerBase] ultimate config loaded: { "ult_id": "banner_ult", "name": "总攻军令", "duration": 10.0, "energy_cost": 40.0, "bonus_bond_tag": "commander", "visual_color_hex": "#FF9933", "scale_multiplier": 1.2, "explosion_radius": 230.0, "explosion_damage_scale": 1.0, "description": "旗手发布总攻军令并推进战线", "f_role_id": "banner", "f_internal_cd": 0.98, "f_q_line_amp": 1.46, "f_q_closure_amp": 1.92, "f_special_value_1": 1.1, "f_special_value_2": 260.0, "f_special_value_3": 0.32, "f_bond_o_payload": "tag:nomad|lv2:0.12|lv3:0.24|axis:line", "f_bond_m_payload": "tag:geometrist|lv2:0.16|lv3:0.32|axis:closure", "f_bond_t_payload": "tag:commander|lv2:0.10|lv3:0.20|axis:tempo" }
[PlayerBase] ultimate script loaded: (res://scenes/skills/players/f_roles/skill_banner_f.gd):<GDScript#-9223370586665773271>
[PlayerBase] ultimate node created
[PlayerBase] ultimate load complete: 总攻军令
[SkillDrawingBase] _ready(): skill_banner_q, skill_owner=PlayerGeneric:<Area2D#1557361855848>
[SkillDrawingBase] Line2D 创建成功: skill_banner_q
[Arena] 生成角色成功: banner 在位置 (500.0, 300.0)
[PlayerBase] Bond stat modifiers applied:
  HP: 108 -> 142
  Speed: 807
  EnergyRegen: 0.8
  PickupRange: 150
  Damage: 10
[Arena] ✅ 角色切换后羁绊属性已重新应用
[Arena] ===== 角色切换结束 =====
[PlayerBase] SkillManager already exists (created by child: @Node@4320), loaded=3, skip auto create
[Arena] 玩家死亡信号已连接
[DebugSwitcher] test mode disabled
[DebugSwitcher] replay stopped
[BackgroundManager] 地图纹理大小: (994.000000, 460.000000)
[BackgroundManager] 初始化完成 - 瓦片大小: 2000, 已生成: 25 个瓦片
[ChestManager] 初始化完成 - 生成 2 个宝箱（分散布局）
[ChestManager] 初始化完成 - 预生成 2 个宝箱位置
[ChestIndicator] indicator_show_range = 3000 (from map_config.csv)
[ExitConfirmDialog] _ready() called
[Arena] _ready() 开始
[Arena] 已添加到 arena 组
[Arena] 已启用波末战利品模式，禁用旧宝箱流程
[Arena] 暂停菜单已初始化
[Arena] 商店面板已连接
[Arena] WaveRewardSystem 已创建
[Arena] WaveRewardPanel 已添加到 GameUI
[Arena] WildcardPanel 已添加到 GameUI
[Arena] BattleFlowController 已初始化
[Arena] Spawner 波次完成信号已连接
[Arena] 准备初始化玩家...
[Arena] _init_player_from_selection 开始
[Arena] selected_player_ids: ["pyro"]
[Arena] selected_player_weapons: { "pyro": "laser" }
WARNING: [ConfigManager] game_config 缺少键 'enable_wave_recruit_mode'，使用默认值: 1
   at: push_warning (core/variant/variant_utility.cpp:1034)
   GDScript backtrace (most recent call first):
       [0] get_game_setting (res://autoloads/config_manager.gd:590)
       [1] is_wave_recruit_mode_enabled (res://autoloads/global.gd:298)
       [2] enter_wave_recruit_mode (res://autoloads/global.gd:303)
       [3] _init_player_from_selection (res://scenes/arena/arena_core.gd:467)
       [4] _ready (res://scenes/arena/arena_core.gd:117)
[Arena] 场景中没有默认玩家，直接生成选择的角色
[Arena] _spawn_player 开始: player_id=pyro, pos=(500.0, 300.0)
[Arena] Global.selected_player_weapons = { "pyro": "laser" }
[Arena] visual_config: { "player_id": "pyro", "sprite_path": "res://assets/sprites/Players/Player_10.png", "scene_path": "res://scenes/unit/players/player_generic.tscn", "scale_x": 1.0, "scale_y": 1.0, "color_r": 1.0, "color_g": 1.0, "color_b": 1.0, "color_a": 1.0, "z_index": 1.0 }
[Arena] 创建角色: pyro
[PlayerFactory] 设置 player_id: pyro
[PlayerFactory] 已加载脚本: res://scenes/unit/players/player_pyro.gd (player_id=pyro)
[PlayerFactory] 成功创建角色: pyro
[Arena] 警告: player_id 不匹配，重新设置:  -> pyro
[PlayerBase] player pyro has no equipped item
[ItemWeapon] 尝试加载武器场景: res://scenes/weapons/range/weapon_range_beam.tscn
[ItemWeapon] 成功加载武器场景: res://scenes/weapons/range/weapon_range_beam.tscn
[Player] weapon added: 激光1级 (laser_1)
[Weapon] _ready() - Sprite2D 初始化:
  - 可见性: true
  - z_index: 2
  - 缩放: (1.0, 1.0)
  - 位置: (27.0, 0.0)
  - Sprite2D 全局位置: (527.0, 300.0)
  - Weapon 全局位置: (500.0, 300.0)
[Player] weapon node added to scene
[Player] weapon position: (0.0, 0.0)
[Player] weapon global position: (500.0, 300.0)
[Player] weapon visible: true
[Player] weapon z_index: 0
[Weapon] 加载贴图: res://assets/sprites/Weapons/Range/WeaponLaser.png
[Weapon] Sprite2D 可见性: true
[Weapon] Sprite2D 位置: (27.0, 0.0)
[Weapon] Sprite2D 缩放: (1.0, 1.0)
[Weapon] 贴图大小: (200.0, 100.0)
[Weapon] 动态创建枪口节点，偏移: (24.0, 0.0)
[Weapon] 武器设置完成: 激光1级 (laser_1)
  - 类型: RANGE
  - 等级: 1
  - 形状类型: straight
  - 子弹模式: single
  - 碰撞体位置/缩放: (0.0, 0.0) / (1.0, 1.0)
  - 基础场景: res://scenes/weapons/range/weapon_range_beam.tscn
[Player] weapon position after layout: (0.0, -15.0)
[Player] weapon global position after layout: (500.0, 285.0)
[PlayerBase] player pyro loaded 1 weapons
[PlayerBase] death signal connected
[PlayerBase] start loading ultimate, player_id = pyro
[PlayerBase] ultimate config loaded: { "ult_id": "pyro_ult", "name": "炼狱化身", "duration": 10.0, "energy_cost": 40.0, "bonus_bond_tag": "vanguard", "visual_color_hex": "#3366FF", "scale_multiplier": 1.2, "explosion_radius": 300.0, "explosion_damage_scale": 1.1, "description": "焰术师进入过热炉心并放大闭合爆燃", "f_role_id": "pyro", "f_internal_cd": 0.85, "f_q_line_amp": 1.6, "f_q_closure_amp": 2.1, "f_special_value_1": 1.3, "f_special_value_2": 240.0, "f_special_value_3": 0.22, "f_bond_o_payload": "tag:inkborn|lv2:0.12|lv3:0.24|axis:line", "f_bond_m_payload": "tag:blaster|lv2:0.16|lv3:0.32|axis:closure", "f_bond_t_payload": "tag:vanguard|lv2:0.10|lv3:0.20|axis:tempo" }
[PlayerBase] ultimate script loaded: (res://scenes/skills/players/f_roles/skill_pyro_f.gd):<GDScript#-9223371721694770385>
[PlayerBase] ultimate node created
[PlayerBase] ultimate load complete: 炼狱化身
[SkillDrawingBase] _ready(): skill_pyro_q, skill_owner=PlayerGeneric:<Area2D#1620796510688>
[SkillDrawingBase] Line2D 创建成功: skill_pyro_q
[Arena] 生成角色成功: pyro 在位置 (500.0, 300.0)
[Arena] 玩家初始化完成
[CharacterSlot] 加载角色图标: pyro -> res://assets/sprites/Players/Player_10.png
[SquadHUD] 初始化 1 个角色卡槽
[Arena] 小队 HUD 初始化完成
[Arena] ===== _init_bond_hud() 开始 =====
[Arena] ✅ 找到 GameUI 节点: /root/Arena/GameUI
[Arena] ✅ BondHUD 场景加载成功
[Arena] ✅ BondHUD 实例化成功
[Arena] ✅ BondHUD 已添加到 GameUI
[Arena] BondHUD 路径: /root/Arena/GameUI/BondHUD
[Arena] BondHUD 可见性: true
[Arena] _ready() 完成，飘字保护已解除
[PlayerBase] SkillManager already exists (created by child: @Node@4362), loaded=3, skip auto create
[Arena] ===== 角色切换开始 =====
[Arena] 收到角色切换请求: pyro
[Arena] 跳过自动保存（QEF测试模式）: character_switch
[Arena] 当前玩家: pyro
[Arena] 当前玩家位置: (500.0, 300.0)
[Arena] 不清理旧玩家的技能效果（默认行为）
[Arena] 调用 player.queue_free()
[Arena] 等待一帧...
[DebugSwitcher] test mode enabled: wave_time=999, key8 toggles recording
[Arena] 玩家死亡信号已连接
[Arena] 触发 BondManager 重新计算羁绊...
[Arena] 当前队伍: ["butcher", "pyro", "weaver"]
[Arena] ✅ 羁绊计算完成
[PlayerBase] Bond stat modifiers applied:
  HP: 98 -> 98
  Speed: 500
  EnergyRegen: 1.6
  PickupRange: 150
  Damage: 10
[Arena] ✅ 羁绊属性已应用到玩家
[Arena] ===== _init_bond_hud() 完成 =====
[Arena] 玩家死亡信号已连接
[Arena] 等待完成，开始生成新角色
[Arena] _spawn_player 开始: player_id=pyro, pos=(500.0, 300.0)
[Arena] Global.selected_player_weapons = { "butcher": "punch", "pyro": "laser", "weaver": "laser" }
[Arena] visual_config: { "player_id": "pyro", "sprite_path": "res://assets/sprites/Players/Player_10.png", "scene_path": "res://scenes/unit/players/player_generic.tscn", "scale_x": 1.0, "scale_y": 1.0, "color_r": 1.0, "color_g": 1.0, "color_b": 1.0, "color_a": 1.0, "z_index": 1.0 }
[Arena] 创建角色: pyro
[PlayerFactory] 设置 player_id: pyro
[PlayerFactory] 已加载脚本: res://scenes/unit/players/player_pyro.gd (player_id=pyro)
[PlayerFactory] 成功创建角色: pyro
[Arena] 警告: player_id 不匹配，重新设置:  -> pyro
[PlayerBase] player pyro has no equipped item
[ItemWeapon] 尝试加载武器场景: res://scenes/weapons/range/weapon_range_beam.tscn
[ItemWeapon] 成功加载武器场景: res://scenes/weapons/range/weapon_range_beam.tscn
[Player] weapon added: 激光1级 (laser_1)
[Weapon] _ready() - Sprite2D 初始化:
  - 可见性: true
  - z_index: 2
  - 缩放: (1.0, 1.0)
  - 位置: (27.0, 0.0)
  - Sprite2D 全局位置: (527.0, 300.0)
  - Weapon 全局位置: (500.0, 300.0)
[Player] weapon node added to scene
[Player] weapon position: (0.0, 0.0)
[Player] weapon global position: (500.0, 300.0)
[Player] weapon visible: true
[Player] weapon z_index: 0
[Weapon] 加载贴图: res://assets/sprites/Weapons/Range/WeaponLaser.png
[Weapon] Sprite2D 可见性: true
[Weapon] Sprite2D 位置: (27.0, 0.0)
[Weapon] Sprite2D 缩放: (1.0, 1.0)
[Weapon] 贴图大小: (200.0, 100.0)
[Weapon] 动态创建枪口节点，偏移: (24.0, 0.0)
[Weapon] 武器设置完成: 激光1级 (laser_1)
  - 类型: RANGE
  - 等级: 1
  - 形状类型: straight
  - 子弹模式: single
  - 碰撞体位置/缩放: (0.0, 0.0) / (1.0, 1.0)
  - 基础场景: res://scenes/weapons/range/weapon_range_beam.tscn
[Player] weapon position after layout: (0.0, -15.0)
[Player] weapon global position after layout: (500.0, 285.0)
[PlayerBase] player pyro loaded 1 weapons
[PlayerBase] death signal connected
[PlayerBase] start loading ultimate, player_id = pyro
[PlayerBase] ultimate config loaded: { "ult_id": "pyro_ult", "name": "炼狱化身", "duration": 10.0, "energy_cost": 40.0, "bonus_bond_tag": "vanguard", "visual_color_hex": "#3366FF", "scale_multiplier": 1.2, "explosion_radius": 300.0, "explosion_damage_scale": 1.1, "description": "焰术师进入过热炉心并放大闭合爆燃", "f_role_id": "pyro", "f_internal_cd": 0.85, "f_q_line_amp": 1.6, "f_q_closure_amp": 2.1, "f_special_value_1": 1.3, "f_special_value_2": 240.0, "f_special_value_3": 0.22, "f_bond_o_payload": "tag:inkborn|lv2:0.12|lv3:0.24|axis:line", "f_bond_m_payload": "tag:blaster|lv2:0.16|lv3:0.32|axis:closure", "f_bond_t_payload": "tag:vanguard|lv2:0.10|lv3:0.20|axis:tempo" }
[PlayerBase] ultimate script loaded: (res://scenes/skills/players/f_roles/skill_pyro_f.gd):<GDScript#-9223371721694770385>
[PlayerBase] ultimate node created
[PlayerBase] ultimate load complete: 炼狱化身
[SkillDrawingBase] _ready(): skill_pyro_q, skill_owner=PlayerGeneric:<Area2D#1631886251226>
[SkillDrawingBase] Line2D 创建成功: skill_pyro_q
[Arena] 生成角色成功: pyro 在位置 (500.0, 300.0)
[PlayerBase] Bond stat modifiers applied:
  HP: 98 -> 98
  Speed: 500
  EnergyRegen: 1.6
  PickupRange: 150
  Damage: 10
[Arena] ✅ 角色切换后羁绊属性已重新应用
[Arena] ===== 角色切换结束 =====
[PlayerBase] SkillManager already exists (created by child: @Node@4383), loaded=3, skip auto create
[Arena] 玩家死亡信号已连接
[Arena] ===== 角色切换开始 =====
[Arena] 收到角色切换请求: pyro
[Arena] 跳过自动保存（QEF测试模式）: character_switch
[Arena] 当前玩家: pyro
[Arena] 当前玩家位置: (500.0, 300.0)
[Arena] 不清理旧玩家的技能效果（默认行为）
[Arena] 调用 player.queue_free()
[Arena] 等待一帧...
[DebugSwitcher] recording started: d:/Godot/Production/PolyLash_Project/.godot_cli/Roaming/Godot/app_userdata/PolyLash/qa_reports/input_recordings/player_ops_20260315_115947_263_pyro.json
[Arena] 等待完成，开始生成新角色
[Arena] _spawn_player 开始: player_id=pyro, pos=(500.0, 300.0)
[Arena] Global.selected_player_weapons = { "butcher": "punch", "pyro": "laser", "weaver": "laser" }
[Arena] visual_config: { "player_id": "pyro", "sprite_path": "res://assets/sprites/Players/Player_10.png", "scene_path": "res://scenes/unit/players/player_generic.tscn", "scale_x": 1.0, "scale_y": 1.0, "color_r": 1.0, "color_g": 1.0, "color_b": 1.0, "color_a": 1.0, "z_index": 1.0 }
[Arena] 创建角色: pyro
[PlayerFactory] 设置 player_id: pyro
[PlayerFactory] 已加载脚本: res://scenes/unit/players/player_pyro.gd (player_id=pyro)
[PlayerFactory] 成功创建角色: pyro
[Arena] 警告: player_id 不匹配，重新设置:  -> pyro
[PlayerBase] player pyro has no equipped item
[ItemWeapon] 尝试加载武器场景: res://scenes/weapons/range/weapon_range_beam.tscn
[ItemWeapon] 成功加载武器场景: res://scenes/weapons/range/weapon_range_beam.tscn
[Player] weapon added: 激光1级 (laser_1)
[Weapon] _ready() - Sprite2D 初始化:
  - 可见性: true
  - z_index: 2
  - 缩放: (1.0, 1.0)
  - 位置: (27.0, 0.0)
  - Sprite2D 全局位置: (527.0, 300.0)
  - Weapon 全局位置: (500.0, 300.0)
[Player] weapon node added to scene
[Player] weapon position: (0.0, 0.0)
[Player] weapon global position: (500.0, 300.0)
[Player] weapon visible: true
[Player] weapon z_index: 0
[Weapon] 加载贴图: res://assets/sprites/Weapons/Range/WeaponLaser.png
[Weapon] Sprite2D 可见性: true
[Weapon] Sprite2D 位置: (27.0, 0.0)
[Weapon] Sprite2D 缩放: (1.0, 1.0)
[Weapon] 贴图大小: (200.0, 100.0)
[Weapon] 动态创建枪口节点，偏移: (24.0, 0.0)
[Weapon] 武器设置完成: 激光1级 (laser_1)
  - 类型: RANGE
  - 等级: 1
  - 形状类型: straight
  - 子弹模式: single
  - 碰撞体位置/缩放: (0.0, 0.0) / (1.0, 1.0)
  - 基础场景: res://scenes/weapons/range/weapon_range_beam.tscn
[Player] weapon position after layout: (0.0, -15.0)
[Player] weapon global position after layout: (500.0, 285.0)
[PlayerBase] player pyro loaded 1 weapons
[PlayerBase] death signal connected
[PlayerBase] start loading ultimate, player_id = pyro
[PlayerBase] ultimate config loaded: { "ult_id": "pyro_ult", "name": "炼狱化身", "duration": 10.0, "energy_cost": 40.0, "bonus_bond_tag": "vanguard", "visual_color_hex": "#3366FF", "scale_multiplier": 1.2, "explosion_radius": 300.0, "explosion_damage_scale": 1.1, "description": "焰术师进入过热炉心并放大闭合爆燃", "f_role_id": "pyro", "f_internal_cd": 0.85, "f_q_line_amp": 1.6, "f_q_closure_amp": 2.1, "f_special_value_1": 1.3, "f_special_value_2": 240.0, "f_special_value_3": 0.22, "f_bond_o_payload": "tag:inkborn|lv2:0.12|lv3:0.24|axis:line", "f_bond_m_payload": "tag:blaster|lv2:0.16|lv3:0.32|axis:closure", "f_bond_t_payload": "tag:vanguard|lv2:0.10|lv3:0.20|axis:tempo" }
[PlayerBase] ultimate script loaded: (res://scenes/skills/players/f_roles/skill_pyro_f.gd):<GDScript#-9223371721694770385>
[PlayerBase] ultimate node created
[PlayerBase] ultimate load complete: 炼狱化身
[SkillDrawingBase] _ready(): skill_pyro_q, skill_owner=PlayerGeneric:<Area2D#1640073532634>
[SkillDrawingBase] Line2D 创建成功: skill_pyro_q
[Arena] 生成角色成功: pyro 在位置 (500.0, 300.0)
[PlayerBase] Bond stat modifiers applied:
  HP: 98 -> 98
  Speed: 500
  EnergyRegen: 1.6
  PickupRange: 150
  Damage: 10
[Arena] ✅ 角色切换后羁绊属性已重新应用
[Arena] ===== 角色切换结束 =====
[PlayerBase] SkillManager already exists (created by child: @Node@4393), loaded=3, skip auto create
[Arena] 玩家死亡信号已连接
[RangeBehavior] ========== 开始远程攻击 ==========
[RangeBehavior] 武器名称: 激光1级
[RangeBehavior] 武器位置: (500.0, 285.0)
[RangeBehavior] 武器旋转: -48.5956928690898度
[RangeBehavior] Muzzle 位置: (539.6821, 239.9963)
[RangeBehavior] 生成子弹:
  - 子弹场景: res://scenes/projectiles/projectile_laser.tscn
  - 生成位置: (539.6821, 239.9963)
  - 角度偏移: 0.0度
  - 速度: (1322.736, -1500.123)
  - 伤害: 11.0
[Projectile] 子弹初始化:
  - 位置: (539.6821, 239.9963)
  - 速度: (1322.736, -1500.123)
  - 伤害: 11.0
  - 暴击: false
  - 击退: 0.5
  - 发射者: PlayerGeneric
  - Hitbox 碰撞层: 4
  - Hitbox 碰撞掩码: 8
[RangeBehavior] 发射 single x1
[skill_pyro_q] ===== 鏉╂稑鍙嗙憴鍕灊濡€崇础 ===== 鐠ч鍋? (500.0002, 299.364), line_2d閺堝鏅? true
[Projectile] ========== 子弹命中！==========
[Projectile] 子弹位置: (579.1561, 195.2286)
[Projectile] 目标: CLIEnemy_(90_0, -120_0)
[Projectile] 目标位置: (582.6849, 188.4333)
[Projectile] 子弹销毁
[RangeBehavior] 攻击结束
[PlayerBase] Q released -> release_skill('q')
[skill_pyro_q] ===== 退出规划模式 ===== 点数: 65, 闭合: false
[skill_pyro_q] 最终闭合判定: false
[skill_pyro_q] 閻㈢喐鍨氬鈧弨鎹愮熅瀵板嫭鏅ラ弸婊愮礉閸樼喎顫愰悙瑙勬殶: 65, 閸氬牆鑻熺痪鎸庮唽閺? 7
[skill_pyro_q] open-path effects spawned
[PlayerBase] E pressed -> execute_skill('e')
[RangeBehavior] ========== 开始远程攻击 ==========
[RangeBehavior] 武器名称: 激光1级
[RangeBehavior] 武器位置: (775.9537, 332.4293)
[RangeBehavior] 武器旋转: -164.715981420192度
[RangeBehavior] Muzzle 位置: (718.0759, 316.613)
[RangeBehavior] 生成子弹:
  - 子弹场景: res://scenes/projectiles/projectile_laser.tscn
  - 生成位置: (718.0759, 316.613)
  - 角度偏移: 0.0度
  - 速度: (-1929.262, -527.2079)
  - 伤害: 11.0
[Projectile] 子弹初始化:
  - 位置: (718.0759, 316.613)
  - 速度: (-1929.262, -527.2079)
  - 伤害: 11.0
  - 暴击: false
  - 击退: 0.5
  - 发射者: PlayerGeneric
  - Hitbox 碰撞层: 4
  - Hitbox 碰撞掩码: 8
[RangeBehavior] 发射 single x1
[ExplosionArea] 检测到 0 个重叠区域
[ExplosionArea] 共击中 0 个敌人
[Projectile] ========== 子弹命中！==========
[Projectile] 子弹位置: (616.8885, 288.9619)
[Projectile] 目标: CLIEnemy_(180_0, 0_0)
[Projectile] 目标位置: (651.4959, 301.4453)
[Projectile] 子弹销毁
[PlayerBase] F pressed, ultimate_skill = UltimateSkill:<Node#1641868695255>
[PlayerBase] try activate ultimate, energy: 100.0%
[RangeBehavior] 攻击结束
[DebugSwitcher] record saved: d:/Godot/Production/PolyLash_Project/.godot_cli/Roaming/Godot/app_userdata/PolyLash/qa_reports/input_recordings/player_ops_20260315_115947_263_pyro.json
[DebugSwitcher] test mode disabled
[BackgroundManager] 地图纹理大小: (994.000000, 460.000000)
[BackgroundManager] 初始化完成 - 瓦片大小: 2000, 已生成: 25 个瓦片
[ChestManager] 初始化完成 - 生成 2 个宝箱（分散布局）
[ChestManager] 初始化完成 - 预生成 2 个宝箱位置
[ChestIndicator] indicator_show_range = 3000 (from map_config.csv)
[ExitConfirmDialog] _ready() called
[Arena] _ready() 开始
[Arena] 已添加到 arena 组
[Arena] 已启用波末战利品模式，禁用旧宝箱流程
[Arena] 暂停菜单已初始化
[Arena] 商店面板已连接
[Arena] WaveRewardSystem 已创建
[Arena] WaveRewardPanel 已添加到 GameUI
[Arena] WildcardPanel 已添加到 GameUI
[Arena] BattleFlowController 已初始化
[Arena] Spawner 波次完成信号已连接
[Arena] 准备初始化玩家...
[Arena] _init_player_from_selection 开始
[Arena] selected_player_ids: ["pyro"]
[Arena] selected_player_weapons: { "pyro": "laser" }
WARNING: [ConfigManager] game_config 缺少键 'enable_wave_recruit_mode'，使用默认值: 1
   at: push_warning (core/variant/variant_utility.cpp:1034)
   GDScript backtrace (most recent call first):
       [0] get_game_setting (res://autoloads/config_manager.gd:590)
       [1] is_wave_recruit_mode_enabled (res://autoloads/global.gd:298)
       [2] enter_wave_recruit_mode (res://autoloads/global.gd:303)
       [3] _init_player_from_selection (res://scenes/arena/arena_core.gd:467)
       [4] _ready (res://scenes/arena/arena_core.gd:117)
[Arena] 场景中没有默认玩家，直接生成选择的角色
[Arena] _spawn_player 开始: player_id=pyro, pos=(500.0, 300.0)
[Arena] Global.selected_player_weapons = { "pyro": "laser" }
[Arena] visual_config: { "player_id": "pyro", "sprite_path": "res://assets/sprites/Players/Player_10.png", "scene_path": "res://scenes/unit/players/player_generic.tscn", "scale_x": 1.0, "scale_y": 1.0, "color_r": 1.0, "color_g": 1.0, "color_b": 1.0, "color_a": 1.0, "z_index": 1.0 }
[Arena] 创建角色: pyro
[PlayerFactory] 设置 player_id: pyro
[PlayerFactory] 已加载脚本: res://scenes/unit/players/player_pyro.gd (player_id=pyro)
[PlayerFactory] 成功创建角色: pyro
[Arena] 警告: player_id 不匹配，重新设置:  -> pyro
[PlayerBase] player pyro has no equipped item
[ItemWeapon] 尝试加载武器场景: res://scenes/weapons/range/weapon_range_beam.tscn
[ItemWeapon] 成功加载武器场景: res://scenes/weapons/range/weapon_range_beam.tscn
[Player] weapon added: 激光1级 (laser_1)
[Weapon] _ready() - Sprite2D 初始化:
  - 可见性: true
  - z_index: 2
  - 缩放: (1.0, 1.0)
  - 位置: (27.0, 0.0)
  - Sprite2D 全局位置: (527.0, 300.0)
  - Weapon 全局位置: (500.0, 300.0)
[Player] weapon node added to scene
[Player] weapon position: (0.0, 0.0)
[Player] weapon global position: (500.0, 300.0)
[Player] weapon visible: true
[Player] weapon z_index: 0
[Weapon] 加载贴图: res://assets/sprites/Weapons/Range/WeaponLaser.png
[Weapon] Sprite2D 可见性: true
[Weapon] Sprite2D 位置: (27.0, 0.0)
[Weapon] Sprite2D 缩放: (1.0, 1.0)
[Weapon] 贴图大小: (200.0, 100.0)
[Weapon] 动态创建枪口节点，偏移: (24.0, 0.0)
[Weapon] 武器设置完成: 激光1级 (laser_1)
  - 类型: RANGE
  - 等级: 1
  - 形状类型: straight
  - 子弹模式: single
  - 碰撞体位置/缩放: (0.0, 0.0) / (1.0, 1.0)
  - 基础场景: res://scenes/weapons/range/weapon_range_beam.tscn
[Player] weapon position after layout: (0.0, -15.0)
[Player] weapon global position after layout: (500.0, 285.0)
[PlayerBase] player pyro loaded 1 weapons
[PlayerBase] death signal connected
[PlayerBase] start loading ultimate, player_id = pyro
[PlayerBase] ultimate config loaded: { "ult_id": "pyro_ult", "name": "炼狱化身", "duration": 10.0, "energy_cost": 40.0, "bonus_bond_tag": "vanguard", "visual_color_hex": "#3366FF", "scale_multiplier": 1.2, "explosion_radius": 300.0, "explosion_damage_scale": 1.1, "description": "焰术师进入过热炉心并放大闭合爆燃", "f_role_id": "pyro", "f_internal_cd": 0.85, "f_q_line_amp": 1.6, "f_q_closure_amp": 2.1, "f_special_value_1": 1.3, "f_special_value_2": 240.0, "f_special_value_3": 0.22, "f_bond_o_payload": "tag:inkborn|lv2:0.12|lv3:0.24|axis:line", "f_bond_m_payload": "tag:blaster|lv2:0.16|lv3:0.32|axis:closure", "f_bond_t_payload": "tag:vanguard|lv2:0.10|lv3:0.20|axis:tempo" }
[PlayerBase] ultimate script loaded: (res://scenes/skills/players/f_roles/skill_pyro_f.gd):<GDScript#-9223371721694770385>
[PlayerBase] ultimate node created
[PlayerBase] ultimate load complete: 炼狱化身
[SkillDrawingBase] _ready(): skill_pyro_q, skill_owner=PlayerGeneric:<Area2D#1677134400547>
[SkillDrawingBase] Line2D 创建成功: skill_pyro_q
[Arena] 生成角色成功: pyro 在位置 (500.0, 300.0)
[Arena] 玩家初始化完成
[CharacterSlot] 加载角色图标: pyro -> res://assets/sprites/Players/Player_10.png
[SquadHUD] 初始化 1 个角色卡槽
[Arena] 小队 HUD 初始化完成
[Arena] ===== _init_bond_hud() 开始 =====
[Arena] ✅ 找到 GameUI 节点: /root/Arena/GameUI
[Arena] ✅ BondHUD 场景加载成功
[Arena] ✅ BondHUD 实例化成功
[Arena] ✅ BondHUD 已添加到 GameUI
[Arena] BondHUD 路径: /root/Arena/GameUI/BondHUD
[Arena] BondHUD 可见性: true
[Arena] _ready() 完成，飘字保护已解除
[PlayerBase] SkillManager already exists (created by child: @Node@4515), loaded=3, skip auto create
[Arena] ===== 角色切换开始 =====
[Arena] 收到角色切换请求: pyro
[Arena] 跳过自动保存（QEF测试模式）: character_switch
[Arena] 当前玩家: pyro
[Arena] 当前玩家位置: (500.0, 300.0)
[Arena] 不清理旧玩家的技能效果（默认行为）
[Arena] 调用 player.queue_free()
[Arena] 等待一帧...
[DebugSwitcher] test mode enabled: wave_time=999, key8 toggles recording
[Arena] 玩家死亡信号已连接
[Arena] 触发 BondManager 重新计算羁绊...
[Arena] 当前队伍: ["butcher", "pyro", "weaver"]
[Arena] ✅ 羁绊计算完成
[PlayerBase] Bond stat modifiers applied:
  HP: 98 -> 98
  Speed: 500
  EnergyRegen: 1.6
  PickupRange: 150
  Damage: 10
[Arena] ✅ 羁绊属性已应用到玩家
[Arena] ===== _init_bond_hud() 完成 =====
[Arena] 玩家死亡信号已连接
[Arena] 等待完成，开始生成新角色
[Arena] _spawn_player 开始: player_id=pyro, pos=(500.0, 300.0)
[Arena] Global.selected_player_weapons = { "butcher": "punch", "pyro": "laser", "weaver": "laser" }
[Arena] visual_config: { "player_id": "pyro", "sprite_path": "res://assets/sprites/Players/Player_10.png", "scene_path": "res://scenes/unit/players/player_generic.tscn", "scale_x": 1.0, "scale_y": 1.0, "color_r": 1.0, "color_g": 1.0, "color_b": 1.0, "color_a": 1.0, "z_index": 1.0 }
[Arena] 创建角色: pyro
[PlayerFactory] 设置 player_id: pyro
[PlayerFactory] 已加载脚本: res://scenes/unit/players/player_pyro.gd (player_id=pyro)
[PlayerFactory] 成功创建角色: pyro
[Arena] 警告: player_id 不匹配，重新设置:  -> pyro
[PlayerBase] player pyro has no equipped item
[ItemWeapon] 尝试加载武器场景: res://scenes/weapons/range/weapon_range_beam.tscn
[ItemWeapon] 成功加载武器场景: res://scenes/weapons/range/weapon_range_beam.tscn
[Player] weapon added: 激光1级 (laser_1)
[Weapon] _ready() - Sprite2D 初始化:
  - 可见性: true
  - z_index: 2
  - 缩放: (1.0, 1.0)
  - 位置: (27.0, 0.0)
  - Sprite2D 全局位置: (527.0, 300.0)
  - Weapon 全局位置: (500.0, 300.0)
[Player] weapon node added to scene
[Player] weapon position: (0.0, 0.0)
[Player] weapon global position: (500.0, 300.0)
[Player] weapon visible: true
[Player] weapon z_index: 0
[Weapon] 加载贴图: res://assets/sprites/Weapons/Range/WeaponLaser.png
[Weapon] Sprite2D 可见性: true
[Weapon] Sprite2D 位置: (27.0, 0.0)
[Weapon] Sprite2D 缩放: (1.0, 1.0)
[Weapon] 贴图大小: (200.0, 100.0)
[Weapon] 动态创建枪口节点，偏移: (24.0, 0.0)
[Weapon] 武器设置完成: 激光1级 (laser_1)
  - 类型: RANGE
  - 等级: 1
  - 形状类型: straight
  - 子弹模式: single
  - 碰撞体位置/缩放: (0.0, 0.0) / (1.0, 1.0)
  - 基础场景: res://scenes/weapons/range/weapon_range_beam.tscn
[Player] weapon position after layout: (0.0, -15.0)
[Player] weapon global position after layout: (500.0, 285.0)
[PlayerBase] player pyro loaded 1 weapons
[PlayerBase] death signal connected
[PlayerBase] start loading ultimate, player_id = pyro
[PlayerBase] ultimate config loaded: { "ult_id": "pyro_ult", "name": "炼狱化身", "duration": 10.0, "energy_cost": 40.0, "bonus_bond_tag": "vanguard", "visual_color_hex": "#3366FF", "scale_multiplier": 1.2, "explosion_radius": 300.0, "explosion_damage_scale": 1.1, "description": "焰术师进入过热炉心并放大闭合爆燃", "f_role_id": "pyro", "f_internal_cd": 0.85, "f_q_line_amp": 1.6, "f_q_closure_amp": 2.1, "f_special_value_1": 1.3, "f_special_value_2": 240.0, "f_special_value_3": 0.22, "f_bond_o_payload": "tag:inkborn|lv2:0.12|lv3:0.24|axis:line", "f_bond_m_payload": "tag:blaster|lv2:0.16|lv3:0.32|axis:closure", "f_bond_t_payload": "tag:vanguard|lv2:0.10|lv3:0.20|axis:tempo" }
[PlayerBase] ultimate script loaded: (res://scenes/skills/players/f_roles/skill_pyro_f.gd):<GDScript#-9223371721694770385>
[PlayerBase] ultimate node created
[PlayerBase] ultimate load complete: 炼狱化身
[SkillDrawingBase] _ready(): skill_pyro_q, skill_owner=PlayerGeneric:<Area2D#1684633816099>
[SkillDrawingBase] Line2D 创建成功: skill_pyro_q
[Arena] 生成角色成功: pyro 在位置 (500.0, 300.0)
[PlayerBase] Bond stat modifiers applied:
  HP: 98 -> 98
  Speed: 500
  EnergyRegen: 1.6
  PickupRange: 150
  Damage: 10
[Arena] ✅ 角色切换后羁绊属性已重新应用
[Arena] ===== 角色切换结束 =====
[PlayerBase] SkillManager already exists (created by child: @Node@4526), loaded=3, skip auto create
[Arena] 玩家死亡信号已连接
[DebugSwitcher] replay started: d:/Godot/Production/PolyLash_Project/.godot_cli/Roaming/Godot/app_userdata/PolyLash/qa_reports/input_recordings/player_ops_20260315_115947_263_pyro.json
[Arena] ===== 角色切换开始 =====
[Arena] 收到角色切换请求: pyro
[Arena] 跳过自动保存（QEF测试模式）: character_switch
[Arena] 当前玩家: pyro
[Arena] 当前玩家位置: (500.0, 300.0)
[Arena] 不清理旧玩家的技能效果（默认行为）
[Arena] 调用 player.queue_free()
[Arena] 等待一帧...
[Arena] 等待完成，开始生成新角色
[Arena] _spawn_player 开始: player_id=pyro, pos=(500.0, 300.0)
[Arena] Global.selected_player_weapons = { "butcher": "punch", "pyro": "laser", "weaver": "laser" }
[Arena] visual_config: { "player_id": "pyro", "sprite_path": "res://assets/sprites/Players/Player_10.png", "scene_path": "res://scenes/unit/players/player_generic.tscn", "scale_x": 1.0, "scale_y": 1.0, "color_r": 1.0, "color_g": 1.0, "color_b": 1.0, "color_a": 1.0, "z_index": 1.0 }
[Arena] 创建角色: pyro
[PlayerFactory] 设置 player_id: pyro
[PlayerFactory] 已加载脚本: res://scenes/unit/players/player_pyro.gd (player_id=pyro)
[PlayerFactory] 成功创建角色: pyro
[Arena] 警告: player_id 不匹配，重新设置:  -> pyro
[PlayerBase] player pyro has no equipped item
[ItemWeapon] 尝试加载武器场景: res://scenes/weapons/range/weapon_range_beam.tscn
[ItemWeapon] 成功加载武器场景: res://scenes/weapons/range/weapon_range_beam.tscn
[Player] weapon added: 激光1级 (laser_1)
[Weapon] _ready() - Sprite2D 初始化:
  - 可见性: true
  - z_index: 2
  - 缩放: (1.0, 1.0)
  - 位置: (27.0, 0.0)
  - Sprite2D 全局位置: (527.0, 300.0)
  - Weapon 全局位置: (500.0, 300.0)
[Player] weapon node added to scene
[Player] weapon position: (0.0, 0.0)
[Player] weapon global position: (500.0, 300.0)
[Player] weapon visible: true
[Player] weapon z_index: 0
[Weapon] 加载贴图: res://assets/sprites/Weapons/Range/WeaponLaser.png
[Weapon] Sprite2D 可见性: true
[Weapon] Sprite2D 位置: (27.0, 0.0)
[Weapon] Sprite2D 缩放: (1.0, 1.0)
[Weapon] 贴图大小: (200.0, 100.0)
[Weapon] 动态创建枪口节点，偏移: (24.0, 0.0)
[Weapon] 武器设置完成: 激光1级 (laser_1)
  - 类型: RANGE
  - 等级: 1
  - 形状类型: straight
  - 子弹模式: single
  - 碰撞体位置/缩放: (0.0, 0.0) / (1.0, 1.0)
  - 基础场景: res://scenes/weapons/range/weapon_range_beam.tscn
[Player] weapon position after layout: (0.0, -15.0)
[Player] weapon global position after layout: (500.0, 285.0)
[PlayerBase] player pyro loaded 1 weapons
[PlayerBase] death signal connected
[PlayerBase] start loading ultimate, player_id = pyro
[PlayerBase] ultimate config loaded: { "ult_id": "pyro_ult", "name": "炼狱化身", "duration": 10.0, "energy_cost": 40.0, "bonus_bond_tag": "vanguard", "visual_color_hex": "#3366FF", "scale_multiplier": 1.2, "explosion_radius": 300.0, "explosion_damage_scale": 1.1, "description": "焰术师进入过热炉心并放大闭合爆燃", "f_role_id": "pyro", "f_internal_cd": 0.85, "f_q_line_amp": 1.6, "f_q_closure_amp": 2.1, "f_special_value_1": 1.3, "f_special_value_2": 240.0, "f_special_value_3": 0.22, "f_bond_o_payload": "tag:inkborn|lv2:0.12|lv3:0.24|axis:line", "f_bond_m_payload": "tag:blaster|lv2:0.16|lv3:0.32|axis:closure", "f_bond_t_payload": "tag:vanguard|lv2:0.10|lv3:0.20|axis:tempo" }
[PlayerBase] ultimate script loaded: (res://scenes/skills/players/f_roles/skill_pyro_f.gd):<GDScript#-9223371721694770385>
[PlayerBase] ultimate node created
[PlayerBase] ultimate load complete: 炼狱化身
[SkillDrawingBase] _ready(): skill_pyro_q, skill_owner=PlayerGeneric:<Area2D#1691109826166>
[SkillDrawingBase] Line2D 创建成功: skill_pyro_q
[Arena] 生成角色成功: pyro 在位置 (500.0, 300.0)
[PlayerBase] Bond stat modifiers applied:
  HP: 98 -> 98
  Speed: 500
  EnergyRegen: 2.0
  PickupRange: 150
  Damage: 10
[Arena] ✅ 角色切换后羁绊属性已重新应用
[Arena] ===== 角色切换结束 =====
[PlayerBase] SkillManager already exists (created by child: @Node@4536), loaded=3, skip auto create
[Arena] 玩家死亡信号已连接
[RangeBehavior] ========== 开始远程攻击 ==========
[RangeBehavior] 武器名称: 激光1级
[RangeBehavior] 武器位置: (500.0, 285.0)
[RangeBehavior] 武器旋转: -49.5852506760412度
[RangeBehavior] Muzzle 位置: (538.8989, 239.3177)
[RangeBehavior] 生成子弹:
  - 子弹场景: res://scenes/projectiles/projectile_laser.tscn
  - 生成位置: (538.8989, 239.3177)
  - 角度偏移: 0.0度
  - 速度: (1296.632, -1522.743)
  - 伤害: 11.0
[Projectile] 子弹初始化:
  - 位置: (538.8989, 239.3177)
  - 速度: (1296.632, -1522.743)
  - 伤害: 11.0
  - 暴击: false
  - 击退: 0.5
  - 发射者: PlayerGeneric
  - Hitbox 碰撞层: 4
  - Hitbox 碰撞掩码: 8
[RangeBehavior] 发射 single x1
[skill_pyro_q] ===== 鏉╂稑鍙嗙憴鍕灊濡€崇础 ===== 鐠ч鍋? (500.0002, 299.364), line_2d閺堝鏅? true
[Projectile] ========== 子弹命中！==========
[Projectile] 子弹位置: (576.0854, 195.6475)
[Projectile] 目标: CLIEnemy_(90_0, -120_0)
[Projectile] 目标位置: (581.5078, 189.3545)
[Projectile] 子弹销毁
[DebugSwitcher] test mode disabled
[DebugSwitcher] replay stopped
WARNING: ObjectDB instances leaked at exit (run with --verbose for details).
   at: cleanup (core/object/object.cpp:2641)
