Godot Engine v4.6.1.stable.official.14d19694e - https://godotengine.org

ERROR: Failed to read the root certificate store.
   at: get_system_ca_certificates (platform/windows/os_windows.cpp:2570)
=== 配置管理器初始化 ===
[ConfigManager] 加载配置: res://config/player/player_config.csv - 32 条记录
[ConfigManager] 加载配置: res://config/player/player_visual.csv - 32 条记录
[ConfigManager] 加载配置: res://config/player/player_weapons.csv - 32 条记录
[ConfigManager] 加载配置: res://config/player/player_skill_bindings.csv - 32 条记录
[ConfigManager] 加载配置: res://config/player/player_available_weapons.csv - 32 条记录
[ConfigManager] 加载宽表技能参数: res://config/player/skill_params_wide.csv - 71 个技能, 102 条描述
[ConfigManager] 加载配置: res://config/enemy/enemy_config.csv - 12 条记录
[ConfigManager] 加载配置: res://config/enemy/enemy_visual.csv - 12 条记录
[ConfigManager] 加载配置: res://config/enemy/enemy_weapons.csv - 5 条记录
[ConfigManager] 加载配置: res://config/weapon/weapon_config_optimized.csv - 35 条记录
[ConfigManager] 加载配置: res://config/wave/wave_config.csv - 4 条记录
[ConfigManager] 加载波次单位配置: res://config/wave/wave_units_config.csv - 4 个波次
[ConfigManager] 加载配置: res://config/system/input_config.csv - 16 条记录
[ConfigManager] 加载配置: res://config/item/upgrade_attributes.csv - 4 条记录
[ConfigManager] 加载配置: res://config/item/chest_config.csv - 4 条记录
[ConfigManager] 加载配置: res://config/wave/wave_chest_config.csv - 5 条记录
[ConfigManager] 加载 key-value 配置: res://config/system/game_config.csv - 53 条记录
[ConfigManager] 加载 key-value 配置: res://config/system/camera_config.csv - 8 条记录
[ConfigManager] 加载 key-value 配置: res://config/system/map_config.csv - 15 条记录
[ConfigManager] 加载新格式道具配置: res://config/item/item_config.csv - 59 条记录
[ConfigManager] 加载护符配置: res://config/item/emblem_config.csv - 14 条记录
[ConfigManager] 加载致谢配置: res://config/system/credits_config.csv - 4 条记录
=== 配置加载完成 ===
[ConfigManager] 加载配置: res://config/audio/ui_sounds.csv - 12 条记录
[ConfigManager] 加载配置: res://config/audio/combat_sounds.csv - 18 条记录
[ConfigManager] 加载配置: res://config/audio/skill_sounds.csv - 10 条记录
[ConfigManager] 加载配置: res://config/audio/environment_sounds.csv - 25 条记录
[SoundManager] 初始化完成: 65 条配置, 93 个音频缓存, 1 个音效组
=== 升级管理器初始化 ===
[EliteConfigManager] 加载精英敌人: EliteConfig(enemy_glutton: 吞噬者)
[EliteConfigManager] 加载精英能力配置: EliteAbilityConfig(enemy_glutton)
[EliteConfigManager] 加载进化阶段: EvolutionStage(enemy_glutton Stage 1)
[EliteConfigManager] 加载进化阶段: EvolutionStage(enemy_glutton Stage 2)
[EliteConfigManager] 加载进化阶段: EvolutionStage(enemy_glutton Stage 3)
[EliteConfigManager] 加载进化阶段: EvolutionStage(enemy_glutton Stage 4)
[EliteConfigManager] 加载进化阶段: EvolutionStage(enemy_glutton Stage 5)
[EliteConfigManager] 加载波次精英配置: WaveEliteConfig(wave_1_to_5: enemy_glutton x0)
[EliteConfigManager] 加载波次精英配置: WaveEliteConfig(wave_6_to_10: enemy_glutton x1)
[EliteConfigManager] 加载波次精英配置: WaveEliteConfig(wave_11_to_15: enemy_glutton x2)
[EliteConfigManager] 加载波次精英配置: WaveEliteConfig(wave_16_to_20: enemy_glutton x3)
[EliteConfigManager] 加载精英生成配置: EliteSpawnConfig(wave_1_to_5: enemy_glutton, 间隔999.0-999.0s, 最多0个)
[EliteConfigManager] 加载精英生成配置: EliteSpawnConfig(wave_6_to_10: enemy_glutton, 间隔20.0-30.0s, 最多1个)
[EliteConfigManager] 加载精英生成配置: EliteSpawnConfig(wave_11_to_15: enemy_glutton, 间隔15.0-25.0s, 最多2个)
[EliteConfigManager] 加载精英生成配置: EliteSpawnConfig(wave_16_to_20: enemy_glutton, 间隔12.0-22.0s, 最多3个)
[EliteConfigManager] 初始化完成

=== 精英敌人配置 ===
  enemy_glutton: 吞噬者 (血量88, 伤害9, 护甲0.0, 速度158.0)

=== 进化阶段配置 ===
  enemy_glutton:
    Stage 1: 血量x1.00, 伤害x1.00, 护甲x1.00, 速度x1.00, 吞噬1个敌人 - 初始阶段
    Stage 2: 血量x1.00, 伤害x1.20, 护甲x1.00, 速度x1.07, 吞噬5个敌人 - 酸液射手
    Stage 3: 血量x1.40, 伤害x1.44, 护甲x1.00, 速度x1.13, 吞噬5个敌人 - 巨型怪物
    Stage 4: 血量x1.88, 伤害x1.73, 护甲x1.00, 速度x1.20, 吞噬5个敌人 - 过度进食
    Stage 5: 血量x1.46, 伤害x2.07, 护甲x1.00, 速度x1.27, 吞噬5个敌人 - 终极形态

=== 波次精英配置 ===
  wave_1_to_5:
    enemy_glutton: 生成0个, 权重0.0, 初始阶段1, 允许进化false
  wave_6_to_10:
    enemy_glutton: 生成1个, 权重2.0, 初始阶段1, 允许进化true
  wave_11_to_15:
    enemy_glutton: 生成2个, 权重3.0, 初始阶段1, 允许进化true
  wave_16_to_20:
    enemy_glutton: 生成3个, 权重4.0, 初始阶段1, 允许进化true

=== 精英生成配置 ===
  wave_1_to_5:
    enemy_glutton: 生成间隔999.0-999.0s, 最多0个 [禁用]
  wave_6_to_10:
    enemy_glutton: 生成间隔20.0-30.0s, 最多1个 [启用]
  wave_11_to_15:
    enemy_glutton: 生成间隔15.0-25.0s, 最多2个 [启用]
  wave_16_to_20:
    enemy_glutton: 生成间隔12.0-22.0s, 最多3个 [启用]
[PlayerFactory] 已初始化
[EquipmentManager] 装备数据文件不存在，使用默认值
[EquipmentManager] 初始化完成
[WarehouseManager] 加载了 59 个道具配置（委托 ConfigManager）
[WarehouseManager] 初始化完成（局内模式），容量: 48
[BondUILoader] 加载了 11 个羁绊配置
[BondUILoader] 初始化完成，加载了 11 个羁绊配置
[ResonanceRuntimeService] init complete, players=32
[RunTelemetryService] 恢复采样 run_id=run_1773543240_1504
[ShopManager] 通过 ConfigRepository 加载了 18 行商店配置数据
[ShopManager] 初始化完成，加载了 13 个商店配置项
[ShopAttributeManager] 通过 ConfigRepository 加载了 32 个属性配置
[ShopAttributeManager] 通过 ConfigRepository 加载了 5 个波次配置
[ShopAttributeManager] 初始化完成: 32个属性, 5个波次配置
[AbilityManager] 加载了 5 个敌人的能力配置
[AbilityManager] 初始化完成，已注册 3 个能力类型
[WeaponConfigLoader] 加载表头: 46 个字段
[WeaponConfigLoader] 加载完成: 35 个武器基础配置
[BackgroundManager] 地图纹理大小: (994.000000, 460.000000)
[BackgroundManager] 初始化完成 - 瓦片大小: 2000, 已生成: 25 个瓦片
[ChestManager] 初始化完成 - 生成 2 个宝箱（分散布局）
[ChestManager] 初始化完成 - 预生成 2 个宝箱位置
[ChestIndicator] indicator_show_range = 3000 (from map_config.csv)
[ExitConfirmDialog] _ready() called
[Arena] _ready() 开始
[Arena] 已添加到 arena 组
[Arena] 已启用波末战利品模式，禁用旧宝箱流程
[Arena] 暂停菜单已初始化
[Arena] 商店面板已连接
[Arena] WaveRewardSystem 已创建
[Arena] WaveRewardPanel 已添加到 GameUI
[Arena] WildcardPanel 已添加到 GameUI
[Arena] BattleFlowController 已初始化
[Arena] Spawner 波次完成信号已连接
[Arena] 准备初始化玩家...
[Arena] _init_player_from_selection 开始
[Arena] selected_player_ids: ["butcher"]
[Arena] selected_player_weapons: { "butcher": "punch" }
WARNING: [ConfigManager] game_config 缺少键 'enable_wave_recruit_mode'，使用默认值: 1
   at: push_warning (core/variant/variant_utility.cpp:1034)
   GDScript backtrace (most recent call first):
       [0] get_game_setting (res://autoloads/config_manager.gd:590)
       [1] is_wave_recruit_mode_enabled (res://autoloads/global.gd:298)
       [2] enter_wave_recruit_mode (res://autoloads/global.gd:303)
       [3] _init_player_from_selection (res://scenes/arena/arena_core.gd:467)
       [4] _ready (res://scenes/arena/arena_core.gd:117)
[Arena] 场景中没有默认玩家，直接生成选择的角色
[Arena] _spawn_player 开始: player_id=butcher, pos=(500.0, 300.0)
[Arena] Global.selected_player_weapons = { "butcher": "punch" }
[Arena] visual_config: { "player_id": "butcher", "sprite_path": "res://assets/sprites/Players/Player_5.png", "scene_path": "res://scenes/unit/players/player_generic.tscn", "scale_x": 1.0, "scale_y": 1.0, "color_r": 1.0, "color_g": 1.0, "color_b": 1.0, "color_a": 1.0, "z_index": 1.0 }
[Arena] 创建角色: butcher
[PlayerFactory] 设置 player_id: butcher
[PlayerFactory] 已加载脚本: res://scenes/unit/players/player_butcher.gd (player_id=butcher)
[PlayerFactory] 成功创建角色: butcher
[Arena] 警告: player_id 不匹配，重新设置:  -> butcher
[PlayerBase] player butcher has no equipped item
[WeaponConfigLoader] DEBUG punch row keys:
  - weapon_base_id: punch
  - display_name_template: 拳头%d级
  - type: melee
  - max_level: 4
  - base_damage: 10
  - base_accuracy: 1
  - base_cooldown: 0.8
  - base_crit_chance: 0.05
  - base_crit_damage: 1.5
  - base_max_range: 180
  - base_knockback: 1.5
  - base_life_steal: 0
  - base_recoil: 15
  - base_recoil_duration: 0.08
  - base_attack_duration: 0.3
  - base_back_duration: 0.15
  - base_projectile_speed: 0
  - base_scene_path: res://scenes/weapons/melee/weapon_melee_point.tscn
  - projectile_scene: 
  - sprite_texture_template: res://assets/sprites/Weapons/Melee/Weapon_Punch.png
  - icon_path_template: res://assets/sprites/Weapons/Melee/Weapon_Punch.png
  - muzzle_offset: 0|0
  - hitbox_offset: 30|0
  - hitbox_scale: 1.2|1.0
  - animation_frames_path: res://anims/punch_frames.tres
  - vfx_attack_scene: res://scenes/vfx/melee_punch_attack.tscn
  - vfx_hit_scene: res://scenes/vfx/melee_punch_hit.tscn
  - audio_attack: res://assets/audio/Punch.mp3
  - shape_type: point
  - bullet_mode: 
  - effect_type: 
  - base_sector_angle: 0
  - base_bullet_count: 1
  - base_spread_angle: 0
  - base_pierce_count: 0
  - param1: 0
  - param2: 0
  - param3: 0
  - item_cost_base: 1
  - resource_path: 
  - damage_scale: 0.5
  - cooldown_scale: -0.1
  - range_scale: 10
  - knockback_scale: 0.1
  - pierce_scale: 0
  - bullet_count_scale: 0
[WeaponConfigLoader] DEBUG punch:
  - base_max_range: 180.0
  - range_scale: 10.0
  - level: 1
  - max_range: 180.0
  - row['base_max_range']: 180
[WeaponConfigLoader] 创建武器 Stats: punch_1 (punch Lv.1)
[ItemWeapon] 尝试加载武器场景: res://scenes/weapons/melee/weapon_melee_point.tscn
[ItemWeapon] 成功加载武器场景: res://scenes/weapons/melee/weapon_melee_point.tscn
[Player] weapon added: 拳头1级 (punch_1)
[Weapon] _ready() - Sprite2D 初始化:
  - 可见性: true
  - z_index: 2
  - 缩放: (1.0, 1.0)
  - 位置: (27.0, 0.0)
  - Sprite2D 全局位置: (527.0, 300.0)
  - Weapon 全局位置: (500.0, 300.0)
[Player] weapon node added to scene
[Player] weapon position: (0.0, 0.0)
[Player] weapon global position: (500.0, 300.0)
[Player] weapon visible: true
[Player] weapon z_index: 0
[Weapon] 加载贴图: res://assets/sprites/Weapons/Melee/Weapon_Punch.png
[Weapon] Sprite2D 可见性: true
[Weapon] Sprite2D 位置: (27.0, 0.0)
[Weapon] Sprite2D 缩放: (1.0, 1.0)
[Weapon] 贴图大小: (200.0, 100.0)
[Weapon] 武器设置完成: 拳头1级 (punch_1)
  - 类型: MELEE
  - 等级: 1
  - 形状类型: point
  - 子弹模式: 未指定
  - 碰撞体: 由 MeleeBehavior 动态创建
  - 基础场景: res://scenes/weapons/melee/weapon_melee_point.tscn
[Player] weapon position after layout: (0.0, -15.0)
[Player] weapon global position after layout: (500.0, 285.0)
[PlayerBase] player butcher loaded 1 weapons
[PlayerBase] death signal connected
[PlayerBase] start loading ultimate, player_id = butcher
[PlayerBase] ultimate config loaded: { "ult_id": "butcher_ult", "name": "血之狂怒", "duration": 10.0, "energy_cost": 40.0, "bonus_bond_tag": "vanguard", "visual_color_hex": "#FF3333", "scale_multiplier": 1.2, "explosion_radius": 220.0, "explosion_damage_scale": 1.3, "description": "屠夫进入血锯屠场窗口并强化画线屠杀", "f_role_id": "butcher", "f_internal_cd": 0.9, "f_q_line_amp": 1.55, "f_q_closure_amp": 2.05, "f_special_value_1": 1.35, "f_special_value_2": 220.0, "f_special_value_3": 0.3, "f_bond_o_payload": "tag:colossus|lv2:0.12|lv3:0.24|axis:line", "f_bond_m_payload": "tag:architect|lv2:0.16|lv3:0.32|axis:closure", "f_bond_t_payload": "tag:vanguard|lv2:0.10|lv3:0.20|axis:tempo" }
[PlayerBase] ultimate script loaded: (res://scenes/skills/players/f_roles/skill_butcher_f.gd):<GDScript#-9223371857053349509>
[PlayerBase] ultimate node created
[PlayerBase] ultimate load complete: 血之狂怒
[Arena] 生成角色成功: butcher 在位置 (500.0, 300.0)
[Arena] 玩家初始化完成
[CharacterSlot] 加载角色图标: butcher -> res://assets/sprites/Players/Player_5.png
[SquadHUD] 初始化 1 个角色卡槽
[Arena] 小队 HUD 初始化完成
[Arena] ===== _init_bond_hud() 开始 =====
[Arena] ✅ 找到 GameUI 节点: /root/Arena/GameUI
[Arena] ✅ BondHUD 场景加载成功
[Arena] ✅ BondHUD 实例化成功
[Arena] ✅ BondHUD 已添加到 GameUI
[Arena] BondHUD 路径: /root/Arena/GameUI/BondHUD
[Arena] BondHUD 可见性: true
[Arena] _ready() 完成，飘字保护已解除
[PlayerBase] SkillManager already exists (created by child: @Node@116), loaded=3, skip auto create
[Arena] ===== 角色切换开始 =====
[Arena] 收到角色切换请求: butcher
[Arena] 跳过自动保存（QEF测试模式）: character_switch
[Arena] 当前玩家: butcher
[Arena] 当前玩家位置: (500.0, 300.0)
[Arena] 不清理旧玩家的技能效果（默认行为）
[Arena] 调用 player.queue_free()
[Arena] 等待一帧...
[DebugSwitcher] test mode enabled: wave_time=999, key8 toggles recording
[Arena] 玩家死亡信号已连接
[Arena] 触发 BondManager 重新计算羁绊...
[Arena] 当前队伍: ["butcher", "pyro", "weaver"]
[Arena] ✅ 羁绊计算完成
[PlayerBase] Bond stat modifiers applied:
  HP: 158 -> 158
  Speed: 450
  EnergyRegen: 0.7
  PickupRange: 150
  Damage: 10
[Arena] ✅ 羁绊属性已应用到玩家
[Arena] ===== _init_bond_hud() 完成 =====
[Arena] 玩家死亡信号已连接
[Arena] 等待完成，开始生成新角色
[Arena] _spawn_player 开始: player_id=butcher, pos=(500.0, 300.0)
[Arena] Global.selected_player_weapons = { "butcher": "punch", "pyro": "laser", "weaver": "laser" }
[Arena] visual_config: { "player_id": "butcher", "sprite_path": "res://assets/sprites/Players/Player_5.png", "scene_path": "res://scenes/unit/players/player_generic.tscn", "scale_x": 1.0, "scale_y": 1.0, "color_r": 1.0, "color_g": 1.0, "color_b": 1.0, "color_a": 1.0, "z_index": 1.0 }
[Arena] 创建角色: butcher
[PlayerFactory] 设置 player_id: butcher
[PlayerFactory] 已加载脚本: res://scenes/unit/players/player_butcher.gd (player_id=butcher)
[PlayerFactory] 成功创建角色: butcher
[Arena] 警告: player_id 不匹配，重新设置:  -> butcher
[PlayerBase] player butcher has no equipped item
[ItemWeapon] 尝试加载武器场景: res://scenes/weapons/melee/weapon_melee_point.tscn
[ItemWeapon] 成功加载武器场景: res://scenes/weapons/melee/weapon_melee_point.tscn
[Player] weapon added: 拳头1级 (punch_1)
[Weapon] _ready() - Sprite2D 初始化:
  - 可见性: true
  - z_index: 2
  - 缩放: (1.0, 1.0)
  - 位置: (27.0, 0.0)
  - Sprite2D 全局位置: (527.0, 300.0)
  - Weapon 全局位置: (500.0, 300.0)
[Player] weapon node added to scene
[Player] weapon position: (0.0, 0.0)
[Player] weapon global position: (500.0, 300.0)
[Player] weapon visible: true
[Player] weapon z_index: 0
[Weapon] 加载贴图: res://assets/sprites/Weapons/Melee/Weapon_Punch.png
[Weapon] Sprite2D 可见性: true
[Weapon] Sprite2D 位置: (27.0, 0.0)
[Weapon] Sprite2D 缩放: (1.0, 1.0)
[Weapon] 贴图大小: (200.0, 100.0)
[Weapon] 武器设置完成: 拳头1级 (punch_1)
  - 类型: MELEE
  - 等级: 1
  - 形状类型: point
  - 子弹模式: 未指定
  - 碰撞体: 由 MeleeBehavior 动态创建
  - 基础场景: res://scenes/weapons/melee/weapon_melee_point.tscn
[Player] weapon position after layout: (0.0, -15.0)
[Player] weapon global position after layout: (500.0, 285.0)
[PlayerBase] player butcher loaded 1 weapons
[PlayerBase] death signal connected
[PlayerBase] start loading ultimate, player_id = butcher
[PlayerBase] ultimate config loaded: { "ult_id": "butcher_ult", "name": "血之狂怒", "duration": 10.0, "energy_cost": 40.0, "bonus_bond_tag": "vanguard", "visual_color_hex": "#FF3333", "scale_multiplier": 1.2, "explosion_radius": 220.0, "explosion_damage_scale": 1.3, "description": "屠夫进入血锯屠场窗口并强化画线屠杀", "f_role_id": "butcher", "f_internal_cd": 0.9, "f_q_line_amp": 1.55, "f_q_closure_amp": 2.05, "f_special_value_1": 1.35, "f_special_value_2": 220.0, "f_special_value_3": 0.3, "f_bond_o_payload": "tag:colossus|lv2:0.12|lv3:0.24|axis:line", "f_bond_m_payload": "tag:architect|lv2:0.16|lv3:0.32|axis:closure", "f_bond_t_payload": "tag:vanguard|lv2:0.10|lv3:0.20|axis:tempo" }
[PlayerBase] ultimate script loaded: (res://scenes/skills/players/f_roles/skill_butcher_f.gd):<GDScript#-9223371857053349509>
[PlayerBase] ultimate node created
[PlayerBase] ultimate load complete: 血之狂怒
[Arena] 生成角色成功: butcher 在位置 (500.0, 300.0)
[PlayerBase] Bond stat modifiers applied:
  HP: 158 -> 158
  Speed: 450
  EnergyRegen: 0.7
  PickupRange: 150
  Damage: 10
[Arena] ✅ 角色切换后羁绊属性已重新应用
[Arena] ===== 角色切换结束 =====
[PlayerBase] SkillManager already exists (created by child: @Node@129), loaded=3, skip auto create
[Arena] 玩家死亡信号已连接
[PlayerBase] E pressed -> execute_skill('e')
[ExplosionArea] 检测到 3 个重叠区域
[ExplosionArea] 区域 1: HurtboxComponent -> 父节点: CLIEnemy_(180_0, 0_0) (类型: Area2D)
[ExplosionArea]   ⚠️ 使用备用伤害方案
[ExplosionArea]   ✅ 造成伤害(备用): 0.0 -> CLIEnemy_(180_0, 0_0)
[ExplosionArea] 区域 2: HurtboxComponent -> 父节点: CLIEnemy_(120_0, 90_0) (类型: Area2D)
[ExplosionArea]   ⚠️ 使用备用伤害方案
[ExplosionArea]   ✅ 造成伤害(备用): 0.0 -> CLIEnemy_(120_0, 90_0)
[ExplosionArea] 区域 3: HurtboxComponent -> 父节点: CLIEnemy_(90_0, -120_0) (类型: Area2D)
[ExplosionArea]   ⚠️ 使用备用伤害方案
[ExplosionArea]   ✅ 造成伤害(备用): 0.0 -> CLIEnemy_(90_0, -120_0)
[ExplosionArea] 共击中 3 个敌人
[PlayerBase] F pressed, ultimate_skill = UltimateSkill:<Node#195538454901>
[PlayerBase] try activate ultimate, energy: 100.0%
[HealthComponent] 血量归零，触发死亡信号
[HealthComponent] 血量归零，触发死亡信号
[HealthComponent] 血量归零，触发死亡信号
[HealthComponent] 已经死亡，忽略伤害
[HealthComponent] 已经死亡，忽略伤害
[HealthComponent] 已经死亡，忽略伤害
[DebugSwitcher] test mode disabled
[BackgroundManager] 地图纹理大小: (994.000000, 460.000000)
[BackgroundManager] 初始化完成 - 瓦片大小: 2000, 已生成: 25 个瓦片
[ChestManager] 初始化完成 - 生成 2 个宝箱（分散布局）
[ChestManager] 初始化完成 - 预生成 2 个宝箱位置
[ChestIndicator] indicator_show_range = 3000 (from map_config.csv)
[ExitConfirmDialog] _ready() called
[Arena] _ready() 开始
[Arena] 已添加到 arena 组
[Arena] 已启用波末战利品模式，禁用旧宝箱流程
[Arena] 暂停菜单已初始化
[Arena] 商店面板已连接
[Arena] WaveRewardSystem 已创建
[Arena] WaveRewardPanel 已添加到 GameUI
[Arena] WildcardPanel 已添加到 GameUI
[Arena] BattleFlowController 已初始化
[Arena] Spawner 波次完成信号已连接
[Arena] 准备初始化玩家...
[Arena] _init_player_from_selection 开始
[Arena] selected_player_ids: ["weaver"]
[Arena] selected_player_weapons: { "weaver": "laser" }
WARNING: [ConfigManager] game_config 缺少键 'enable_wave_recruit_mode'，使用默认值: 1
   at: push_warning (core/variant/variant_utility.cpp:1034)
   GDScript backtrace (most recent call first):
       [0] get_game_setting (res://autoloads/config_manager.gd:590)
       [1] is_wave_recruit_mode_enabled (res://autoloads/global.gd:298)
       [2] enter_wave_recruit_mode (res://autoloads/global.gd:303)
       [3] _init_player_from_selection (res://scenes/arena/arena_core.gd:467)
       [4] _ready (res://scenes/arena/arena_core.gd:117)
[Arena] 场景中没有默认玩家，直接生成选择的角色
[Arena] _spawn_player 开始: player_id=weaver, pos=(500.0, 300.0)
[Arena] Global.selected_player_weapons = { "weaver": "laser" }
[Arena] visual_config: { "player_id": "weaver", "sprite_path": "res://assets/sprites/Players/Player_8.png", "scene_path": "res://scenes/unit/players/player_generic.tscn", "scale_x": 1.0, "scale_y": 1.0, "color_r": 1.0, "color_g": 1.0, "color_b": 1.0, "color_a": 1.0, "z_index": 1.0 }
[Arena] 创建角色: weaver
[PlayerFactory] 设置 player_id: weaver
[PlayerFactory] 已加载脚本: res://scenes/unit/players/player_weaver.gd (player_id=weaver)
[PlayerFactory] 成功创建角色: weaver
[Arena] 警告: player_id 不匹配，重新设置:  -> weaver
[PlayerBase] player weaver has no equipped item
[WeaponConfigLoader] 创建武器 Stats: laser_1 (laser Lv.1)
[ItemWeapon] 尝试加载武器场景: res://scenes/weapons/range/weapon_range_beam.tscn
[ItemWeapon] 成功加载武器场景: res://scenes/weapons/range/weapon_range_beam.tscn
[Player] weapon added: 激光1级 (laser_1)
[Weapon] _ready() - Sprite2D 初始化:
  - 可见性: true
  - z_index: 2
  - 缩放: (1.0, 1.0)
  - 位置: (27.0, 0.0)
  - Sprite2D 全局位置: (527.0, 300.0)
  - Weapon 全局位置: (500.0, 300.0)
[Player] weapon node added to scene
[Player] weapon position: (0.0, 0.0)
[Player] weapon global position: (500.0, 300.0)
[Player] weapon visible: true
[Player] weapon z_index: 0
[Weapon] 加载贴图: res://assets/sprites/Weapons/Range/WeaponLaser.png
[Weapon] Sprite2D 可见性: true
[Weapon] Sprite2D 位置: (27.0, 0.0)
[Weapon] Sprite2D 缩放: (1.0, 1.0)
[Weapon] 贴图大小: (200.0, 100.0)
[Weapon] 动态创建枪口节点，偏移: (24.0, 0.0)
[Weapon] 武器设置完成: 激光1级 (laser_1)
  - 类型: RANGE
  - 等级: 1
  - 形状类型: straight
  - 子弹模式: single
  - 碰撞体位置/缩放: (0.0, 0.0) / (1.0, 1.0)
  - 基础场景: res://scenes/weapons/range/weapon_range_beam.tscn
[Player] weapon position after layout: (0.0, -15.0)
[Player] weapon global position after layout: (500.0, 285.0)
[PlayerBase] player weaver loaded 1 weapons
[PlayerBase] death signal connected
[PlayerBase] start loading ultimate, player_id = weaver
[PlayerBase] ultimate config loaded: { "ult_id": "weaver_ult", "name": "万丝归巢", "duration": 10.0, "energy_cost": 40.0, "bonus_bond_tag": "assist", "visual_color_hex": "#FFAA33", "scale_multiplier": 1.3, "explosion_radius": 200.0, "explosion_damage_scale": 1.2, "description": "织网者启动万丝归巢并强化闭合禁行", "f_role_id": "weaver", "f_internal_cd": 1.0, "f_q_line_amp": 1.42, "f_q_closure_amp": 1.92, "f_special_value_1": 1.05, "f_special_value_2": 250.0, "f_special_value_3": 0.35, "f_bond_o_payload": "tag:inkborn|lv2:0.12|lv3:0.24|axis:line", "f_bond_m_payload": "tag:hexer|lv2:0.16|lv3:0.32|axis:closure", "f_bond_t_payload": "tag:assist|lv2:0.10|lv3:0.20|axis:tempo" }
[PlayerBase] ultimate script loaded: (res://scenes/skills/players/f_roles/skill_weaver_f.gd):<GDScript#-9223371815580071458>
[PlayerBase] ultimate node created
[PlayerBase] ultimate load complete: 万丝归巢
[Arena] 生成角色成功: weaver 在位置 (500.0, 300.0)
[Arena] 玩家初始化完成
[CharacterSlot] 加载角色图标: weaver -> res://assets/sprites/Players/Player_8.png
[SquadHUD] 初始化 1 个角色卡槽
[Arena] 小队 HUD 初始化完成
[Arena] ===== _init_bond_hud() 开始 =====
[Arena] ✅ 找到 GameUI 节点: /root/Arena/GameUI
[Arena] ✅ BondHUD 场景加载成功
[Arena] ✅ BondHUD 实例化成功
[Arena] ✅ BondHUD 已添加到 GameUI
[Arena] BondHUD 路径: /root/Arena/GameUI/BondHUD
[Arena] BondHUD 可见性: true
[Arena] _ready() 完成，飘字保护已解除
[PlayerBase] SkillManager already exists (created by child: @Node@205), loaded=3, skip auto create
[Arena] ===== 角色切换开始 =====
[Arena] 收到角色切换请求: weaver
[Arena] 跳过自动保存（QEF测试模式）: character_switch
[Arena] 当前玩家: weaver
[Arena] 当前玩家位置: (500.0, 300.0)
[Arena] 不清理旧玩家的技能效果（默认行为）
[Arena] 调用 player.queue_free()
[Arena] 等待一帧...
[DebugSwitcher] test mode enabled: wave_time=999, key8 toggles recording
[Arena] 玩家死亡信号已连接
[Arena] 触发 BondManager 重新计算羁绊...
[Arena] 当前队伍: ["butcher", "pyro", "weaver"]
[Arena] ✅ 羁绊计算完成
[PlayerBase] Bond stat modifiers applied:
  HP: 103 -> 103
  Speed: 510
  EnergyRegen: 1.0
  PickupRange: 150
  Damage: 10
[Arena] ✅ 羁绊属性已应用到玩家
[Arena] ===== _init_bond_hud() 完成 =====
[Arena] 玩家死亡信号已连接
[Arena] 等待完成，开始生成新角色
[Arena] _spawn_player 开始: player_id=weaver, pos=(500.0, 300.0)
[Arena] Global.selected_player_weapons = { "butcher": "punch", "pyro": "laser", "weaver": "laser" }
[Arena] visual_config: { "player_id": "weaver", "sprite_path": "res://assets/sprites/Players/Player_8.png", "scene_path": "res://scenes/unit/players/player_generic.tscn", "scale_x": 1.0, "scale_y": 1.0, "color_r": 1.0, "color_g": 1.0, "color_b": 1.0, "color_a": 1.0, "z_index": 1.0 }
[Arena] 创建角色: weaver
[PlayerFactory] 设置 player_id: weaver
[PlayerFactory] 已加载脚本: res://scenes/unit/players/player_weaver.gd (player_id=weaver)
[PlayerFactory] 成功创建角色: weaver
[Arena] 警告: player_id 不匹配，重新设置:  -> weaver
[PlayerBase] player weaver has no equipped item
[ItemWeapon] 尝试加载武器场景: res://scenes/weapons/range/weapon_range_beam.tscn
[ItemWeapon] 成功加载武器场景: res://scenes/weapons/range/weapon_range_beam.tscn
[Player] weapon added: 激光1级 (laser_1)
[Weapon] _ready() - Sprite2D 初始化:
  - 可见性: true
  - z_index: 2
  - 缩放: (1.0, 1.0)
  - 位置: (27.0, 0.0)
  - Sprite2D 全局位置: (527.0, 300.0)
  - Weapon 全局位置: (500.0, 300.0)
[Player] weapon node added to scene
[Player] weapon position: (0.0, 0.0)
[Player] weapon global position: (500.0, 300.0)
[Player] weapon visible: true
[Player] weapon z_index: 0
[Weapon] 加载贴图: res://assets/sprites/Weapons/Range/WeaponLaser.png
[Weapon] Sprite2D 可见性: true
[Weapon] Sprite2D 位置: (27.0, 0.0)
[Weapon] Sprite2D 缩放: (1.0, 1.0)
[Weapon] 贴图大小: (200.0, 100.0)
[Weapon] 动态创建枪口节点，偏移: (24.0, 0.0)
[Weapon] 武器设置完成: 激光1级 (laser_1)
  - 类型: RANGE
  - 等级: 1
  - 形状类型: straight
  - 子弹模式: single
  - 碰撞体位置/缩放: (0.0, 0.0) / (1.0, 1.0)
  - 基础场景: res://scenes/weapons/range/weapon_range_beam.tscn
[Player] weapon position after layout: (0.0, -15.0)
[Player] weapon global position after layout: (500.0, 285.0)
[PlayerBase] player weaver loaded 1 weapons
[PlayerBase] death signal connected
[PlayerBase] start loading ultimate, player_id = weaver
[PlayerBase] ultimate config loaded: { "ult_id": "weaver_ult", "name": "万丝归巢", "duration": 10.0, "energy_cost": 40.0, "bonus_bond_tag": "assist", "visual_color_hex": "#FFAA33", "scale_multiplier": 1.3, "explosion_radius": 200.0, "explosion_damage_scale": 1.2, "description": "织网者启动万丝归巢并强化闭合禁行", "f_role_id": "weaver", "f_internal_cd": 1.0, "f_q_line_amp": 1.42, "f_q_closure_amp": 1.92, "f_special_value_1": 1.05, "f_special_value_2": 250.0, "f_special_value_3": 0.35, "f_bond_o_payload": "tag:inkborn|lv2:0.12|lv3:0.24|axis:line", "f_bond_m_payload": "tag:hexer|lv2:0.16|lv3:0.32|axis:closure", "f_bond_t_payload": "tag:assist|lv2:0.10|lv3:0.20|axis:tempo" }
[PlayerBase] ultimate script loaded: (res://scenes/skills/players/f_roles/skill_weaver_f.gd):<GDScript#-9223371815580071458>
[PlayerBase] ultimate node created
[PlayerBase] ultimate load complete: 万丝归巢
[Arena] 生成角色成功: weaver 在位置 (500.0, 300.0)
[PlayerBase] Bond stat modifiers applied:
  HP: 103 -> 103
  Speed: 510
  EnergyRegen: 1.0
  PickupRange: 150
  Damage: 10
[Arena] ✅ 角色切换后羁绊属性已重新应用
[Arena] ===== 角色切换结束 =====
[PlayerBase] SkillManager already exists (created by child: @Node@216), loaded=3, skip auto create
[Arena] 玩家死亡信号已连接
[RangeBehavior] ========== 开始远程攻击 ==========
[RangeBehavior] 武器名称: 激光1级
[RangeBehavior] 武器位置: (500.0, 285.0)
[RangeBehavior] 武器旋转: -48.4130911767241度
[RangeBehavior] Muzzle 位置: (539.8253, 240.123)
[RangeBehavior] 生成子弹:
  - 子弹场景: res://scenes/projectiles/projectile_laser.tscn
  - 生成位置: (539.8253, 240.123)
  - 角度偏移: 0.0度
  - 速度: (1327.511, -1495.9)
  - 伤害: 11.0
[Projectile] 子弹初始化:
  - 位置: (539.8253, 240.123)
  - 速度: (1327.511, -1495.9)
  - 伤害: 11.0
  - 暴击: false
  - 击退: 0.5
  - 发射者: PlayerGeneric
  - Hitbox 碰撞层: 4
  - Hitbox 碰撞掩码: 8
[RangeBehavior] 发射 single x1
[Projectile] ========== 子弹命中！==========
[Projectile] 子弹位置: (581.8391, 192.7758)
[Projectile] 目标: CLIEnemy_(90_0, -120_0)
[Projectile] 目标位置: (584.6877, 185.7256)
[Projectile] 子弹销毁
[RangeBehavior] 攻击结束
[PolygonUtils] 交叉点数量: 1
[PolygonUtils] 排序后: ["[0,4]"]
[PolygonUtils] 单交叉点区域: 点数=4
[PolygonUtils] 提取完成，共 1 个区域
[PlayerBase] E pressed -> execute_skill('e')
[HealthComponent] 血量归零，触发死亡信号
[HealthComponent] 血量归零，触发死亡信号
[ExplosionArea] 检测到 1 个重叠区域
[ExplosionArea] 区域 1: HurtboxComponent -> 父节点: CLIEnemy_(120_0, 90_0) (类型: Area2D)
[ExplosionArea]   ⚠️ 使用备用伤害方案
[ExplosionArea]   ✅ 造成伤害(备用): 0.0 -> CLIEnemy_(120_0, 90_0)
[ExplosionArea] 共击中 1 个敌人
[ExplosionArea] 检测到 1 个重叠区域
[ExplosionArea] 区域 1: HurtboxComponent -> 父节点: CLIEnemy_(180_0, 0_0) (类型: Area2D)
[ExplosionArea]   ⚠️ 使用备用伤害方案
[ExplosionArea]   ✅ 造成伤害(备用): 0.0 -> CLIEnemy_(180_0, 0_0)
[ExplosionArea] 共击中 1 个敌人
[ExplosionArea] 检测到 1 个重叠区域
[ExplosionArea] 区域 1: HurtboxComponent -> 父节点: CLIEnemy_(90_0, -120_0) (类型: Area2D)
[ExplosionArea]   ⚠️ 使用备用伤害方案
[ExplosionArea]   ✅ 造成伤害(备用): 0.0 -> CLIEnemy_(90_0, -120_0)
[ExplosionArea] 共击中 1 个敌人
[HealthComponent] 已经死亡，忽略伤害
[PlayerBase] F pressed, ultimate_skill = UltimateSkill:<Node#231928236513>
[PlayerBase] try activate ultimate, energy: 100.0%
[RangeBehavior] ========== 开始远程攻击 ==========
[RangeBehavior] 武器名称: 激光1级
[RangeBehavior] 武器位置: (500.0, 282.3068)
[RangeBehavior] 武器旋转: -46.7060151672736度
[RangeBehavior] Muzzle 位置: (548.5319, 230.7951)
[RangeBehavior] 生成子弹:
  - 子弹场景: res://scenes/projectiles/projectile_laser.tscn
  - 生成位置: (548.5319, 230.7951)
  - 角度偏移: 0.0度
  - 速度: (1371.484, -1455.69)
  - 伤害: 11.0
[Projectile] 子弹初始化:
  - 位置: (548.5319, 230.7951)
  - 速度: (1371.484, -1455.69)
  - 伤害: 11.0
  - 暴击: false
  - 击退: 0.5
  - 发射者: PlayerGeneric
  - Hitbox 碰撞层: 4
  - Hitbox 碰撞掩码: 8
[RangeBehavior] 发射 single x1
[HealthComponent] 血量归零，触发死亡信号
[Projectile] ========== 子弹命中！==========
[Projectile] 子弹位置: (579.0432, 198.4107)
[Projectile] 目标: CLIEnemy_(90_0, -120_0)
[Projectile] 目标位置: (542.0151, 237.9924)
[Projectile] 子弹销毁
[Projectile] ✓ 生成爆炸: 伤害=1.0, 半径=200.0
[Projectile] 爆炸伤害: 13.2 (基础:11.0 × 倍率:1.2)
[ExplosionArea] 检测到 3 个重叠区域
[ExplosionArea] 区域 1: HurtboxComponent -> 父节点: CLIEnemy_(120_0, 90_0) (类型: Area2D)
[ExplosionArea]   ⚠️ 使用备用伤害方案
[ExplosionArea]   ✅ 造成伤害(备用): 13.2 -> CLIEnemy_(120_0, 90_0)
[ExplosionArea] 区域 2: HurtboxComponent -> 父节点: CLIEnemy_(90_0, -120_0) (类型: Area2D)
[ExplosionArea]   ⚠️ 使用备用伤害方案
[ExplosionArea]   ✅ 造成伤害(备用): 13.2 -> CLIEnemy_(90_0, -120_0)
[ExplosionArea] 区域 3: HurtboxComponent -> 父节点: CLIEnemy_(180_0, 0_0) (类型: Area2D)
[ExplosionArea]   ⚠️ 使用备用伤害方案
[ExplosionArea]   ✅ 造成伤害(备用): 13.2 -> CLIEnemy_(180_0, 0_0)
[ExplosionArea] 共击中 3 个敌人
[HealthComponent] 已经死亡，忽略伤害
[DebugSwitcher] test mode disabled
[BackgroundManager] 地图纹理大小: (994.000000, 460.000000)
[BackgroundManager] 初始化完成 - 瓦片大小: 2000, 已生成: 25 个瓦片
[ChestManager] 初始化完成 - 生成 2 个宝箱（分散布局）
[ChestManager] 初始化完成 - 预生成 2 个宝箱位置
[ChestIndicator] indicator_show_range = 3000 (from map_config.csv)
[ExitConfirmDialog] _ready() called
[Arena] _ready() 开始
[Arena] 已添加到 arena 组
[Arena] 已启用波末战利品模式，禁用旧宝箱流程
[Arena] 暂停菜单已初始化
[Arena] 商店面板已连接
[Arena] WaveRewardSystem 已创建
[Arena] WaveRewardPanel 已添加到 GameUI
[Arena] WildcardPanel 已添加到 GameUI
[Arena] BattleFlowController 已初始化
[Arena] Spawner 波次完成信号已连接
[Arena] 准备初始化玩家...
[Arena] _init_player_from_selection 开始
[Arena] selected_player_ids: ["lurewarden"]
[Arena] selected_player_weapons: { "lurewarden": "pistol" }
WARNING: [ConfigManager] game_config 缺少键 'enable_wave_recruit_mode'，使用默认值: 1
   at: push_warning (core/variant/variant_utility.cpp:1034)
   GDScript backtrace (most recent call first):
       [0] get_game_setting (res://autoloads/config_manager.gd:590)
       [1] is_wave_recruit_mode_enabled (res://autoloads/global.gd:298)
       [2] enter_wave_recruit_mode (res://autoloads/global.gd:303)
       [3] _init_player_from_selection (res://scenes/arena/arena_core.gd:467)
       [4] _ready (res://scenes/arena/arena_core.gd:117)
[Arena] 场景中没有默认玩家，直接生成选择的角色
[Arena] _spawn_player 开始: player_id=lurewarden, pos=(500.0, 300.0)
[Arena] Global.selected_player_weapons = { "lurewarden": "pistol" }
[Arena] visual_config: { "player_id": "lurewarden", "sprite_path": "res://assets/sprites/Players/Player_7.png", "scene_path": "res://scenes/unit/players/player_generic.tscn", "scale_x": 1.0, "scale_y": 1.0, "color_r": 1.0, "color_g": 1.0, "color_b": 1.0, "color_a": 1.0, "z_index": 1.0 }
[Arena] 创建角色: lurewarden
[PlayerFactory] 设置 player_id: lurewarden
[PlayerFactory] 已加载脚本: res://scenes/unit/players/player_lurewarden.gd (player_id=lurewarden)
[PlayerFactory] 成功创建角色: lurewarden
[Arena] 警告: player_id 不匹配，重新设置:  -> lurewarden
[PlayerBase] player lurewarden has no equipped item
[WeaponConfigLoader] 创建武器 Stats: pistol_1 (pistol Lv.1)
[ItemWeapon] 尝试加载武器场景: res://scenes/weapons/range/weapon_range_physical.tscn
[ItemWeapon] 成功加载武器场景: res://scenes/weapons/range/weapon_range_physical.tscn
[Player] weapon added: 手枪1级 (pistol_1)
[Weapon] _ready() - Sprite2D 初始化:
  - 可见性: true
  - z_index: 2
  - 缩放: (1.0, 1.0)
  - 位置: (27.0, 0.0)
  - Sprite2D 全局位置: (527.0, 300.0)
  - Weapon 全局位置: (500.0, 300.0)
[Player] weapon node added to scene
[Player] weapon position: (0.0, 0.0)
[Player] weapon global position: (500.0, 300.0)
[Player] weapon visible: true
[Player] weapon z_index: 0
[Weapon] 加载贴图: res://assets/sprites/Weapons/Range/WeaponPistol.png
[Weapon] Sprite2D 可见性: true
[Weapon] Sprite2D 位置: (27.0, 0.0)
[Weapon] Sprite2D 缩放: (1.0, 1.0)
[Weapon] 贴图大小: (200.0, 100.0)
[Weapon] 动态创建枪口节点，偏移: (20.0, -2.0)
[Weapon] 武器设置完成: 手枪1级 (pistol_1)
  - 类型: RANGE
  - 等级: 1
  - 形状类型: straight
  - 子弹模式: single
  - 碰撞体位置/缩放: (0.0, 0.0) / (1.0, 1.0)
  - 基础场景: res://scenes/weapons/range/weapon_range_physical.tscn
[Player] weapon position after layout: (0.0, -15.0)
[Player] weapon global position after layout: (500.0, 285.0)
[PlayerBase] player lurewarden loaded 1 weapons
[PlayerBase] death signal connected
[PlayerBase] start loading ultimate, player_id = lurewarden
[PlayerBase] ultimate config loaded: { "ult_id": "lurewarden_ult", "name": "诱猎号令", "duration": 10.0, "energy_cost": 40.0, "bonus_bond_tag": "commander", "visual_color_hex": "#66FF33", "scale_multiplier": 1.2, "explosion_radius": 280.0, "explosion_damage_scale": 1.0, "description": "诱猎师开启诱猎号令并强化诱饵围捕", "f_role_id": "lurewarden", "f_internal_cd": 0.95, "f_q_line_amp": 1.48, "f_q_closure_amp": 1.96, "f_special_value_1": 1.18, "f_special_value_2": 250.0, "f_special_value_3": 0.3, "f_bond_o_payload": "tag:alchemist|lv2:0.12|lv3:0.24|axis:line", "f_bond_m_payload": "tag:architect|lv2:0.16|lv3:0.32|axis:closure", "f_bond_t_payload": "tag:commander|lv2:0.10|lv3:0.20|axis:tempo" }
[PlayerBase] ultimate script loaded: (res://scenes/skills/players/f_roles/skill_lurewarden_f.gd):<GDScript#-9223371775465747950>
[PlayerBase] ultimate node created
[PlayerBase] ultimate load complete: 诱猎号令
[SkillDrawingBase] _ready(): skill_lurewarden_q, skill_owner=PlayerGeneric:<Area2D#258855667730>
[SkillDrawingBase] Line2D 创建成功: skill_lurewarden_q
[Arena] 生成角色成功: lurewarden 在位置 (500.0, 300.0)
[Arena] 玩家初始化完成
[CharacterSlot] 加载角色图标: lurewarden -> res://assets/sprites/Players/Player_7.png
[SquadHUD] 初始化 1 个角色卡槽
[Arena] 小队 HUD 初始化完成
[Arena] ===== _init_bond_hud() 开始 =====
[Arena] ✅ 找到 GameUI 节点: /root/Arena/GameUI
[Arena] ✅ BondHUD 场景加载成功
[Arena] ✅ BondHUD 实例化成功
[Arena] ✅ BondHUD 已添加到 GameUI
[Arena] BondHUD 路径: /root/Arena/GameUI/BondHUD
[Arena] BondHUD 可见性: true
[Arena] _ready() 完成，飘字保护已解除
[PlayerBase] SkillManager already exists (created by child: @Node@333), loaded=3, skip auto create
[Arena] ===== 角色切换开始 =====
[Arena] 收到角色切换请求: lurewarden
[Arena] 跳过自动保存（QEF测试模式）: character_switch
[Arena] 当前玩家: lurewarden
[Arena] 当前玩家位置: (500.0, 300.0)
[Arena] 不清理旧玩家的技能效果（默认行为）
[Arena] 调用 player.queue_free()
[Arena] 等待一帧...
[DebugSwitcher] test mode enabled: wave_time=999, key8 toggles recording
[Arena] 玩家死亡信号已连接
[Arena] 触发 BondManager 重新计算羁绊...
[Arena] 当前队伍: ["sapper", "spiritcaller", "lurewarden"]
[Arena] ✅ 羁绊计算完成
[PlayerBase] Bond stat modifiers applied:
  HP: 108 -> 141
  Speed: 640
  EnergyRegen: 0.7
  PickupRange: 225
  Damage: 10
[Arena] ✅ 羁绊属性已应用到玩家
[Arena] ===== _init_bond_hud() 完成 =====
[Arena] 玩家死亡信号已连接
[Arena] 等待完成，开始生成新角色
[Arena] _spawn_player 开始: player_id=lurewarden, pos=(500.0, 300.0)
[Arena] Global.selected_player_weapons = { "sapper": "pistol", "spiritcaller": "punch", "lurewarden": "pistol" }
[Arena] visual_config: { "player_id": "lurewarden", "sprite_path": "res://assets/sprites/Players/Player_7.png", "scene_path": "res://scenes/unit/players/player_generic.tscn", "scale_x": 1.0, "scale_y": 1.0, "color_r": 1.0, "color_g": 1.0, "color_b": 1.0, "color_a": 1.0, "z_index": 1.0 }
[Arena] 创建角色: lurewarden
[PlayerFactory] 设置 player_id: lurewarden
[PlayerFactory] 已加载脚本: res://scenes/unit/players/player_lurewarden.gd (player_id=lurewarden)
[PlayerFactory] 成功创建角色: lurewarden
[Arena] 警告: player_id 不匹配，重新设置:  -> lurewarden
[PlayerBase] player lurewarden has no equipped item
[ItemWeapon] 尝试加载武器场景: res://scenes/weapons/range/weapon_range_physical.tscn
[ItemWeapon] 成功加载武器场景: res://scenes/weapons/range/weapon_range_physical.tscn
[Player] weapon added: 手枪1级 (pistol_1)
[Weapon] _ready() - Sprite2D 初始化:
  - 可见性: true
  - z_index: 2
  - 缩放: (1.0, 1.0)
  - 位置: (27.0, 0.0)
  - Sprite2D 全局位置: (527.0, 300.0)
  - Weapon 全局位置: (500.0, 300.0)
[Player] weapon node added to scene
[Player] weapon position: (0.0, 0.0)
[Player] weapon global position: (500.0, 300.0)
[Player] weapon visible: true
[Player] weapon z_index: 0
[Weapon] 加载贴图: res://assets/sprites/Weapons/Range/WeaponPistol.png
[Weapon] Sprite2D 可见性: true
[Weapon] Sprite2D 位置: (27.0, 0.0)
[Weapon] Sprite2D 缩放: (1.0, 1.0)
[Weapon] 贴图大小: (200.0, 100.0)
[Weapon] 动态创建枪口节点，偏移: (20.0, -2.0)
[Weapon] 武器设置完成: 手枪1级 (pistol_1)
  - 类型: RANGE
  - 等级: 1
  - 形状类型: straight
  - 子弹模式: single
  - 碰撞体位置/缩放: (0.0, 0.0) / (1.0, 1.0)
  - 基础场景: res://scenes/weapons/range/weapon_range_physical.tscn
[Player] weapon position after layout: (0.0, -15.0)
[Player] weapon global position after layout: (500.0, 285.0)
[PlayerBase] player lurewarden loaded 1 weapons
[PlayerBase] death signal connected
[PlayerBase] start loading ultimate, player_id = lurewarden
[PlayerBase] ultimate config loaded: { "ult_id": "lurewarden_ult", "name": "诱猎号令", "duration": 10.0, "energy_cost": 40.0, "bonus_bond_tag": "commander", "visual_color_hex": "#66FF33", "scale_multiplier": 1.2, "explosion_radius": 280.0, "explosion_damage_scale": 1.0, "description": "诱猎师开启诱猎号令并强化诱饵围捕", "f_role_id": "lurewarden", "f_internal_cd": 0.95, "f_q_line_amp": 1.48, "f_q_closure_amp": 1.96, "f_special_value_1": 1.18, "f_special_value_2": 250.0, "f_special_value_3": 0.3, "f_bond_o_payload": "tag:alchemist|lv2:0.12|lv3:0.24|axis:line", "f_bond_m_payload": "tag:architect|lv2:0.16|lv3:0.32|axis:closure", "f_bond_t_payload": "tag:commander|lv2:0.10|lv3:0.20|axis:tempo" }
[PlayerBase] ultimate script loaded: (res://scenes/skills/players/f_roles/skill_lurewarden_f.gd):<GDScript#-9223371775465747950>
[PlayerBase] ultimate node created
[PlayerBase] ultimate load complete: 诱猎号令
[SkillDrawingBase] _ready(): skill_lurewarden_q, skill_owner=PlayerGeneric:<Area2D#275196676961>
[SkillDrawingBase] Line2D 创建成功: skill_lurewarden_q
[Arena] 生成角色成功: lurewarden 在位置 (500.0, 300.0)
[PlayerBase] Bond stat modifiers applied:
  HP: 108 -> 141
  Speed: 640
  EnergyRegen: 0.7
  PickupRange: 225
  Damage: 10
[Arena] ✅ 角色切换后羁绊属性已重新应用
[Arena] ===== 角色切换结束 =====
[PlayerBase] SkillManager already exists (created by child: @Node@354), loaded=3, skip auto create
[Arena] 玩家死亡信号已连接
[RangeBehavior] ========== 开始远程攻击 ==========
[RangeBehavior] 武器名称: 手枪1级
[RangeBehavior] 武器位置: (500.0, 285.0)
[RangeBehavior] 武器旋转: -51.3318359147456度
[RangeBehavior] Muzzle 位置: (531.2404, 245.9611)
[RangeBehavior] 生成子弹:
  - 子弹场景: res://scenes/projectiles/projectile_pistol.tscn
  - 生成位置: (531.2404, 245.9611)
  - 角度偏移: 0.0度
  - 速度: (1124.656, -1405.4)
  - 伤害: 11.0
[Projectile] 子弹初始化:
  - 位置: (531.2404, 245.9611)
  - 速度: (1124.656, -1405.4)
  - 伤害: 11.0
  - 暴击: false
  - 击退: 1.0
  - 发射者: PlayerGeneric
  - Hitbox 碰撞层: 4
  - Hitbox 碰撞掩码: 8
[RangeBehavior] 发射 single x1
[skill_lurewarden_q] ===== 鏉╂稑鍙嗙憴鍕灊濡€崇础 ===== 鐠ч鍋? (500.0002, 299.364), line_2d閺堝鏅? true
[Projectile] ========== 子弹命中！==========
[Projectile] 子弹位置: (571.3701, 195.8129)
[Projectile] 目标: CLIEnemy_(90_0, -120_0)
[Projectile] 目标位置: (581.9219, 189.1982)
[Projectile] 子弹销毁
[RangeBehavior] 攻击结束
[PlayerBase] Q released -> release_skill('q')
[skill_lurewarden_q] ===== 退出规划模式 ===== 点数: 87, 闭合: false
[skill_lurewarden_q] 最终闭合判定: false
[skill_lurewarden_q] 閻㈢喐鍨氬鈧弨鎹愮熅瀵板嫭鏅ラ弸婊愮礉閸樼喎顫愰悙瑙勬殶: 87, 閸氬牆鑻熺痪鎸庮唽閺? 9
[skill_lurewarden_q] [P0-2] 线段持续加成: 5.0s -> 8.0s (+3.0s)
[skill_lurewarden_q] [P0-2] 线段持续加成: 5.0s -> 8.0s (+3.0s)
[skill_lurewarden_q] [P0-2] 线段持续加成: 5.0s -> 8.0s (+3.0s)
[skill_lurewarden_q] [P0-2] 线段持续加成: 5.0s -> 8.0s (+3.0s)
[skill_lurewarden_q] [P0-2] 线段持续加成: 5.0s -> 8.0s (+3.0s)
[skill_lurewarden_q] [P0-2] 线段持续加成: 5.0s -> 8.0s (+3.0s)
[skill_lurewarden_q] [P0-2] 线段持续加成: 5.0s -> 8.0s (+3.0s)
[skill_lurewarden_q] [P0-2] 线段持续加成: 5.0s -> 8.0s (+3.0s)
[skill_lurewarden_q] [P0-2] 线段持续加成: 5.0s -> 8.0s (+3.0s)
[skill_lurewarden_q] [P0-2] 线段持续加成: 5.0s -> 8.0s (+3.0s)
[skill_lurewarden_q] open-path effects spawned
[skill_lurewarden_q] [P0-2] 线段持续加成: 5.0s -> 8.0s (+3.0s)
[skill_lurewarden_q] ===== 鏉╂稑鍙嗙憴鍕灊濡€崇础 ===== 鐠ч鍋? (712.0056, 328.4453), line_2d閺堝鏅? true
[RangeBehavior] ========== 开始远程攻击 ==========
[RangeBehavior] 武器名称: 手枪1级
[RangeBehavior] 武器位置: (737.6031, 314.0511)
[RangeBehavior] 武器旋转: -172.034160285646度
[RangeBehavior] Muzzle 位置: (688.0721, 307.2191)
[RangeBehavior] 生成子弹:
  - 子弹场景: res://scenes/projectiles/projectile_pistol.tscn
  - 生成位置: (688.0721, 307.2191)
  - 角度偏移: 0.0度
  - 速度: (-1782.631, -249.4488)
  - 伤害: 11.0
[Projectile] 子弹初始化:
  - 位置: (688.0721, 307.2191)
  - 速度: (-1782.631, -249.4488)
  - 伤害: 11.0
  - 暴击: false
  - 击退: 1.0
  - 发射者: PlayerGeneric
  - Hitbox 碰撞层: 4
  - Hitbox 碰撞掩码: 8
[RangeBehavior] 发射 single x1
[Projectile] ========== 子弹命中！==========
[Projectile] 子弹位置: (683.6976, 306.6068)
[Projectile] 目标: CLIEnemy_(180_0, 0_0)
[Projectile] 目标位置: (662.4, 304.1212)
[Projectile] 子弹销毁
[RangeBehavior] 攻击结束
[PlayerBase] Q released -> release_skill('q')
[skill_lurewarden_q] ===== 退出规划模式 ===== 点数: 129, 闭合: true
[skill_lurewarden_q] 最终闭合判定: true
[PolygonUtils] 交叉点数量: 4
[PolygonUtils] 排序后: ["[100,114]", "[101,113]", "[103,111]", "[104,110]"]
[PolygonUtils] 多交叉点(4个)
[PolygonUtils] 提取完成，共 0 个区域
[PlayerBase] E pressed -> execute_skill('e')
[HealthComponent] 血量归零，触发死亡信号
[ExplosionArea] 检测到 0 个重叠区域
[ExplosionArea] 共击中 0 个敌人
[PlayerBase] F pressed, ultimate_skill = UltimateSkill:<Node#276991839409>
[PlayerBase] try activate ultimate, energy: 100.0%
[RangeBehavior] ========== 开始远程攻击 ==========
[RangeBehavior] 武器名称: 手枪1级
[RangeBehavior] 武器位置: (862.9834, 443.0261)
[RangeBehavior] 武器旋转: -155.045417102695度
[RangeBehavior] Muzzle 位置: (888.1271, 388.9933)
[RangeBehavior] 生成子弹:
  - 子弹场景: res://scenes/projectiles/projectile_pistol.tscn
  - 生成位置: (888.1271, 388.9933)
  - 角度偏移: 0.0度
  - 速度: (-1631.957, -759.4195)
  - 伤害: 11.0
[Projectile] 子弹初始化:
  - 位置: (888.1271, 388.9933)
  - 速度: (-1631.957, -759.4195)
  - 伤害: 11.0
  - 暴击: false
  - 击退: 1.0
  - 发射者: PlayerGeneric
  - Hitbox 碰撞层: 4
  - Hitbox 碰撞掩码: 8
[RangeBehavior] 发射 single x1
[DebugSwitcher] test mode disabled
[Arena] 清理了 1 个残留投射物
[BackgroundManager] 地图纹理大小: (994.000000, 460.000000)
[BackgroundManager] 初始化完成 - 瓦片大小: 2000, 已生成: 25 个瓦片
[ChestManager] 初始化完成 - 生成 2 个宝箱（分散布局）
[ChestManager] 初始化完成 - 预生成 2 个宝箱位置
[ChestIndicator] indicator_show_range = 3000 (from map_config.csv)
[ExitConfirmDialog] _ready() called
[Arena] _ready() 开始
[Arena] 已添加到 arena 组
[Arena] 已启用波末战利品模式，禁用旧宝箱流程
[Arena] 暂停菜单已初始化
[Arena] 商店面板已连接
[Arena] WaveRewardSystem 已创建
[Arena] WaveRewardPanel 已添加到 GameUI
[Arena] WildcardPanel 已添加到 GameUI
[Arena] BattleFlowController 已初始化
[Arena] Spawner 波次完成信号已连接
[Arena] 准备初始化玩家...
[Arena] _init_player_from_selection 开始
[Arena] selected_player_ids: ["pyro"]
[Arena] selected_player_weapons: { "pyro": "laser" }
WARNING: [ConfigManager] game_config 缺少键 'enable_wave_recruit_mode'，使用默认值: 1
   at: push_warning (core/variant/variant_utility.cpp:1034)
   GDScript backtrace (most recent call first):
       [0] get_game_setting (res://autoloads/config_manager.gd:590)
       [1] is_wave_recruit_mode_enabled (res://autoloads/global.gd:298)
       [2] enter_wave_recruit_mode (res://autoloads/global.gd:303)
       [3] _init_player_from_selection (res://scenes/arena/arena_core.gd:467)
       [4] _ready (res://scenes/arena/arena_core.gd:117)
[Arena] 场景中没有默认玩家，直接生成选择的角色
[Arena] _spawn_player 开始: player_id=pyro, pos=(500.0, 300.0)
[Arena] Global.selected_player_weapons = { "pyro": "laser" }
[Arena] visual_config: { "player_id": "pyro", "sprite_path": "res://assets/sprites/Players/Player_10.png", "scene_path": "res://scenes/unit/players/player_generic.tscn", "scale_x": 1.0, "scale_y": 1.0, "color_r": 1.0, "color_g": 1.0, "color_b": 1.0, "color_a": 1.0, "z_index": 1.0 }
[Arena] 创建角色: pyro
[PlayerFactory] 设置 player_id: pyro
[PlayerFactory] 已加载脚本: res://scenes/unit/players/player_pyro.gd (player_id=pyro)
[PlayerFactory] 成功创建角色: pyro
[Arena] 警告: player_id 不匹配，重新设置:  -> pyro
[PlayerBase] player pyro has no equipped item
[ItemWeapon] 尝试加载武器场景: res://scenes/weapons/range/weapon_range_beam.tscn
[ItemWeapon] 成功加载武器场景: res://scenes/weapons/range/weapon_range_beam.tscn
[Player] weapon added: 激光1级 (laser_1)
[Weapon] _ready() - Sprite2D 初始化:
  - 可见性: true
  - z_index: 2
  - 缩放: (1.0, 1.0)
  - 位置: (27.0, 0.0)
  - Sprite2D 全局位置: (527.0, 300.0)
  - Weapon 全局位置: (500.0, 300.0)
[Player] weapon node added to scene
[Player] weapon position: (0.0, 0.0)
[Player] weapon global position: (500.0, 300.0)
[Player] weapon visible: true
[Player] weapon z_index: 0
[Weapon] 加载贴图: res://assets/sprites/Weapons/Range/WeaponLaser.png
[Weapon] Sprite2D 可见性: true
[Weapon] Sprite2D 位置: (27.0, 0.0)
[Weapon] Sprite2D 缩放: (1.0, 1.0)
[Weapon] 贴图大小: (200.0, 100.0)
[Weapon] 动态创建枪口节点，偏移: (24.0, 0.0)
[Weapon] 武器设置完成: 激光1级 (laser_1)
  - 类型: RANGE
  - 等级: 1
  - 形状类型: straight
  - 子弹模式: single
  - 碰撞体位置/缩放: (0.0, 0.0) / (1.0, 1.0)
  - 基础场景: res://scenes/weapons/range/weapon_range_beam.tscn
[Player] weapon position after layout: (0.0, -15.0)
[Player] weapon global position after layout: (500.0, 285.0)
[PlayerBase] player pyro loaded 1 weapons
[PlayerBase] death signal connected
[PlayerBase] start loading ultimate, player_id = pyro
[PlayerBase] ultimate config loaded: { "ult_id": "pyro_ult", "name": "炼狱化身", "duration": 10.0, "energy_cost": 40.0, "bonus_bond_tag": "vanguard", "visual_color_hex": "#3366FF", "scale_multiplier": 1.2, "explosion_radius": 300.0, "explosion_damage_scale": 1.1, "description": "焰术师进入过热炉心并放大闭合爆燃", "f_role_id": "pyro", "f_internal_cd": 0.85, "f_q_line_amp": 1.6, "f_q_closure_amp": 2.1, "f_special_value_1": 1.3, "f_special_value_2": 240.0, "f_special_value_3": 0.22, "f_bond_o_payload": "tag:inkborn|lv2:0.12|lv3:0.24|axis:line", "f_bond_m_payload": "tag:blaster|lv2:0.16|lv3:0.32|axis:closure", "f_bond_t_payload": "tag:vanguard|lv2:0.10|lv3:0.20|axis:tempo" }
[PlayerBase] ultimate script loaded: (res://scenes/skills/players/f_roles/skill_pyro_f.gd):<GDScript#-9223371721577329873>
[PlayerBase] ultimate node created
[PlayerBase] ultimate load complete: 炼狱化身
[SkillDrawingBase] _ready(): skill_pyro_q, skill_owner=PlayerGeneric:<Area2D#312911858625>
[SkillDrawingBase] Line2D 创建成功: skill_pyro_q
[Arena] 生成角色成功: pyro 在位置 (500.0, 300.0)
[Arena] 玩家初始化完成
[CharacterSlot] 加载角色图标: pyro -> res://assets/sprites/Players/Player_10.png
[SquadHUD] 初始化 1 个角色卡槽
[Arena] 小队 HUD 初始化完成
[Arena] ===== _init_bond_hud() 开始 =====
[Arena] ✅ 找到 GameUI 节点: /root/Arena/GameUI
[Arena] ✅ BondHUD 场景加载成功
[Arena] ✅ BondHUD 实例化成功
[Arena] ✅ BondHUD 已添加到 GameUI
[Arena] BondHUD 路径: /root/Arena/GameUI/BondHUD
[Arena] BondHUD 可见性: true
[Arena] _ready() 完成，飘字保护已解除
[PlayerBase] SkillManager already exists (created by child: @Node@491), loaded=3, skip auto create
[Arena] ===== 角色切换开始 =====
[Arena] 收到角色切换请求: pyro
[Arena] 跳过自动保存（QEF测试模式）: character_switch
[Arena] 当前玩家: pyro
[Arena] 当前玩家位置: (500.0, 300.0)
[Arena] 不清理旧玩家的技能效果（默认行为）
[Arena] 调用 player.queue_free()
[Arena] 等待一帧...
[DebugSwitcher] test mode enabled: wave_time=999, key8 toggles recording
[Arena] 玩家死亡信号已连接
[Arena] 触发 BondManager 重新计算羁绊...
[Arena] 当前队伍: ["butcher", "pyro", "weaver"]
[Arena] ✅ 羁绊计算完成
[PlayerBase] Bond stat modifiers applied:
  HP: 98 -> 98
  Speed: 500
  EnergyRegen: 1.6
  PickupRange: 150
  Damage: 10
[Arena] ✅ 羁绊属性已应用到玩家
[Arena] ===== _init_bond_hud() 完成 =====
[Arena] 玩家死亡信号已连接
[Arena] 等待完成，开始生成新角色
[Arena] _spawn_player 开始: player_id=pyro, pos=(500.0, 300.0)
[Arena] Global.selected_player_weapons = { "butcher": "punch", "pyro": "laser", "weaver": "laser" }
[Arena] visual_config: { "player_id": "pyro", "sprite_path": "res://assets/sprites/Players/Player_10.png", "scene_path": "res://scenes/unit/players/player_generic.tscn", "scale_x": 1.0, "scale_y": 1.0, "color_r": 1.0, "color_g": 1.0, "color_b": 1.0, "color_a": 1.0, "z_index": 1.0 }
[Arena] 创建角色: pyro
[PlayerFactory] 设置 player_id: pyro
[PlayerFactory] 已加载脚本: res://scenes/unit/players/player_pyro.gd (player_id=pyro)
[PlayerFactory] 成功创建角色: pyro
[Arena] 警告: player_id 不匹配，重新设置:  -> pyro
[PlayerBase] player pyro has no equipped item
[ItemWeapon] 尝试加载武器场景: res://scenes/weapons/range/weapon_range_beam.tscn
[ItemWeapon] 成功加载武器场景: res://scenes/weapons/range/weapon_range_beam.tscn
[Player] weapon added: 激光1级 (laser_1)
[Weapon] _ready() - Sprite2D 初始化:
  - 可见性: true
  - z_index: 2
  - 缩放: (1.0, 1.0)
  - 位置: (27.0, 0.0)
  - Sprite2D 全局位置: (527.0, 300.0)
  - Weapon 全局位置: (500.0, 300.0)
[Player] weapon node added to scene
[Player] weapon position: (0.0, 0.0)
[Player] weapon global position: (500.0, 300.0)
[Player] weapon visible: true
[Player] weapon z_index: 0
[Weapon] 加载贴图: res://assets/sprites/Weapons/Range/WeaponLaser.png
[Weapon] Sprite2D 可见性: true
[Weapon] Sprite2D 位置: (27.0, 0.0)
[Weapon] Sprite2D 缩放: (1.0, 1.0)
[Weapon] 贴图大小: (200.0, 100.0)
[Weapon] 动态创建枪口节点，偏移: (24.0, 0.0)
[Weapon] 武器设置完成: 激光1级 (laser_1)
  - 类型: RANGE
  - 等级: 1
  - 形状类型: straight
  - 子弹模式: single
  - 碰撞体位置/缩放: (0.0, 0.0) / (1.0, 1.0)
  - 基础场景: res://scenes/weapons/range/weapon_range_beam.tscn
[Player] weapon position after layout: (0.0, -15.0)
[Player] weapon global position after layout: (500.0, 285.0)
[PlayerBase] player pyro loaded 1 weapons
[PlayerBase] death signal connected
[PlayerBase] start loading ultimate, player_id = pyro
[PlayerBase] ultimate config loaded: { "ult_id": "pyro_ult", "name": "炼狱化身", "duration": 10.0, "energy_cost": 40.0, "bonus_bond_tag": "vanguard", "visual_color_hex": "#3366FF", "scale_multiplier": 1.2, "explosion_radius": 300.0, "explosion_damage_scale": 1.1, "description": "焰术师进入过热炉心并放大闭合爆燃", "f_role_id": "pyro", "f_internal_cd": 0.85, "f_q_line_amp": 1.6, "f_q_closure_amp": 2.1, "f_special_value_1": 1.3, "f_special_value_2": 240.0, "f_special_value_3": 0.22, "f_bond_o_payload": "tag:inkborn|lv2:0.12|lv3:0.24|axis:line", "f_bond_m_payload": "tag:blaster|lv2:0.16|lv3:0.32|axis:closure", "f_bond_t_payload": "tag:vanguard|lv2:0.10|lv3:0.20|axis:tempo" }
[PlayerBase] ultimate script loaded: (res://scenes/skills/players/f_roles/skill_pyro_f.gd):<GDScript#-9223371721577329873>
[PlayerBase] ultimate node created
[PlayerBase] ultimate load complete: 炼狱化身
[SkillDrawingBase] _ready(): skill_pyro_q, skill_owner=PlayerGeneric:<Area2D#326065195122>
[SkillDrawingBase] Line2D 创建成功: skill_pyro_q
[Arena] 生成角色成功: pyro 在位置 (500.0, 300.0)
[PlayerBase] Bond stat modifiers applied:
  HP: 98 -> 98
  Speed: 500
  EnergyRegen: 1.6
  PickupRange: 150
  Damage: 10
[Arena] ✅ 角色切换后羁绊属性已重新应用
[Arena] ===== 角色切换结束 =====
[PlayerBase] SkillManager already exists (created by child: @Node@512), loaded=3, skip auto create
[Arena] 玩家死亡信号已连接
[RangeBehavior] ========== 开始远程攻击 ==========
[RangeBehavior] 武器名称: 激光1级
[RangeBehavior] 武器位置: (500.0, 285.0)
[RangeBehavior] 武器旋转: -50.3235394838062度
[RangeBehavior] Muzzle 位置: (538.3071, 238.8203)
[RangeBehavior] 生成子弹:
  - 子弹场景: res://scenes/projectiles/projectile_laser.tscn
  - 生成位置: (538.3071, 238.8203)
  - 角度偏移: 0.0度
  - 速度: (1276.903, -1539.324)
  - 伤害: 11.0
[Projectile] 子弹初始化:
  - 位置: (538.3071, 238.8203)
  - 速度: (1276.903, -1539.324)
  - 伤害: 11.0
  - 暴击: false
  - 击退: 0.5
  - 发射者: PlayerGeneric
  - Hitbox 碰撞层: 4
  - Hitbox 碰撞掩码: 8
[RangeBehavior] 发射 single x1
[skill_pyro_q] ===== 鏉╂稑鍙嗙憴鍕灊濡€崇础 ===== 鐠ч鍋? (500.0002, 299.364), line_2d閺堝鏅? true
[Projectile] ========== 子弹命中！==========
[Projectile] 子弹位置: (573.6244, 196.2446)
[Projectile] 目标: CLIEnemy_(90_0, -120_0)
[Projectile] 目标位置: (582.5843, 188.6621)
[Projectile] 子弹销毁
[RangeBehavior] 攻击结束
[PlayerBase] Q released -> release_skill('q')
[skill_pyro_q] ===== 退出规划模式 ===== 点数: 65, 闭合: false
[skill_pyro_q] 最终闭合判定: false
[skill_pyro_q] 閻㈢喐鍨氬鈧弨鎹愮熅瀵板嫭鏅ラ弸婊愮礉閸樼喎顫愰悙瑙勬殶: 65, 閸氬牆鑻熺痪鎸庮唽閺? 7
[skill_pyro_q] open-path effects spawned
[skill_pyro_q] ===== 鏉╂稑鍙嗙憴鍕灊濡€崇础 ===== 鐠ч鍋? (500.0002, 299.364), line_2d閺堝鏅? true
[RangeBehavior] ========== 开始远程攻击 ==========
[RangeBehavior] 武器名称: 激光1级
[RangeBehavior] 武器位置: (500.0, 285.0)
[RangeBehavior] 武器旋转: 47.6239721011558度
[RangeBehavior] Muzzle 位置: (540.4396, 329.3242)
[RangeBehavior] 生成子弹:
  - 子弹场景: res://scenes/projectiles/projectile_laser.tscn
  - 生成位置: (540.4396, 329.3242)
  - 角度偏移: 0.0度
  - 速度: (1347.987, 1477.475)
  - 伤害: 11.0
[Projectile] 子弹初始化:
  - 位置: (540.4396, 329.3242)
  - 速度: (1347.987, 1477.475)
  - 伤害: 11.0
  - 暴击: false
  - 击退: 0.5
  - 发射者: PlayerGeneric
  - Hitbox 碰撞层: 4
  - Hitbox 碰撞掩码: 8
[RangeBehavior] 发射 single x1
[Projectile] ========== 子弹命中！==========
[Projectile] 子弹位置: (543.0556, 332.1913)
[Projectile] 目标: CLIEnemy_(120_0, 90_0)
[Projectile] 目标位置: (555.3033, 344.045)
[Projectile] 子弹销毁
[RangeBehavior] 攻击结束
[PlayerBase] Q released -> release_skill('q')
[skill_pyro_q] ===== 退出规划模式 ===== 点数: 109, 闭合: true
[skill_pyro_q] 最终闭合判定: true
[skill_pyro_q] detected 1 closed polygons
[ExplosionArea] 检测到 0 个重叠区域
[ExplosionArea] 共击中 0 个敌人
[RangeBehavior] ========== 开始远程攻击 ==========
[RangeBehavior] 武器名称: 激光1级
[RangeBehavior] 武器位置: (500.0, 285.0)
[RangeBehavior] 武器旋转: 11.7570931938354度
[RangeBehavior] Muzzle 位置: (558.7412, 297.2258)
[RangeBehavior] 生成子弹:
  - 子弹场景: res://scenes/projectiles/projectile_laser.tscn
  - 生成位置: (558.7412, 297.2258)
  - 角度偏移: 0.0度
  - 速度: (1958.041, 407.5259)
  - 伤害: 11.0
[Projectile] 子弹初始化:
  - 位置: (558.7412, 297.2258)
  - 速度: (1958.041, 407.5259)
  - 伤害: 11.0
  - 暴击: false
  - 击退: 0.5
  - 发射者: PlayerGeneric
  - Hitbox 碰撞层: 4
  - Hitbox 碰撞掩码: 8
[RangeBehavior] 发射 single x1
[PlayerBase] E pressed -> execute_skill('e')
[HealthComponent] 血量归零，触发死亡信号
[Projectile] ========== 子弹命中！==========
[Projectile] 子弹位置: (598.4017, 305.4805)
[Projectile] 目标: CLIEnemy_(120_0, 90_0)
[Projectile] 目标位置: (539.1171, 344.9955)
[Projectile] 子弹销毁
[Projectile] ========== 子弹命中！==========
[Projectile] 子弹位置: (598.4017, 305.4805)
[Projectile] 目标: CLIEnemy_(180_0, 0_0)
[Projectile] 目标位置: (559.888, 296.7095)
[Projectile] 子弹销毁
[ExplosionArea] 检测到 2 个重叠区域
[ExplosionArea] 区域 1: HurtboxComponent -> 父节点: CLIEnemy_(120_0, 90_0) (类型: Area2D)
[ExplosionArea]   ⚠️ 使用备用伤害方案
[ExplosionArea]   ✅ 造成伤害(备用): 0.0 -> CLIEnemy_(120_0, 90_0)
[ExplosionArea] 区域 2: HurtboxComponent -> 父节点: CLIEnemy_(180_0, 0_0) (类型: Area2D)
[ExplosionArea]   ⚠️ 使用备用伤害方案
[ExplosionArea]   ✅ 造成伤害(备用): 0.0 -> CLIEnemy_(180_0, 0_0)
[ExplosionArea] 共击中 2 个敌人
[RangeBehavior] 攻击结束
[PlayerBase] F pressed, ultimate_skill = UltimateSkill:<Node#327860357212>
[PlayerBase] try activate ultimate, energy: 100.0%
[DebugSwitcher] test mode disabled
[BackgroundManager] 地图纹理大小: (994.000000, 460.000000)
[BackgroundManager] 初始化完成 - 瓦片大小: 2000, 已生成: 25 个瓦片
[ChestManager] 初始化完成 - 生成 2 个宝箱（分散布局）
[ChestManager] 初始化完成 - 预生成 2 个宝箱位置
[ChestIndicator] indicator_show_range = 3000 (from map_config.csv)
[ExitConfirmDialog] _ready() called
[Arena] _ready() 开始
[Arena] 已添加到 arena 组
[Arena] 已启用波末战利品模式，禁用旧宝箱流程
[Arena] 暂停菜单已初始化
[Arena] 商店面板已连接
[Arena] WaveRewardSystem 已创建
[Arena] WaveRewardPanel 已添加到 GameUI
[Arena] WildcardPanel 已添加到 GameUI
[Arena] BattleFlowController 已初始化
[Arena] Spawner 波次完成信号已连接
[Arena] 准备初始化玩家...
[Arena] _init_player_from_selection 开始
[Arena] selected_player_ids: ["glacier"]
[Arena] selected_player_weapons: { "glacier": "punch" }
WARNING: [ConfigManager] game_config 缺少键 'enable_wave_recruit_mode'，使用默认值: 1
   at: push_warning (core/variant/variant_utility.cpp:1034)
   GDScript backtrace (most recent call first):
       [0] get_game_setting (res://autoloads/config_manager.gd:590)
       [1] is_wave_recruit_mode_enabled (res://autoloads/global.gd:298)
       [2] enter_wave_recruit_mode (res://autoloads/global.gd:303)
       [3] _init_player_from_selection (res://scenes/arena/arena_core.gd:467)
       [4] _ready (res://scenes/arena/arena_core.gd:117)
[Arena] 场景中没有默认玩家，直接生成选择的角色
[Arena] _spawn_player 开始: player_id=glacier, pos=(500.0, 300.0)
[Arena] Global.selected_player_weapons = { "glacier": "punch" }
[Arena] visual_config: { "player_id": "glacier", "sprite_path": "res://assets/sprites/Players/Player_1.png", "scene_path": "res://scenes/unit/players/player_generic.tscn", "scale_x": 1.0, "scale_y": 1.0, "color_r": 1.0, "color_g": 1.0, "color_b": 1.0, "color_a": 1.0, "z_index": 1.0 }
[Arena] 创建角色: glacier
[PlayerFactory] 设置 player_id: glacier
[PlayerFactory] 已加载脚本: res://scenes/unit/players/player_glacier.gd (player_id=glacier)
[PlayerFactory] 成功创建角色: glacier
[Arena] 警告: player_id 不匹配，重新设置:  -> glacier
[PlayerBase] player glacier has no equipped item
[ItemWeapon] 尝试加载武器场景: res://scenes/weapons/melee/weapon_melee_point.tscn
[ItemWeapon] 成功加载武器场景: res://scenes/weapons/melee/weapon_melee_point.tscn
[Player] weapon added: 拳头1级 (punch_1)
[Weapon] _ready() - Sprite2D 初始化:
  - 可见性: true
  - z_index: 2
  - 缩放: (1.0, 1.0)
  - 位置: (27.0, 0.0)
  - Sprite2D 全局位置: (527.0, 300.0)
  - Weapon 全局位置: (500.0, 300.0)
[Player] weapon node added to scene
[Player] weapon position: (0.0, 0.0)
[Player] weapon global position: (500.0, 300.0)
[Player] weapon visible: true
[Player] weapon z_index: 0
[Weapon] 加载贴图: res://assets/sprites/Weapons/Melee/Weapon_Punch.png
[Weapon] Sprite2D 可见性: true
[Weapon] Sprite2D 位置: (27.0, 0.0)
[Weapon] Sprite2D 缩放: (1.0, 1.0)
[Weapon] 贴图大小: (200.0, 100.0)
[Weapon] 武器设置完成: 拳头1级 (punch_1)
  - 类型: MELEE
  - 等级: 1
  - 形状类型: point
  - 子弹模式: 未指定
  - 碰撞体: 由 MeleeBehavior 动态创建
  - 基础场景: res://scenes/weapons/melee/weapon_melee_point.tscn
[Player] weapon position after layout: (0.0, -15.0)
[Player] weapon global position after layout: (500.0, 285.0)
[PlayerBase] player glacier loaded 1 weapons
[PlayerBase] death signal connected
[PlayerBase] start loading ultimate, player_id = glacier
[PlayerBase] ultimate config loaded: { "ult_id": "glacier_ult", "name": "极夜冰环", "duration": 10.0, "energy_cost": 40.0, "bonus_bond_tag": "vanguard", "visual_color_hex": "#66CCFF", "scale_multiplier": 1.2, "explosion_radius": 230.0, "explosion_damage_scale": 1.1, "description": "冰河释放极夜冰环并强化冻结碎裂", "f_role_id": "glacier", "f_internal_cd": 1.05, "f_q_line_amp": 1.4, "f_q_closure_amp": 1.9, "f_special_value_1": 1.1, "f_special_value_2": 240.0, "f_special_value_3": 0.34, "f_bond_o_payload": "tag:colossus|lv2:0.12|lv3:0.24|axis:line", "f_bond_m_payload": "tag:architect|lv2:0.16|lv3:0.32|axis:closure", "f_bond_t_payload": "tag:vanguard|lv2:0.10|lv3:0.20|axis:tempo" }
[PlayerBase] ultimate script loaded: (res://scenes/skills/players/f_roles/skill_glacier_f.gd):<GDScript#-9223371676949936170>
[PlayerBase] ultimate node created
[PlayerBase] ultimate load complete: 极夜冰环
[SkillDrawingBase] _ready(): skill_glacier_q, skill_owner=PlayerGeneric:<Area2D#357807688948>
[SkillDrawingBase] Line2D 创建成功: skill_glacier_q
[Arena] 生成角色成功: glacier 在位置 (500.0, 300.0)
[Arena] 玩家初始化完成
[CharacterSlot] 加载角色图标: glacier -> res://assets/sprites/Players/Player_1.png
[SquadHUD] 初始化 1 个角色卡槽
[Arena] 小队 HUD 初始化完成
[Arena] ===== _init_bond_hud() 开始 =====
[Arena] ✅ 找到 GameUI 节点: /root/Arena/GameUI
[Arena] ✅ BondHUD 场景加载成功
[Arena] ✅ BondHUD 实例化成功
[Arena] ✅ BondHUD 已添加到 GameUI
[Arena] BondHUD 路径: /root/Arena/GameUI/BondHUD
[Arena] BondHUD 可见性: true
[Arena] _ready() 完成，飘字保护已解除
[PlayerBase] SkillManager already exists (created by child: @Node@659), loaded=3, skip auto create
[Arena] ===== 角色切换开始 =====
[Arena] 收到角色切换请求: glacier
[Arena] 跳过自动保存（QEF测试模式）: character_switch
[Arena] 当前玩家: glacier
[Arena] 当前玩家位置: (500.0, 300.0)
[Arena] 不清理旧玩家的技能效果（默认行为）
[Arena] 调用 player.queue_free()
[Arena] 等待一帧...
[DebugSwitcher] test mode enabled: wave_time=999, key8 toggles recording
[Arena] 玩家死亡信号已连接
[Arena] 触发 BondManager 重新计算羁绊...
[Arena] 当前队伍: ["glacier", "arcstriker", "runeblazer"]
[Arena] ✅ 羁绊计算完成
[PlayerBase] Bond stat modifiers applied:
  HP: 158 -> 158
  Speed: 400
  EnergyRegen: 0.5
  PickupRange: 150
  Damage: 10
[Arena] ✅ 羁绊属性已应用到玩家
[Arena] ===== _init_bond_hud() 完成 =====
[Arena] 玩家死亡信号已连接
[Arena] 等待完成，开始生成新角色
[Arena] _spawn_player 开始: player_id=glacier, pos=(500.0, 300.0)
[Arena] Global.selected_player_weapons = { "glacier": "punch", "arcstriker": "punch", "runeblazer": "punch" }
[Arena] visual_config: { "player_id": "glacier", "sprite_path": "res://assets/sprites/Players/Player_1.png", "scene_path": "res://scenes/unit/players/player_generic.tscn", "scale_x": 1.0, "scale_y": 1.0, "color_r": 1.0, "color_g": 1.0, "color_b": 1.0, "color_a": 1.0, "z_index": 1.0 }
[Arena] 创建角色: glacier
[PlayerFactory] 设置 player_id: glacier
[PlayerFactory] 已加载脚本: res://scenes/unit/players/player_glacier.gd (player_id=glacier)
[PlayerFactory] 成功创建角色: glacier
[Arena] 警告: player_id 不匹配，重新设置:  -> glacier
[PlayerBase] player glacier has no equipped item
[ItemWeapon] 尝试加载武器场景: res://scenes/weapons/melee/weapon_melee_point.tscn
[ItemWeapon] 成功加载武器场景: res://scenes/weapons/melee/weapon_melee_point.tscn
[Player] weapon added: 拳头1级 (punch_1)
[Weapon] _ready() - Sprite2D 初始化:
  - 可见性: true
  - z_index: 2
  - 缩放: (1.0, 1.0)
  - 位置: (27.0, 0.0)
  - Sprite2D 全局位置: (527.0, 300.0)
  - Weapon 全局位置: (500.0, 300.0)
[Player] weapon node added to scene
[Player] weapon position: (0.0, 0.0)
[Player] weapon global position: (500.0, 300.0)
[Player] weapon visible: true
[Player] weapon z_index: 0
[Weapon] 加载贴图: res://assets/sprites/Weapons/Melee/Weapon_Punch.png
[Weapon] Sprite2D 可见性: true
[Weapon] Sprite2D 位置: (27.0, 0.0)
[Weapon] Sprite2D 缩放: (1.0, 1.0)
[Weapon] 贴图大小: (200.0, 100.0)
[Weapon] 武器设置完成: 拳头1级 (punch_1)
  - 类型: MELEE
  - 等级: 1
  - 形状类型: point
  - 子弹模式: 未指定
  - 碰撞体: 由 MeleeBehavior 动态创建
  - 基础场景: res://scenes/weapons/melee/weapon_melee_point.tscn
[Player] weapon position after layout: (0.0, -15.0)
[Player] weapon global position after layout: (500.0, 285.0)
[PlayerBase] player glacier loaded 1 weapons
[PlayerBase] death signal connected
[PlayerBase] start loading ultimate, player_id = glacier
[PlayerBase] ultimate config loaded: { "ult_id": "glacier_ult", "name": "极夜冰环", "duration": 10.0, "energy_cost": 40.0, "bonus_bond_tag": "vanguard", "visual_color_hex": "#66CCFF", "scale_multiplier": 1.2, "explosion_radius": 230.0, "explosion_damage_scale": 1.1, "description": "冰河释放极夜冰环并强化冻结碎裂", "f_role_id": "glacier", "f_internal_cd": 1.05, "f_q_line_amp": 1.4, "f_q_closure_amp": 1.9, "f_special_value_1": 1.1, "f_special_value_2": 240.0, "f_special_value_3": 0.34, "f_bond_o_payload": "tag:colossus|lv2:0.12|lv3:0.24|axis:line", "f_bond_m_payload": "tag:architect|lv2:0.16|lv3:0.32|axis:closure", "f_bond_t_payload": "tag:vanguard|lv2:0.10|lv3:0.20|axis:tempo" }
[PlayerBase] ultimate script loaded: (res://scenes/skills/players/f_roles/skill_glacier_f.gd):<GDScript#-9223371676949936170>
[PlayerBase] ultimate node created
[PlayerBase] ultimate load complete: 极夜冰环
[SkillDrawingBase] _ready(): skill_glacier_q, skill_owner=PlayerGeneric:<Area2D#369518185444>
[SkillDrawingBase] Line2D 创建成功: skill_glacier_q
[Arena] 生成角色成功: glacier 在位置 (500.0, 300.0)
[PlayerBase] Bond stat modifiers applied:
  HP: 158 -> 158
  Speed: 400
  EnergyRegen: 0.5
  PickupRange: 150
  Damage: 10
[Arena] ✅ 角色切换后羁绊属性已重新应用
[Arena] ===== 角色切换结束 =====
[PlayerBase] SkillManager already exists (created by child: @Node@678), loaded=3, skip auto create
[Arena] 玩家死亡信号已连接
[skill_glacier_q] ===== 鏉╂稑鍙嗙憴鍕灊濡€崇础 ===== 鐠ч鍋? (500.0002, 299.364), line_2d閺堝鏅? true
[PlayerBase] Q released -> release_skill('q')
[skill_glacier_q] ===== 退出规划模式 ===== 点数: 65, 闭合: false
[skill_glacier_q] 最终闭合判定: false
[skill_glacier_q] 閻㈢喐鍨氬鈧弨鎹愮熅瀵板嫭鏅ラ弸婊愮礉閸樼喎顫愰悙瑙勬殶: 65, 閸氬牆鑻熺痪鎸庮唽閺? 6
[skill_glacier_q] open-path effects spawned
[ExplosionArea] 检测到 0 个重叠区域
[ExplosionArea] 共击中 0 个敌人
[ExplosionArea] 检测到 0 个重叠区域
[ExplosionArea] 共击中 0 个敌人
[ExplosionArea] 检测到 0 个重叠区域
[ExplosionArea] 共击中 0 个敌人
[ExplosionArea] 检测到 0 个重叠区域
[ExplosionArea] 共击中 0 个敌人
[HealthComponent] 血量归零，触发死亡信号
[HealthComponent] 已经死亡，忽略伤害
[skill_glacier_q] ===== 鏉╂稑鍙嗙憴鍕灊濡€崇础 ===== 鐠ч鍋? (499.5709, 298.1034), line_2d閺堝鏅? true
[HealthComponent] 已经死亡，忽略伤害
[HealthComponent] 已经死亡，忽略伤害
[HealthComponent] 已经死亡，忽略伤害
[HealthComponent] 已经死亡，忽略伤害
[HealthComponent] 已经死亡，忽略伤害
[HealthComponent] 已经死亡，忽略伤害
[ExplosionArea] 检测到 0 个重叠区域
[ExplosionArea] 共击中 0 个敌人
[ExplosionArea] 检测到 1 个重叠区域
[ExplosionArea] 区域 1: HurtboxComponent -> 父节点: CLIEnemy_(120_0, 90_0) (类型: Area2D)
[ExplosionArea]   ⚠️ 使用备用伤害方案
[ExplosionArea]   ✅ 造成伤害(备用): 0.0 -> CLIEnemy_(120_0, 90_0)
[ExplosionArea] 共击中 1 个敌人
[HealthComponent] 已经死亡，忽略伤害
[PlayerBase] Q released -> release_skill('q')
[skill_glacier_q] ===== 退出规划模式 ===== 点数: 109, 闭合: true
[skill_glacier_q] 最终闭合判定: true
[skill_glacier_q] detected 1 closed polygons
[PlayerBase] E pressed -> execute_skill('e')
[HealthComponent] 血量归零，触发死亡信号
[HealthComponent] 已经死亡，忽略伤害
[ExplosionArea] 检测到 0 个重叠区域
[ExplosionArea] 共击中 0 个敌人
[ExplosionArea] 检测到 0 个重叠区域
[ExplosionArea] 共击中 0 个敌人
[ExplosionArea] 检测到 0 个重叠区域
[ExplosionArea] 共击中 0 个敌人
[ExplosionArea] 检测到 0 个重叠区域
[ExplosionArea] 共击中 0 个敌人
[ExplosionArea] 检测到 0 个重叠区域
[ExplosionArea] 共击中 0 个敌人
[ExplosionArea] 检测到 0 个重叠区域
[ExplosionArea] 共击中 0 个敌人
[PlayerBase] F pressed, ultimate_skill = UltimateSkill:<Node#371246238239>
[PlayerBase] try activate ultimate, energy: 100.0%
[HealthComponent] 血量归零，触发死亡信号
[HealthComponent] 已经死亡，忽略伤害
[DebugSwitcher] test mode disabled
[BackgroundManager] 地图纹理大小: (994.000000, 460.000000)
[BackgroundManager] 初始化完成 - 瓦片大小: 2000, 已生成: 25 个瓦片
[ChestManager] 初始化完成 - 生成 2 个宝箱（分散布局）
[ChestManager] 初始化完成 - 预生成 2 个宝箱位置
[ChestIndicator] indicator_show_range = 3000 (from map_config.csv)
[ExitConfirmDialog] _ready() called
[Arena] _ready() 开始
[Arena] 已添加到 arena 组
[Arena] 已启用波末战利品模式，禁用旧宝箱流程
[Arena] 暂停菜单已初始化
[Arena] 商店面板已连接
[Arena] WaveRewardSystem 已创建
[Arena] WaveRewardPanel 已添加到 GameUI
[Arena] WildcardPanel 已添加到 GameUI
[Arena] BattleFlowController 已初始化
[Arena] Spawner 波次完成信号已连接
[Arena] 准备初始化玩家...
[Arena] _init_player_from_selection 开始
[Arena] selected_player_ids: ["quartermaster"]
[Arena] selected_player_weapons: { "quartermaster": "punch" }
WARNING: [ConfigManager] game_config 缺少键 'enable_wave_recruit_mode'，使用默认值: 1
   at: push_warning (core/variant/variant_utility.cpp:1034)
   GDScript backtrace (most recent call first):
       [0] get_game_setting (res://autoloads/config_manager.gd:590)
       [1] is_wave_recruit_mode_enabled (res://autoloads/global.gd:298)
       [2] enter_wave_recruit_mode (res://autoloads/global.gd:303)
       [3] _init_player_from_selection (res://scenes/arena/arena_core.gd:467)
       [4] _ready (res://scenes/arena/arena_core.gd:117)
[Arena] 场景中没有默认玩家，直接生成选择的角色
[Arena] _spawn_player 开始: player_id=quartermaster, pos=(500.0, 300.0)
[Arena] Global.selected_player_weapons = { "quartermaster": "punch" }
[Arena] visual_config: { "player_id": "quartermaster", "sprite_path": "res://assets/sprites/Players/Player_15.png", "scene_path": "res://scenes/unit/players/player_generic.tscn", "scale_x": 1.0, "scale_y": 1.0, "color_r": 1.0, "color_g": 1.0, "color_b": 1.0, "color_a": 1.0, "z_index": 1.0 }
[Arena] 创建角色: quartermaster
[PlayerFactory] 设置 player_id: quartermaster
[PlayerFactory] 已加载脚本: res://scenes/unit/players/player_quartermaster.gd (player_id=quartermaster)
[PlayerFactory] 成功创建角色: quartermaster
[Arena] 警告: player_id 不匹配，重新设置:  -> quartermaster
[PlayerBase] player quartermaster has no equipped item
[ItemWeapon] 尝试加载武器场景: res://scenes/weapons/melee/weapon_melee_point.tscn
[ItemWeapon] 成功加载武器场景: res://scenes/weapons/melee/weapon_melee_point.tscn
[Player] weapon added: 拳头1级 (punch_1)
[Weapon] _ready() - Sprite2D 初始化:
  - 可见性: true
  - z_index: 2
  - 缩放: (1.0, 1.0)
  - 位置: (27.0, 0.0)
  - Sprite2D 全局位置: (527.0, 300.0)
  - Weapon 全局位置: (500.0, 300.0)
[Player] weapon node added to scene
[Player] weapon position: (0.0, 0.0)
[Player] weapon global position: (500.0, 300.0)
[Player] weapon visible: true
[Player] weapon z_index: 0
[Weapon] 加载贴图: res://assets/sprites/Weapons/Melee/Weapon_Punch.png
[Weapon] Sprite2D 可见性: true
[Weapon] Sprite2D 位置: (27.0, 0.0)
[Weapon] Sprite2D 缩放: (1.0, 1.0)
[Weapon] 贴图大小: (200.0, 100.0)
[Weapon] 武器设置完成: 拳头1级 (punch_1)
  - 类型: MELEE
  - 等级: 1
  - 形状类型: point
  - 子弹模式: 未指定
  - 碰撞体: 由 MeleeBehavior 动态创建
  - 基础场景: res://scenes/weapons/melee/weapon_melee_point.tscn
[Player] weapon position after layout: (0.0, -15.0)
[Player] weapon global position after layout: (500.0, 285.0)
[PlayerBase] player quartermaster loaded 1 weapons
[PlayerBase] death signal connected
[PlayerBase] start loading ultimate, player_id = quartermaster
[PlayerBase] ultimate config loaded: { "ult_id": "quartermaster_ult", "name": "火力链路", "duration": 10.0, "energy_cost": 40.0, "bonus_bond_tag": "assist", "visual_color_hex": "#999933", "scale_multiplier": 1.2, "explosion_radius": 240.0, "explosion_damage_scale": 1.1, "description": "军需官进入火力链路并增强压制节奏", "f_role_id": "quartermaster", "f_internal_cd": 0.95, "f_q_line_amp": 1.52, "f_q_closure_amp": 1.98, "f_special_value_1": 1.18, "f_special_value_2": 240.0, "f_special_value_3": 0.31, "f_bond_o_payload": "tag:alchemist|lv2:0.12|lv3:0.24|axis:line", "f_bond_m_payload": "tag:blaster|lv2:0.16|lv3:0.32|axis:closure", "f_bond_t_payload": "tag:assist|lv2:0.10|lv3:0.20|axis:tempo" }
[PlayerBase] ultimate script loaded: (res://scenes/skills/players/f_roles/skill_quartermaster_f.gd):<GDScript#-9223371553570289060>
[PlayerBase] ultimate node created
[PlayerBase] ultimate load complete: 火力链路
[SkillDrawingBase] _ready(): skill_quartermaster_q, skill_owner=PlayerGeneric:<Area2D#480986007762>
[SkillDrawingBase] Line2D 创建成功: skill_quartermaster_q
[Arena] 生成角色成功: quartermaster 在位置 (500.0, 300.0)
[Arena] 玩家初始化完成
[CharacterSlot] 加载角色图标: quartermaster -> res://assets/sprites/Players/Player_15.png
[SquadHUD] 初始化 1 个角色卡槽
[Arena] 小队 HUD 初始化完成
[Arena] ===== _init_bond_hud() 开始 =====
[Arena] ✅ 找到 GameUI 节点: /root/Arena/GameUI
[Arena] ✅ BondHUD 场景加载成功
[Arena] ✅ BondHUD 实例化成功
[Arena] ✅ BondHUD 已添加到 GameUI
[Arena] BondHUD 路径: /root/Arena/GameUI/BondHUD
[Arena] BondHUD 可见性: true
[Arena] _ready() 完成，飘字保护已解除
[PlayerBase] SkillManager already exists (created by child: @Node@1175), loaded=3, skip auto create
[Arena] ===== 角色切换开始 =====
[Arena] 收到角色切换请求: quartermaster
[Arena] 跳过自动保存（QEF测试模式）: character_switch
[Arena] 当前玩家: quartermaster
[Arena] 当前玩家位置: (500.0, 300.0)
[Arena] 不清理旧玩家的技能效果（默认行为）
[Arena] 调用 player.queue_free()
[Arena] 等待一帧...
[DebugSwitcher] test mode enabled: wave_time=999, key8 toggles recording
[Arena] 玩家死亡信号已连接
[Arena] 触发 BondManager 重新计算羁绊...
[Arena] 当前队伍: ["quartermaster", "paladin", "bloodsworn"]
[Arena] ✅ 羁绊计算完成
[PlayerBase] Bond stat modifiers applied:
  HP: 108 -> 108
  Speed: 500
  EnergyRegen: 0.7
  PickupRange: 150
  Damage: 10
[Arena] ✅ 羁绊属性已应用到玩家
[Arena] ===== _init_bond_hud() 完成 =====
[Arena] 玩家死亡信号已连接
[Arena] 等待完成，开始生成新角色
[Arena] _spawn_player 开始: player_id=quartermaster, pos=(500.0, 300.0)
[Arena] Global.selected_player_weapons = { "quartermaster": "punch", "paladin": "punch", "bloodsworn": "punch" }
[Arena] visual_config: { "player_id": "quartermaster", "sprite_path": "res://assets/sprites/Players/Player_15.png", "scene_path": "res://scenes/unit/players/player_generic.tscn", "scale_x": 1.0, "scale_y": 1.0, "color_r": 1.0, "color_g": 1.0, "color_b": 1.0, "color_a": 1.0, "z_index": 1.0 }
[Arena] 创建角色: quartermaster
[PlayerFactory] 设置 player_id: quartermaster
[PlayerFactory] 已加载脚本: res://scenes/unit/players/player_quartermaster.gd (player_id=quartermaster)
[PlayerFactory] 成功创建角色: quartermaster
[Arena] 警告: player_id 不匹配，重新设置:  -> quartermaster
[PlayerBase] player quartermaster has no equipped item
[ItemWeapon] 尝试加载武器场景: res://scenes/weapons/melee/weapon_melee_point.tscn
[ItemWeapon] 成功加载武器场景: res://scenes/weapons/melee/weapon_melee_point.tscn
[Player] weapon added: 拳头1级 (punch_1)
[Weapon] _ready() - Sprite2D 初始化:
  - 可见性: true
  - z_index: 2
  - 缩放: (1.0, 1.0)
  - 位置: (27.0, 0.0)
  - Sprite2D 全局位置: (527.0, 300.0)
  - Weapon 全局位置: (500.0, 300.0)
[Player] weapon node added to scene
[Player] weapon position: (0.0, 0.0)
[Player] weapon global position: (500.0, 300.0)
[Player] weapon visible: true
[Player] weapon z_index: 0
[Weapon] 加载贴图: res://assets/sprites/Weapons/Melee/Weapon_Punch.png
[Weapon] Sprite2D 可见性: true
[Weapon] Sprite2D 位置: (27.0, 0.0)
[Weapon] Sprite2D 缩放: (1.0, 1.0)
[Weapon] 贴图大小: (200.0, 100.0)
[Weapon] 武器设置完成: 拳头1级 (punch_1)
  - 类型: MELEE
  - 等级: 1
  - 形状类型: point
  - 子弹模式: 未指定
  - 碰撞体: 由 MeleeBehavior 动态创建
  - 基础场景: res://scenes/weapons/melee/weapon_melee_point.tscn
[Player] weapon position after layout: (0.0, -15.0)
[Player] weapon global position after layout: (500.0, 285.0)
[PlayerBase] player quartermaster loaded 1 weapons
[PlayerBase] death signal connected
[PlayerBase] start loading ultimate, player_id = quartermaster
[PlayerBase] ultimate config loaded: { "ult_id": "quartermaster_ult", "name": "火力链路", "duration": 10.0, "energy_cost": 40.0, "bonus_bond_tag": "assist", "visual_color_hex": "#999933", "scale_multiplier": 1.2, "explosion_radius": 240.0, "explosion_damage_scale": 1.1, "description": "军需官进入火力链路并增强压制节奏", "f_role_id": "quartermaster", "f_internal_cd": 0.95, "f_q_line_amp": 1.52, "f_q_closure_amp": 1.98, "f_special_value_1": 1.18, "f_special_value_2": 240.0, "f_special_value_3": 0.31, "f_bond_o_payload": "tag:alchemist|lv2:0.12|lv3:0.24|axis:line", "f_bond_m_payload": "tag:blaster|lv2:0.16|lv3:0.32|axis:closure", "f_bond_t_payload": "tag:assist|lv2:0.10|lv3:0.20|axis:tempo" }
[PlayerBase] ultimate script loaded: (res://scenes/skills/players/f_roles/skill_quartermaster_f.gd):<GDScript#-9223371553570289060>
[PlayerBase] ultimate node created
[PlayerBase] ultimate load complete: 火力链路
[SkillDrawingBase] _ready(): skill_quartermaster_q, skill_owner=PlayerGeneric:<Area2D#496471380151>
[SkillDrawingBase] Line2D 创建成功: skill_quartermaster_q
[Arena] 生成角色成功: quartermaster 在位置 (500.0, 300.0)
[PlayerBase] Bond stat modifiers applied:
  HP: 108 -> 108
  Speed: 500
  EnergyRegen: 0.7
  PickupRange: 150
  Damage: 10
[Arena] ✅ 角色切换后羁绊属性已重新应用
[Arena] ===== 角色切换结束 =====
[PlayerBase] SkillManager already exists (created by child: @Node@1196), loaded=3, skip auto create
[Arena] 玩家死亡信号已连接
[skill_quartermaster_q] ===== 鏉╂稑鍙嗙憴鍕灊濡€崇础 ===== 鐠ч鍋? (500.0002, 299.364), line_2d閺堝鏅? true
[HealthComponent] 血量归零，触发死亡信号
[PlayerBase] Q released -> release_skill('q')
[skill_quartermaster_q] ===== 退出规划模式 ===== 点数: 65, 闭合: false
[skill_quartermaster_q] 最终闭合判定: false
[skill_quartermaster_q] 閻㈢喐鍨氬鈧弨鎹愮熅瀵板嫭鏅ラ弸婊愮礉閸樼喎顫愰悙瑙勬殶: 65, 閸氬牆鑻熺痪鎸庮唽閺? 6
[HealthComponent] 已经死亡，忽略伤害
[skill_quartermaster_q] open-path effects spawned
[ExplosionArea] 检测到 0 个重叠区域
[ExplosionArea] 共击中 0 个敌人
[ExplosionArea] 检测到 0 个重叠区域
[ExplosionArea] 共击中 0 个敌人
[ExplosionArea] 检测到 1 个重叠区域
[ExplosionArea] 区域 1: HurtboxComponent -> 父节点: CLIEnemy_(120_0, 90_0) (类型: Area2D)
[ExplosionArea]   ⚠️ 使用备用伤害方案
[ExplosionArea]   ✅ 造成伤害(备用): 0.0 -> CLIEnemy_(120_0, 90_0)
[ExplosionArea] 共击中 1 个敌人
[ExplosionArea] 检测到 0 个重叠区域
[ExplosionArea] 共击中 0 个敌人
[ExplosionArea] 检测到 0 个重叠区域
[ExplosionArea] 共击中 0 个敌人
[ExplosionArea] 检测到 0 个重叠区域
[ExplosionArea] 共击中 0 个敌人
[ExplosionArea] 检测到 0 个重叠区域
[ExplosionArea] 共击中 0 个敌人
[ExplosionArea] 检测到 0 个重叠区域
[ExplosionArea] 共击中 0 个敌人
[ExplosionArea] 检测到 0 个重叠区域
[ExplosionArea] 共击中 0 个敌人
[ExplosionArea] 检测到 0 个重叠区域
[ExplosionArea] 共击中 0 个敌人
[HealthComponent] 已经死亡，忽略伤害
[HealthComponent] 已经死亡，忽略伤害
[skill_quartermaster_q] ===== 鏉╂稑鍙嗙憴鍕灊濡€崇础 ===== 鐠ч鍋? (500.5773, 299.4287), line_2d閺堝鏅? true
[HealthComponent] 已经死亡，忽略伤害
[HealthComponent] 已经死亡，忽略伤害
[ExplosionArea] 检测到 0 个重叠区域
[ExplosionArea] 共击中 0 个敌人
[ExplosionArea] 检测到 0 个重叠区域
[ExplosionArea] 共击中 0 个敌人
[ExplosionArea] 检测到 1 个重叠区域
[ExplosionArea] 区域 1: HurtboxComponent -> 父节点: CLIEnemy_(120_0, 90_0) (类型: Area2D)
[ExplosionArea]   ⚠️ 使用备用伤害方案
[ExplosionArea]   ✅ 造成伤害(备用): 0.0 -> CLIEnemy_(120_0, 90_0)
[ExplosionArea] 共击中 1 个敌人
[ExplosionArea] 检测到 0 个重叠区域
[ExplosionArea] 共击中 0 个敌人
[ExplosionArea] 检测到 0 个重叠区域
[ExplosionArea] 共击中 0 个敌人
[ExplosionArea] 检测到 0 个重叠区域
[ExplosionArea] 共击中 0 个敌人
[ExplosionArea] 检测到 0 个重叠区域
[ExplosionArea] 共击中 0 个敌人
[ExplosionArea] 检测到 0 个重叠区域
[ExplosionArea] 共击中 0 个敌人
[ExplosionArea] 检测到 0 个重叠区域
[ExplosionArea] 共击中 0 个敌人
[ExplosionArea] 检测到 0 个重叠区域
[ExplosionArea] 共击中 0 个敌人
[ExplosionArea] 检测到 0 个重叠区域
[ExplosionArea] 共击中 0 个敌人
[ExplosionArea] 检测到 0 个重叠区域
[ExplosionArea] 共击中 0 个敌人
[PlayerBase] Q released -> release_skill('q')
[skill_quartermaster_q] ===== 退出规划模式 ===== 点数: 109, 闭合: true
[skill_quartermaster_q] 最终闭合判定: true
[skill_quartermaster_q] detected 1 closed polygons
[ExplosionArea] 检测到 0 个重叠区域
[ExplosionArea] 共击中 0 个敌人
[ExplosionArea] 检测到 0 个重叠区域
[ExplosionArea] 共击中 0 个敌人
[ExplosionArea] 检测到 0 个重叠区域
[ExplosionArea] 共击中 0 个敌人
[ExplosionArea] 检测到 0 个重叠区域
[ExplosionArea] 共击中 0 个敌人
[ExplosionArea] 检测到 0 个重叠区域
[ExplosionArea] 共击中 0 个敌人
[ExplosionArea] 检测到 0 个重叠区域
[ExplosionArea] 共击中 0 个敌人
[PlayerBase] E pressed -> execute_skill('e')
[HealthComponent] 血量归零，触发死亡信号
[ExplosionArea] 检测到 0 个重叠区域
[ExplosionArea] 共击中 0 个敌人
[HealthComponent] 已经死亡，忽略伤害
[PlayerBase] F pressed, ultimate_skill = UltimateSkill:<Node#498199433323>
[PlayerBase] try activate ultimate, energy: 100.0%
[ExplosionArea] 检测到 0 个重叠区域
[ExplosionArea] 共击中 0 个敌人
[ExplosionArea] 检测到 0 个重叠区域
[ExplosionArea] 共击中 0 个敌人
[ExplosionArea] 检测到 0 个重叠区域
[ExplosionArea] 共击中 0 个敌人
[ExplosionArea] 检测到 0 个重叠区域
[ExplosionArea] 共击中 0 个敌人
[ExplosionArea] 检测到 0 个重叠区域
[ExplosionArea] 共击中 0 个敌人
[ExplosionArea] 检测到 1 个重叠区域
[ExplosionArea] 区域 1: HurtboxComponent -> 父节点: EnemyGeneric (类型: Area2D)
[ExplosionArea]   ⚠️ 使用备用伤害方案
[ExplosionArea]   ✅ 造成伤害(备用): 0.0 -> EnemyGeneric
[ExplosionArea] 共击中 1 个敌人
[HealthComponent] 血量归零，触发死亡信号
[ExplosionArea] 检测到 0 个重叠区域
[ExplosionArea] 共击中 0 个敌人
[HealthComponent] 已经死亡，忽略伤害
[HealthComponent] 已经死亡，忽略伤害
[DebugSwitcher] test mode disabled
[BackgroundManager] 地图纹理大小: (994.000000, 460.000000)
[BackgroundManager] 初始化完成 - 瓦片大小: 2000, 已生成: 25 个瓦片
[ChestManager] 初始化完成 - 生成 2 个宝箱（分散布局）
[ChestManager] 初始化完成 - 预生成 2 个宝箱位置
[ChestIndicator] indicator_show_range = 3000 (from map_config.csv)
[ExitConfirmDialog] _ready() called
[Arena] _ready() 开始
[Arena] 已添加到 arena 组
[Arena] 已启用波末战利品模式，禁用旧宝箱流程
[Arena] 暂停菜单已初始化
[Arena] 商店面板已连接
[Arena] WaveRewardSystem 已创建
[Arena] WaveRewardPanel 已添加到 GameUI
[Arena] WildcardPanel 已添加到 GameUI
[Arena] BattleFlowController 已初始化
[Arena] Spawner 波次完成信号已连接
[Arena] 准备初始化玩家...
[Arena] _init_player_from_selection 开始
[Arena] selected_player_ids: ["wind"]
[Arena] selected_player_weapons: { "wind": "pistol" }
WARNING: [ConfigManager] game_config 缺少键 'enable_wave_recruit_mode'，使用默认值: 1
   at: push_warning (core/variant/variant_utility.cpp:1034)
   GDScript backtrace (most recent call first):
       [0] get_game_setting (res://autoloads/config_manager.gd:590)
       [1] is_wave_recruit_mode_enabled (res://autoloads/global.gd:298)
       [2] enter_wave_recruit_mode (res://autoloads/global.gd:303)
       [3] _init_player_from_selection (res://scenes/arena/arena_core.gd:467)
       [4] _ready (res://scenes/arena/arena_core.gd:117)
[Arena] 场景中没有默认玩家，直接生成选择的角色
[Arena] _spawn_player 开始: player_id=wind, pos=(500.0, 300.0)
[Arena] Global.selected_player_weapons = { "wind": "pistol" }
[Arena] visual_config: { "player_id": "wind", "sprite_path": "res://assets/sprites/Players/Player_2.png", "scene_path": "res://scenes/unit/players/player_generic.tscn", "scale_x": 1.0, "scale_y": 1.0, "color_r": 1.0, "color_g": 1.0, "color_b": 1.0, "color_a": 1.0, "z_index": 1.0 }
[Arena] 创建角色: wind
[PlayerFactory] 设置 player_id: wind
[PlayerFactory] 已加载脚本: res://scenes/unit/players/player_wind.gd (player_id=wind)
[PlayerFactory] 成功创建角色: wind
[Arena] 警告: player_id 不匹配，重新设置:  -> wind
[PlayerBase] player wind has no equipped item
[ItemWeapon] 尝试加载武器场景: res://scenes/weapons/range/weapon_range_physical.tscn
[ItemWeapon] 成功加载武器场景: res://scenes/weapons/range/weapon_range_physical.tscn
[Player] weapon added: 手枪1级 (pistol_1)
[Weapon] _ready() - Sprite2D 初始化:
  - 可见性: true
  - z_index: 2
  - 缩放: (1.0, 1.0)
  - 位置: (27.0, 0.0)
  - Sprite2D 全局位置: (527.0, 300.0)
  - Weapon 全局位置: (500.0, 300.0)
[Player] weapon node added to scene
[Player] weapon position: (0.0, 0.0)
[Player] weapon global position: (500.0, 300.0)
[Player] weapon visible: true
[Player] weapon z_index: 0
[Weapon] 加载贴图: res://assets/sprites/Weapons/Range/WeaponPistol.png
[Weapon] Sprite2D 可见性: true
[Weapon] Sprite2D 位置: (27.0, 0.0)
[Weapon] Sprite2D 缩放: (1.0, 1.0)
[Weapon] 贴图大小: (200.0, 100.0)
[Weapon] 动态创建枪口节点，偏移: (20.0, -2.0)
[Weapon] 武器设置完成: 手枪1级 (pistol_1)
  - 类型: RANGE
  - 等级: 1
  - 形状类型: straight
  - 子弹模式: single
  - 碰撞体位置/缩放: (0.0, 0.0) / (1.0, 1.0)
  - 基础场景: res://scenes/weapons/range/weapon_range_physical.tscn
[Player] weapon position after layout: (0.0, -15.0)
[Player] weapon global position after layout: (500.0, 285.0)
[PlayerBase] player wind loaded 1 weapons
[PlayerBase] death signal connected
[PlayerBase] start loading ultimate, player_id = wind
[PlayerBase] ultimate config loaded: { "ult_id": "wind_ult", "name": "风之升华", "duration": 10.0, "energy_cost": 40.0, "bonus_bond_tag": "commander", "visual_color_hex": "#33FF99", "scale_multiplier": 1.2, "explosion_radius": 260.0, "explosion_damage_scale": 0.9, "description": "风行者开启飓眼迁跃并强化牵引风切", "f_role_id": "wind", "f_internal_cd": 0.95, "f_q_line_amp": 1.5, "f_q_closure_amp": 1.95, "f_special_value_1": 1.15, "f_special_value_2": 260.0, "f_special_value_3": 0.28, "f_bond_o_payload": "tag:nomad|lv2:0.12|lv3:0.24|axis:line", "f_bond_m_payload": "tag:geometrist|lv2:0.16|lv3:0.32|axis:closure", "f_bond_t_payload": "tag:commander|lv2:0.10|lv3:0.20|axis:tempo" }
[PlayerBase] ultimate script loaded: (res://scenes/skills/players/f_roles/skill_wind_f.gd):<GDScript#-9223371352663128016>
[PlayerBase] ultimate node created
[PlayerBase] ultimate load complete: 风之升华
[SkillDrawingBase] _ready(): skill_wind_q, skill_owner=PlayerGeneric:<Area2D#681826060565>
[SkillDrawingBase] Line2D 创建成功: skill_wind_q
[Arena] 生成角色成功: wind 在位置 (500.0, 300.0)
[Arena] 玩家初始化完成
[CharacterSlot] 加载角色图标: wind -> res://assets/sprites/Players/Player_2.png
[SquadHUD] 初始化 1 个角色卡槽
[Arena] 小队 HUD 初始化完成
[Arena] ===== _init_bond_hud() 开始 =====
[Arena] ✅ 找到 GameUI 节点: /root/Arena/GameUI
[Arena] ✅ BondHUD 场景加载成功
[Arena] ✅ BondHUD 实例化成功
[Arena] ✅ BondHUD 已添加到 GameUI
[Arena] BondHUD 路径: /root/Arena/GameUI/BondHUD
[Arena] BondHUD 可见性: true
[Arena] _ready() 完成，飘字保护已解除
[PlayerBase] SkillManager already exists (created by child: @Node@1983), loaded=3, skip auto create
[Arena] ===== 角色切换开始 =====
[Arena] 收到角色切换请求: wind
[Arena] 跳过自动保存（QEF测试模式）: character_switch
[Arena] 当前玩家: wind
[Arena] 当前玩家位置: (500.0, 300.0)
[Arena] 不清理旧玩家的技能效果（默认行为）
[Arena] 调用 player.queue_free()
[Arena] 等待一帧...
[DebugSwitcher] test mode enabled: wave_time=999, key8 toggles recording
[Arena] 玩家死亡信号已连接
[Arena] 触发 BondManager 重新计算羁绊...
[Arena] 当前队伍: ["blacksmith", "medic", "wind"]
[Arena] ✅ 羁绊计算完成
[PlayerBase] Bond stat modifiers applied:
  HP: 93 -> 93
  Speed: 600
  EnergyRegen: 0.6
  PickupRange: 150
  Damage: 10
[Arena] ✅ 羁绊属性已应用到玩家
[Arena] ===== _init_bond_hud() 完成 =====
[Arena] 玩家死亡信号已连接
[Arena] 等待完成，开始生成新角色
[Arena] _spawn_player 开始: player_id=wind, pos=(500.0, 300.0)
[Arena] Global.selected_player_weapons = { "blacksmith": "punch", "medic": "punch", "wind": "pistol" }
[Arena] visual_config: { "player_id": "wind", "sprite_path": "res://assets/sprites/Players/Player_2.png", "scene_path": "res://scenes/unit/players/player_generic.tscn", "scale_x": 1.0, "scale_y": 1.0, "color_r": 1.0, "color_g": 1.0, "color_b": 1.0, "color_a": 1.0, "z_index": 1.0 }
[Arena] 创建角色: wind
[PlayerFactory] 设置 player_id: wind
[PlayerFactory] 已加载脚本: res://scenes/unit/players/player_wind.gd (player_id=wind)
[PlayerFactory] 成功创建角色: wind
[Arena] 警告: player_id 不匹配，重新设置:  -> wind
[PlayerBase] player wind has no equipped item
[ItemWeapon] 尝试加载武器场景: res://scenes/weapons/range/weapon_range_physical.tscn
[ItemWeapon] 成功加载武器场景: res://scenes/weapons/range/weapon_range_physical.tscn
[Player] weapon added: 手枪1级 (pistol_1)
[Weapon] _ready() - Sprite2D 初始化:
  - 可见性: true
  - z_index: 2
  - 缩放: (1.0, 1.0)
  - 位置: (27.0, 0.0)
  - Sprite2D 全局位置: (527.0, 300.0)
  - Weapon 全局位置: (500.0, 300.0)
[Player] weapon node added to scene
[Player] weapon position: (0.0, 0.0)
[Player] weapon global position: (500.0, 300.0)
[Player] weapon visible: true
[Player] weapon z_index: 0
[Weapon] 加载贴图: res://assets/sprites/Weapons/Range/WeaponPistol.png
[Weapon] Sprite2D 可见性: true
[Weapon] Sprite2D 位置: (27.0, 0.0)
[Weapon] Sprite2D 缩放: (1.0, 1.0)
[Weapon] 贴图大小: (200.0, 100.0)
[Weapon] 动态创建枪口节点，偏移: (20.0, -2.0)
[Weapon] 武器设置完成: 手枪1级 (pistol_1)
  - 类型: RANGE
  - 等级: 1
  - 形状类型: straight
  - 子弹模式: single
  - 碰撞体位置/缩放: (0.0, 0.0) / (1.0, 1.0)
  - 基础场景: res://scenes/weapons/range/weapon_range_physical.tscn
[Player] weapon position after layout: (0.0, -15.0)
[Player] weapon global position after layout: (500.0, 285.0)
[PlayerBase] player wind loaded 1 weapons
[PlayerBase] death signal connected
[PlayerBase] start loading ultimate, player_id = wind
[PlayerBase] ultimate config loaded: { "ult_id": "wind_ult", "name": "风之升华", "duration": 10.0, "energy_cost": 40.0, "bonus_bond_tag": "commander", "visual_color_hex": "#33FF99", "scale_multiplier": 1.2, "explosion_radius": 260.0, "explosion_damage_scale": 0.9, "description": "风行者开启飓眼迁跃并强化牵引风切", "f_role_id": "wind", "f_internal_cd": 0.95, "f_q_line_amp": 1.5, "f_q_closure_amp": 1.95, "f_special_value_1": 1.15, "f_special_value_2": 260.0, "f_special_value_3": 0.28, "f_bond_o_payload": "tag:nomad|lv2:0.12|lv3:0.24|axis:line", "f_bond_m_payload": "tag:geometrist|lv2:0.16|lv3:0.32|axis:closure", "f_bond_t_payload": "tag:commander|lv2:0.10|lv3:0.20|axis:tempo" }
[PlayerBase] ultimate script loaded: (res://scenes/skills/players/f_roles/skill_wind_f.gd):<GDScript#-9223371352663128016>
[PlayerBase] ultimate node created
[PlayerBase] ultimate load complete: 风之升华
[SkillDrawingBase] _ready(): skill_wind_q, skill_owner=PlayerGeneric:<Area2D#698099963296>
[SkillDrawingBase] Line2D 创建成功: skill_wind_q
[Arena] 生成角色成功: wind 在位置 (500.0, 300.0)
[PlayerBase] Bond stat modifiers applied:
  HP: 93 -> 93
  Speed: 600
  EnergyRegen: 0.6
  PickupRange: 150
  Damage: 10
[Arena] ✅ 角色切换后羁绊属性已重新应用
[Arena] ===== 角色切换结束 =====
[PlayerBase] SkillManager already exists (created by child: @Node@2003), loaded=3, skip auto create
[Arena] 玩家死亡信号已连接
[Arena] ===== 角色切换开始 =====
[Arena] 收到角色切换请求: wind
[Arena] 跳过自动保存（QEF测试模式）: character_switch
[Arena] 当前玩家: wind
[Arena] 当前玩家位置: (500.0, 300.0)
[Arena] 不清理旧玩家的技能效果（默认行为）
[Arena] 调用 player.queue_free()
[Arena] 等待一帧...
[DebugSwitcher] recording started: d:/Godot/Production/PolyLash_Project/.godot_cli/Roaming/Godot/app_userdata/PolyLash/qa_reports/input_recordings/player_ops_20260315_121303_594_wind.json
[Arena] 等待完成，开始生成新角色
[Arena] _spawn_player 开始: player_id=wind, pos=(500.0, 300.0)
[Arena] Global.selected_player_weapons = { "blacksmith": "punch", "medic": "punch", "wind": "pistol" }
[Arena] visual_config: { "player_id": "wind", "sprite_path": "res://assets/sprites/Players/Player_2.png", "scene_path": "res://scenes/unit/players/player_generic.tscn", "scale_x": 1.0, "scale_y": 1.0, "color_r": 1.0, "color_g": 1.0, "color_b": 1.0, "color_a": 1.0, "z_index": 1.0 }
[Arena] 创建角色: wind
[PlayerFactory] 设置 player_id: wind
[PlayerFactory] 已加载脚本: res://scenes/unit/players/player_wind.gd (player_id=wind)
[PlayerFactory] 成功创建角色: wind
[Arena] 警告: player_id 不匹配，重新设置:  -> wind
[PlayerBase] player wind has no equipped item
[ItemWeapon] 尝试加载武器场景: res://scenes/weapons/range/weapon_range_physical.tscn
[ItemWeapon] 成功加载武器场景: res://scenes/weapons/range/weapon_range_physical.tscn
[Player] weapon added: 手枪1级 (pistol_1)
[Weapon] _ready() - Sprite2D 初始化:
  - 可见性: true
  - z_index: 2
  - 缩放: (1.0, 1.0)
  - 位置: (27.0, 0.0)
  - Sprite2D 全局位置: (527.0, 300.0)
  - Weapon 全局位置: (500.0, 300.0)
[Player] weapon node added to scene
[Player] weapon position: (0.0, 0.0)
[Player] weapon global position: (500.0, 300.0)
[Player] weapon visible: true
[Player] weapon z_index: 0
[Weapon] 加载贴图: res://assets/sprites/Weapons/Range/WeaponPistol.png
[Weapon] Sprite2D 可见性: true
[Weapon] Sprite2D 位置: (27.0, 0.0)
[Weapon] Sprite2D 缩放: (1.0, 1.0)
[Weapon] 贴图大小: (200.0, 100.0)
[Weapon] 动态创建枪口节点，偏移: (20.0, -2.0)
[Weapon] 武器设置完成: 手枪1级 (pistol_1)
  - 类型: RANGE
  - 等级: 1
  - 形状类型: straight
  - 子弹模式: single
  - 碰撞体位置/缩放: (0.0, 0.0) / (1.0, 1.0)
  - 基础场景: res://scenes/weapons/range/weapon_range_physical.tscn
[Player] weapon position after layout: (0.0, -15.0)
[Player] weapon global position after layout: (500.0, 285.0)
[PlayerBase] player wind loaded 1 weapons
[PlayerBase] death signal connected
[PlayerBase] start loading ultimate, player_id = wind
[PlayerBase] ultimate config loaded: { "ult_id": "wind_ult", "name": "风之升华", "duration": 10.0, "energy_cost": 40.0, "bonus_bond_tag": "commander", "visual_color_hex": "#33FF99", "scale_multiplier": 1.2, "explosion_radius": 260.0, "explosion_damage_scale": 0.9, "description": "风行者开启飓眼迁跃并强化牵引风切", "f_role_id": "wind", "f_internal_cd": 0.95, "f_q_line_amp": 1.5, "f_q_closure_amp": 1.95, "f_special_value_1": 1.15, "f_special_value_2": 260.0, "f_special_value_3": 0.28, "f_bond_o_payload": "tag:nomad|lv2:0.12|lv3:0.24|axis:line", "f_bond_m_payload": "tag:geometrist|lv2:0.16|lv3:0.32|axis:closure", "f_bond_t_payload": "tag:commander|lv2:0.10|lv3:0.20|axis:tempo" }
[PlayerBase] ultimate script loaded: (res://scenes/skills/players/f_roles/skill_wind_f.gd):<GDScript#-9223371352663128016>
[PlayerBase] ultimate node created
[PlayerBase] ultimate load complete: 风之升华
[SkillDrawingBase] _ready(): skill_wind_q, skill_owner=PlayerGeneric:<Area2D#719977452960>
[SkillDrawingBase] Line2D 创建成功: skill_wind_q
[Arena] 生成角色成功: wind 在位置 (500.0, 300.0)
[PlayerBase] Bond stat modifiers applied:
  HP: 93 -> 93
  Speed: 600
  EnergyRegen: 0.6
  PickupRange: 150
  Damage: 10
[Arena] ✅ 角色切换后羁绊属性已重新应用
[Arena] ===== 角色切换结束 =====
[PlayerBase] SkillManager already exists (created by child: @Node@2013), loaded=3, skip auto create
[Arena] 玩家死亡信号已连接
[RangeBehavior] ========== 开始远程攻击 ==========
[RangeBehavior] 武器名称: 手枪1级
[RangeBehavior] 武器位置: (500.0, 285.0)
[RangeBehavior] 武器旋转: -46.8407679694088度
[RangeBehavior] Muzzle 位置: (534.2014, 248.5272)
[RangeBehavior] 生成子弹:
  - 子弹场景: res://scenes/projectiles/projectile_pistol.tscn
  - 生成位置: (534.2014, 248.5272)
  - 角度偏移: 0.0度
  - 速度: (1231.251, -1313.02)
  - 伤害: 11.0
[Projectile] 子弹初始化:
  - 位置: (534.2014, 248.5272)
  - 速度: (1231.251, -1313.02)
  - 伤害: 11.0
  - 暴击: false
  - 击退: 1.0
  - 发射者: PlayerGeneric
  - Hitbox 碰撞层: 4
  - Hitbox 碰撞掩码: 8
[RangeBehavior] 发射 single x1
[skill_wind_q] ===== 鏉╂稑鍙嗙憴鍕灊濡€崇础 ===== 鐠ч鍋? (500.0002, 299.364), line_2d閺堝鏅? true
[Projectile] ========== 子弹命中！==========
[Projectile] 子弹位置: (580.6107, 199.0339)
[Projectile] 目标: CLIEnemy_(90_0, -120_0)
[Projectile] 目标位置: (580.0552, 190.8898)
[Projectile] 子弹销毁
[HealthComponent] 血量归零，触发死亡信号
[RangeBehavior] 攻击结束
[PlayerBase] Q released -> release_skill('q')
[skill_wind_q] ===== 退出规划模式 ===== 点数: 65, 闭合: false
[skill_wind_q] 最终闭合判定: false
[skill_wind_q] 閻㈢喐鍨氬鈧弨鎹愮熅瀵板嫭鏅ラ弸婊愮礉閸樼喎顫愰悙瑙勬殶: 65, 閸氬牆鑻熺痪鎸庮唽閺? 7
[HealthComponent] 已经死亡，忽略伤害
[HealthComponent] 已经死亡，忽略伤害
[skill_wind_q] open-path effects spawned
[HealthComponent] 已经死亡，忽略伤害
[PlayerBase] E pressed -> execute_skill('e')
[HealthComponent] 已经死亡，忽略伤害
[ExplosionArea] 检测到 1 个重叠区域
[ExplosionArea] 区域 1: HurtboxComponent -> 父节点: CLIEnemy_(180_0, 0_0) (类型: Area2D)
[ExplosionArea]   ⚠️ 使用备用伤害方案
[ExplosionArea]   ✅ 造成伤害(备用): 0.0 -> CLIEnemy_(180_0, 0_0)
[ExplosionArea] 共击中 1 个敌人
[HealthComponent] 血量归零，触发死亡信号
[HealthComponent] 已经死亡，忽略伤害
[ExplosionArea] 检测到 0 个重叠区域
[ExplosionArea] 共击中 0 个敌人
[HealthComponent] 已经死亡，忽略伤害
[PlayerBase] F pressed, ultimate_skill = UltimateSkill:<Node#721772615680>
[PlayerBase] try activate ultimate, energy: 100.0%
[RangeBehavior] ========== 开始远程攻击 ==========
[RangeBehavior] 武器名称: 手枪1级
[RangeBehavior] 武器位置: (756.2428, 328.7891)
[RangeBehavior] 武器旋转: -50.4916987411719度
[RangeBehavior] Muzzle 位置: (788.5876, 289.5632)
[RangeBehavior] 生成子弹:
  - 子弹场景: res://scenes/projectiles/projectile_pistol.tscn
  - 生成位置: (788.5876, 289.5632)
  - 角度偏移: 0.0度
  - 速度: (1145.142, -1388.758)
  - 伤害: 11.0
[Projectile] 子弹初始化:
  - 位置: (788.5876, 289.5632)
  - 速度: (1145.142, -1388.758)
  - 伤害: 11.0
  - 暴击: false
  - 击退: 1.0
  - 发射者: PlayerGeneric
  - Hitbox 碰撞层: 4
  - Hitbox 碰撞掩码: 8
[RangeBehavior] 发射 single x1
[Projectile] ========== 子弹命中！==========
[Projectile] 子弹位置: (813.8478, 258.9285)
[Projectile] 目标: CLIEnemy_(180_0, 0_0)
[Projectile] 目标位置: (799.9595, 278.7293)
[Projectile] 子弹销毁
[Projectile] ✓ 生成爆炸: 伤害=1.0, 半径=260.0
[Projectile] 爆炸伤害: 9.9 (基础:11.0 × 倍率:0.9)
[HealthComponent] 已经死亡，忽略伤害
[HealthComponent] 已经死亡，忽略伤害
[ExplosionArea] 检测到 2 个重叠区域
[ExplosionArea] 区域 1: HurtboxComponent -> 父节点: CLIEnemy_(180_0, 0_0) (类型: Area2D)
[ExplosionArea]   ⚠️ 使用备用伤害方案
[ExplosionArea]   ✅ 造成伤害(备用): 9.9 -> CLIEnemy_(180_0, 0_0)
[ExplosionArea] 区域 2: HurtboxComponent -> 父节点: CLIEnemy_(90_0, -120_0) (类型: Area2D)
[ExplosionArea]   ⚠️ 使用备用伤害方案
[ExplosionArea]   ✅ 造成伤害(备用): 9.9 -> CLIEnemy_(90_0, -120_0)
[ExplosionArea] 共击中 2 个敌人
[HealthComponent] 已经死亡，忽略伤害
[HealthComponent] 已经死亡，忽略伤害
[HealthComponent] 已经死亡，忽略伤害
[DebugSwitcher] record saved: d:/Godot/Production/PolyLash_Project/.godot_cli/Roaming/Godot/app_userdata/PolyLash/qa_reports/input_recordings/player_ops_20260315_121303_594_wind.json
[HealthComponent] 已经死亡，忽略伤害
[DebugSwitcher] test mode disabled
[BackgroundManager] 地图纹理大小: (994.000000, 460.000000)
[BackgroundManager] 初始化完成 - 瓦片大小: 2000, 已生成: 25 个瓦片
[ChestManager] 初始化完成 - 生成 2 个宝箱（分散布局）
[ChestManager] 初始化完成 - 预生成 2 个宝箱位置
[ChestIndicator] indicator_show_range = 3000 (from map_config.csv)
[ExitConfirmDialog] _ready() called
[Arena] _ready() 开始
[Arena] 已添加到 arena 组
[Arena] 已启用波末战利品模式，禁用旧宝箱流程
[Arena] 暂停菜单已初始化
[Arena] 商店面板已连接
[Arena] WaveRewardSystem 已创建
[Arena] WaveRewardPanel 已添加到 GameUI
[Arena] WildcardPanel 已添加到 GameUI
[Arena] BattleFlowController 已初始化
[Arena] Spawner 波次完成信号已连接
[Arena] 准备初始化玩家...
[Arena] _init_player_from_selection 开始
[Arena] selected_player_ids: ["wind"]
[Arena] selected_player_weapons: { "wind": "pistol" }
WARNING: [ConfigManager] game_config 缺少键 'enable_wave_recruit_mode'，使用默认值: 1
   at: push_warning (core/variant/variant_utility.cpp:1034)
   GDScript backtrace (most recent call first):
       [0] get_game_setting (res://autoloads/config_manager.gd:590)
       [1] is_wave_recruit_mode_enabled (res://autoloads/global.gd:298)
       [2] enter_wave_recruit_mode (res://autoloads/global.gd:303)
       [3] _init_player_from_selection (res://scenes/arena/arena_core.gd:467)
       [4] _ready (res://scenes/arena/arena_core.gd:117)
[Arena] 场景中没有默认玩家，直接生成选择的角色
[Arena] _spawn_player 开始: player_id=wind, pos=(500.0, 300.0)
[Arena] Global.selected_player_weapons = { "wind": "pistol" }
[Arena] visual_config: { "player_id": "wind", "sprite_path": "res://assets/sprites/Players/Player_2.png", "scene_path": "res://scenes/unit/players/player_generic.tscn", "scale_x": 1.0, "scale_y": 1.0, "color_r": 1.0, "color_g": 1.0, "color_b": 1.0, "color_a": 1.0, "z_index": 1.0 }
[Arena] 创建角色: wind
[PlayerFactory] 设置 player_id: wind
[PlayerFactory] 已加载脚本: res://scenes/unit/players/player_wind.gd (player_id=wind)
[PlayerFactory] 成功创建角色: wind
[Arena] 警告: player_id 不匹配，重新设置:  -> wind
[PlayerBase] player wind has no equipped item
[ItemWeapon] 尝试加载武器场景: res://scenes/weapons/range/weapon_range_physical.tscn
[ItemWeapon] 成功加载武器场景: res://scenes/weapons/range/weapon_range_physical.tscn
[Player] weapon added: 手枪1级 (pistol_1)
[Weapon] _ready() - Sprite2D 初始化:
  - 可见性: true
  - z_index: 2
  - 缩放: (1.0, 1.0)
  - 位置: (27.0, 0.0)
  - Sprite2D 全局位置: (527.0, 300.0)
  - Weapon 全局位置: (500.0, 300.0)
[Player] weapon node added to scene
[Player] weapon position: (0.0, 0.0)
[Player] weapon global position: (500.0, 300.0)
[Player] weapon visible: true
[Player] weapon z_index: 0
[Weapon] 加载贴图: res://assets/sprites/Weapons/Range/WeaponPistol.png
[Weapon] Sprite2D 可见性: true
[Weapon] Sprite2D 位置: (27.0, 0.0)
[Weapon] Sprite2D 缩放: (1.0, 1.0)
[Weapon] 贴图大小: (200.0, 100.0)
[Weapon] 动态创建枪口节点，偏移: (20.0, -2.0)
[Weapon] 武器设置完成: 手枪1级 (pistol_1)
  - 类型: RANGE
  - 等级: 1
  - 形状类型: straight
  - 子弹模式: single
  - 碰撞体位置/缩放: (0.0, 0.0) / (1.0, 1.0)
  - 基础场景: res://scenes/weapons/range/weapon_range_physical.tscn
[Player] weapon position after layout: (0.0, -15.0)
[Player] weapon global position after layout: (500.0, 285.0)
[PlayerBase] player wind loaded 1 weapons
[PlayerBase] death signal connected
[PlayerBase] start loading ultimate, player_id = wind
[PlayerBase] ultimate config loaded: { "ult_id": "wind_ult", "name": "风之升华", "duration": 10.0, "energy_cost": 40.0, "bonus_bond_tag": "commander", "visual_color_hex": "#33FF99", "scale_multiplier": 1.2, "explosion_radius": 260.0, "explosion_damage_scale": 0.9, "description": "风行者开启飓眼迁跃并强化牵引风切", "f_role_id": "wind", "f_internal_cd": 0.95, "f_q_line_amp": 1.5, "f_q_closure_amp": 1.95, "f_special_value_1": 1.15, "f_special_value_2": 260.0, "f_special_value_3": 0.28, "f_bond_o_payload": "tag:nomad|lv2:0.12|lv3:0.24|axis:line", "f_bond_m_payload": "tag:geometrist|lv2:0.16|lv3:0.32|axis:closure", "f_bond_t_payload": "tag:commander|lv2:0.10|lv3:0.20|axis:tempo" }
[PlayerBase] ultimate script loaded: (res://scenes/skills/players/f_roles/skill_wind_f.gd):<GDScript#-9223371352663128016>
[PlayerBase] ultimate node created
[PlayerBase] ultimate load complete: 风之升华
[SkillDrawingBase] _ready(): skill_wind_q, skill_owner=PlayerGeneric:<Area2D#801682493509>
[SkillDrawingBase] Line2D 创建成功: skill_wind_q
[Arena] 生成角色成功: wind 在位置 (500.0, 300.0)
[Arena] 玩家初始化完成
[CharacterSlot] 加载角色图标: wind -> res://assets/sprites/Players/Player_2.png
[SquadHUD] 初始化 1 个角色卡槽
[Arena] 小队 HUD 初始化完成
[Arena] ===== _init_bond_hud() 开始 =====
[Arena] ✅ 找到 GameUI 节点: /root/Arena/GameUI
[Arena] ✅ BondHUD 场景加载成功
[Arena] ✅ BondHUD 实例化成功
[Arena] ✅ BondHUD 已添加到 GameUI
[Arena] BondHUD 路径: /root/Arena/GameUI/BondHUD
[Arena] BondHUD 可见性: true
[Arena] _ready() 完成，飘字保护已解除
[PlayerBase] SkillManager already exists (created by child: @Node@2302), loaded=3, skip auto create
[Arena] ===== 角色切换开始 =====
[Arena] 收到角色切换请求: wind
[Arena] 跳过自动保存（QEF测试模式）: character_switch
[Arena] 当前玩家: wind
[Arena] 当前玩家位置: (500.0, 300.0)
[Arena] 不清理旧玩家的技能效果（默认行为）
[Arena] 调用 player.queue_free()
[Arena] 等待一帧...
[DebugSwitcher] test mode enabled: wave_time=999, key8 toggles recording
[Arena] 玩家死亡信号已连接
[Arena] 触发 BondManager 重新计算羁绊...
[Arena] 当前队伍: ["blacksmith", "medic", "wind"]
[Arena] ✅ 羁绊计算完成
[PlayerBase] Bond stat modifiers applied:
  HP: 93 -> 93
  Speed: 600
  EnergyRegen: 0.6
  PickupRange: 150
  Damage: 10
[Arena] ✅ 羁绊属性已应用到玩家
[Arena] ===== _init_bond_hud() 完成 =====
[Arena] 玩家死亡信号已连接
[Arena] 等待完成，开始生成新角色
[Arena] _spawn_player 开始: player_id=wind, pos=(500.0, 300.0)
[Arena] Global.selected_player_weapons = { "blacksmith": "punch", "medic": "punch", "wind": "pistol" }
[Arena] visual_config: { "player_id": "wind", "sprite_path": "res://assets/sprites/Players/Player_2.png", "scene_path": "res://scenes/unit/players/player_generic.tscn", "scale_x": 1.0, "scale_y": 1.0, "color_r": 1.0, "color_g": 1.0, "color_b": 1.0, "color_a": 1.0, "z_index": 1.0 }
[Arena] 创建角色: wind
[PlayerFactory] 设置 player_id: wind
[PlayerFactory] 已加载脚本: res://scenes/unit/players/player_wind.gd (player_id=wind)
[PlayerFactory] 成功创建角色: wind
[Arena] 警告: player_id 不匹配，重新设置:  -> wind
[PlayerBase] player wind has no equipped item
[ItemWeapon] 尝试加载武器场景: res://scenes/weapons/range/weapon_range_physical.tscn
[ItemWeapon] 成功加载武器场景: res://scenes/weapons/range/weapon_range_physical.tscn
[Player] weapon added: 手枪1级 (pistol_1)
[Weapon] _ready() - Sprite2D 初始化:
  - 可见性: true
  - z_index: 2
  - 缩放: (1.0, 1.0)
  - 位置: (27.0, 0.0)
  - Sprite2D 全局位置: (527.0, 300.0)
  - Weapon 全局位置: (500.0, 300.0)
[Player] weapon node added to scene
[Player] weapon position: (0.0, 0.0)
[Player] weapon global position: (500.0, 300.0)
[Player] weapon visible: true
[Player] weapon z_index: 0
[Weapon] 加载贴图: res://assets/sprites/Weapons/Range/WeaponPistol.png
[Weapon] Sprite2D 可见性: true
[Weapon] Sprite2D 位置: (27.0, 0.0)
[Weapon] Sprite2D 缩放: (1.0, 1.0)
[Weapon] 贴图大小: (200.0, 100.0)
[Weapon] 动态创建枪口节点，偏移: (20.0, -2.0)
[Weapon] 武器设置完成: 手枪1级 (pistol_1)
  - 类型: RANGE
  - 等级: 1
  - 形状类型: straight
  - 子弹模式: single
  - 碰撞体位置/缩放: (0.0, 0.0) / (1.0, 1.0)
  - 基础场景: res://scenes/weapons/range/weapon_range_physical.tscn
[Player] weapon position after layout: (0.0, -15.0)
[Player] weapon global position after layout: (500.0, 285.0)
[PlayerBase] player wind loaded 1 weapons
[PlayerBase] death signal connected
[PlayerBase] start loading ultimate, player_id = wind
[PlayerBase] ultimate config loaded: { "ult_id": "wind_ult", "name": "风之升华", "duration": 10.0, "energy_cost": 40.0, "bonus_bond_tag": "commander", "visual_color_hex": "#33FF99", "scale_multiplier": 1.2, "explosion_radius": 260.0, "explosion_damage_scale": 0.9, "description": "风行者开启飓眼迁跃并强化牵引风切", "f_role_id": "wind", "f_internal_cd": 0.95, "f_q_line_amp": 1.5, "f_q_closure_amp": 1.95, "f_special_value_1": 1.15, "f_special_value_2": 260.0, "f_special_value_3": 0.28, "f_bond_o_payload": "tag:nomad|lv2:0.12|lv3:0.24|axis:line", "f_bond_m_payload": "tag:geometrist|lv2:0.16|lv3:0.32|axis:closure", "f_bond_t_payload": "tag:commander|lv2:0.10|lv3:0.20|axis:tempo" }
[PlayerBase] ultimate script loaded: (res://scenes/skills/players/f_roles/skill_wind_f.gd):<GDScript#-9223371352663128016>
[PlayerBase] ultimate node created
[PlayerBase] ultimate load complete: 风之升华
[SkillDrawingBase] _ready(): skill_wind_q, skill_owner=PlayerGeneric:<Area2D#811010625605>
[SkillDrawingBase] Line2D 创建成功: skill_wind_q
[Arena] 生成角色成功: wind 在位置 (500.0, 300.0)
[PlayerBase] Bond stat modifiers applied:
  HP: 93 -> 93
  Speed: 600
  EnergyRegen: 0.6
  PickupRange: 150
  Damage: 10
[Arena] ✅ 角色切换后羁绊属性已重新应用
[Arena] ===== 角色切换结束 =====
[PlayerBase] SkillManager already exists (created by child: @Node@2314), loaded=3, skip auto create
[Arena] 玩家死亡信号已连接
[DebugSwitcher] replay started: d:/Godot/Production/PolyLash_Project/.godot_cli/Roaming/Godot/app_userdata/PolyLash/qa_reports/input_recordings/player_ops_20260315_121303_594_wind.json
[Arena] ===== 角色切换开始 =====
[Arena] 收到角色切换请求: wind
[Arena] 跳过自动保存（QEF测试模式）: character_switch
[Arena] 当前玩家: wind
[Arena] 当前玩家位置: (500.0, 300.0)
[Arena] 不清理旧玩家的技能效果（默认行为）
[Arena] 调用 player.queue_free()
[Arena] 等待一帧...
[Arena] 等待完成，开始生成新角色
[Arena] _spawn_player 开始: player_id=wind, pos=(500.0, 300.0)
[Arena] Global.selected_player_weapons = { "blacksmith": "punch", "medic": "punch", "wind": "pistol" }
[Arena] visual_config: { "player_id": "wind", "sprite_path": "res://assets/sprites/Players/Player_2.png", "scene_path": "res://scenes/unit/players/player_generic.tscn", "scale_x": 1.0, "scale_y": 1.0, "color_r": 1.0, "color_g": 1.0, "color_b": 1.0, "color_a": 1.0, "z_index": 1.0 }
[Arena] 创建角色: wind
[PlayerFactory] 设置 player_id: wind
[PlayerFactory] 已加载脚本: res://scenes/unit/players/player_wind.gd (player_id=wind)
[PlayerFactory] 成功创建角色: wind
[Arena] 警告: player_id 不匹配，重新设置:  -> wind
[PlayerBase] player wind has no equipped item
[ItemWeapon] 尝试加载武器场景: res://scenes/weapons/range/weapon_range_physical.tscn
[ItemWeapon] 成功加载武器场景: res://scenes/weapons/range/weapon_range_physical.tscn
[Player] weapon added: 手枪1级 (pistol_1)
[Weapon] _ready() - Sprite2D 初始化:
  - 可见性: true
  - z_index: 2
  - 缩放: (1.0, 1.0)
  - 位置: (27.0, 0.0)
  - Sprite2D 全局位置: (527.0, 300.0)
  - Weapon 全局位置: (500.0, 300.0)
[Player] weapon node added to scene
[Player] weapon position: (0.0, 0.0)
[Player] weapon global position: (500.0, 300.0)
[Player] weapon visible: true
[Player] weapon z_index: 0
[Weapon] 加载贴图: res://assets/sprites/Weapons/Range/WeaponPistol.png
[Weapon] Sprite2D 可见性: true
[Weapon] Sprite2D 位置: (27.0, 0.0)
[Weapon] Sprite2D 缩放: (1.0, 1.0)
[Weapon] 贴图大小: (200.0, 100.0)
[Weapon] 动态创建枪口节点，偏移: (20.0, -2.0)
[Weapon] 武器设置完成: 手枪1级 (pistol_1)
  - 类型: RANGE
  - 等级: 1
  - 形状类型: straight
  - 子弹模式: single
  - 碰撞体位置/缩放: (0.0, 0.0) / (1.0, 1.0)
  - 基础场景: res://scenes/weapons/range/weapon_range_physical.tscn
[Player] weapon position after layout: (0.0, -15.0)
[Player] weapon global position after layout: (500.0, 285.0)
[PlayerBase] player wind loaded 1 weapons
[PlayerBase] death signal connected
[PlayerBase] start loading ultimate, player_id = wind
[PlayerBase] ultimate config loaded: { "ult_id": "wind_ult", "name": "风之升华", "duration": 10.0, "energy_cost": 40.0, "bonus_bond_tag": "commander", "visual_color_hex": "#33FF99", "scale_multiplier": 1.2, "explosion_radius": 260.0, "explosion_damage_scale": 0.9, "description": "风行者开启飓眼迁跃并强化牵引风切", "f_role_id": "wind", "f_internal_cd": 0.95, "f_q_line_amp": 1.5, "f_q_closure_amp": 1.95, "f_special_value_1": 1.15, "f_special_value_2": 260.0, "f_special_value_3": 0.28, "f_bond_o_payload": "tag:nomad|lv2:0.12|lv3:0.24|axis:line", "f_bond_m_payload": "tag:geometrist|lv2:0.16|lv3:0.32|axis:closure", "f_bond_t_payload": "tag:commander|lv2:0.10|lv3:0.20|axis:tempo" }
[PlayerBase] ultimate script loaded: (res://scenes/skills/players/f_roles/skill_wind_f.gd):<GDScript#-9223371352663128016>
[PlayerBase] ultimate node created
[PlayerBase] ultimate load complete: 风之升华
[SkillDrawingBase] _ready(): skill_wind_q, skill_owner=PlayerGeneric:<Area2D#823123775558>
[SkillDrawingBase] Line2D 创建成功: skill_wind_q
[Arena] 生成角色成功: wind 在位置 (500.0, 300.0)
[PlayerBase] Bond stat modifiers applied:
  HP: 93 -> 93
  Speed: 600
  EnergyRegen: 0.6
  PickupRange: 150
  Damage: 10
[Arena] ✅ 角色切换后羁绊属性已重新应用
[Arena] ===== 角色切换结束 =====
[PlayerBase] SkillManager already exists (created by child: @Node@2324), loaded=3, skip auto create
[Arena] 玩家死亡信号已连接
[RangeBehavior] ========== 开始远程攻击 ==========
[RangeBehavior] 武器名称: 手枪1级
[RangeBehavior] 武器位置: (500.0, 285.0)
[RangeBehavior] 武器旋转: -49.6945951744639度
[RangeBehavior] Muzzle 位置: (532.3431, 246.8696)
[RangeBehavior] 生成子弹:
  - 子弹场景: res://scenes/projectiles/projectile_pistol.tscn
  - 生成位置: (532.3431, 246.8696)
  - 角度偏移: 0.0度
  - 速度: (1164.351, -1372.693)
  - 伤害: 11.0
[Projectile] 子弹初始化:
  - 位置: (532.3431, 246.8696)
  - 速度: (1164.351, -1372.693)
  - 伤害: 11.0
  - 暴击: false
  - 击退: 1.0
  - 发射者: PlayerGeneric
  - Hitbox 碰撞层: 4
  - Hitbox 碰撞掩码: 8
[RangeBehavior] 发射 single x1
[skill_wind_q] ===== 鏉╂稑鍙嗙憴鍕灊濡€崇础 ===== 鐠ч鍋? (500.0002, 299.364), line_2d閺堝鏅? true
[Projectile] ========== 子弹命中！==========
[Projectile] 子弹位置: (573.015, 198.92)
[Projectile] 目标: CLIEnemy_(90_0, -120_0)
[Projectile] 目标位置: (580.6285, 190.083)
[Projectile] 子弹销毁
[HealthComponent] 血量归零，触发死亡信号
[RangeBehavior] 攻击结束
[PlayerBase] Q released -> release_skill('q')
[skill_wind_q] ===== 退出规划模式 ===== 点数: 68, 闭合: false
[skill_wind_q] 最终闭合判定: false
[skill_wind_q] 閻㈢喐鍨氬鈧弨鎹愮熅瀵板嫭鏅ラ弸婊愮礉閸樼喎顫愰悙瑙勬殶: 68, 閸氬牆鑻熺痪鎸庮唽閺? 7
[HealthComponent] 已经死亡，忽略伤害
[HealthComponent] 已经死亡，忽略伤害
[skill_wind_q] open-path effects spawned
[HealthComponent] 已经死亡，忽略伤害
[PlayerBase] E pressed -> execute_skill('e')
[HealthComponent] 已经死亡，忽略伤害
[HealthComponent] 已经死亡，忽略伤害
[HealthComponent] 已经死亡，忽略伤害
[ExplosionArea] 检测到 1 个重叠区域
[ExplosionArea] 区域 1: HurtboxComponent -> 父节点: CLIEnemy_(180_0, 0_0) (类型: Area2D)
[ExplosionArea]   ⚠️ 使用备用伤害方案
[ExplosionArea]   ✅ 造成伤害(备用): 0.0 -> CLIEnemy_(180_0, 0_0)
[ExplosionArea] 共击中 1 个敌人
[HealthComponent] 血量归零，触发死亡信号
[HealthComponent] 已经死亡，忽略伤害
[RangeBehavior] ========== 开始远程攻击 ==========
[RangeBehavior] 武器名称: 手枪1级
[RangeBehavior] 武器位置: (756.2428, 329.0415)
[RangeBehavior] 武器旋转: -69.0022524674314度
[RangeBehavior] Muzzle 位置: (774.1594, 282.3618)
[RangeBehavior] 生成子弹:
  - 子弹场景: res://scenes/projectiles/projectile_pistol.tscn
  - 生成位置: (774.1594, 282.3618)
  - 角度偏移: 0.0度
  - 速度: (644.9962, -1680.47)
  - 伤害: 11.0
[Projectile] 子弹初始化:
  - 位置: (774.1594, 282.3618)
  - 速度: (644.9962, -1680.47)
  - 伤害: 11.0
  - 暴击: false
  - 击退: 1.0
  - 发射者: PlayerGeneric
  - Hitbox 碰撞层: 4
  - Hitbox 碰撞掩码: 8
[RangeBehavior] 发射 single x1
[HealthComponent] 已经死亡，忽略伤害
[ExplosionArea] 检测到 0 个重叠区域
[ExplosionArea] 共击中 0 个敌人
[PlayerBase] F pressed, ultimate_skill = UltimateSkill:<Node#824918936374>
[PlayerBase] try activate ultimate, energy: 100.0%
[Projectile] ========== 子弹命中！==========
[Projectile] 子弹位置: (784.4413, 255.5728)
[Projectile] 目标: CLIEnemy_(180_0, 0_0)
[Projectile] 目标位置: (786.7722, 293.1019)
[Projectile] 子弹销毁
[Projectile] ✓ 生成爆炸: 伤害=1.0, 半径=260.0
[Projectile] 爆炸伤害: 9.9 (基础:11.0 × 倍率:0.9)
[ExplosionArea] 检测到 2 个重叠区域
[ExplosionArea] 区域 1: HurtboxComponent -> 父节点: CLIEnemy_(180_0, 0_0) (类型: Area2D)
[ExplosionArea]   ⚠️ 使用备用伤害方案
[ExplosionArea]   ✅ 造成伤害(备用): 9.9 -> CLIEnemy_(180_0, 0_0)
[ExplosionArea] 区域 2: HurtboxComponent -> 父节点: CLIEnemy_(90_0, -120_0) (类型: Area2D)
[ExplosionArea]   ⚠️ 使用备用伤害方案
[ExplosionArea]   ✅ 造成伤害(备用): 9.9 -> CLIEnemy_(90_0, -120_0)
[ExplosionArea] 共击中 2 个敌人
[HealthComponent] 已经死亡，忽略伤害
[HealthComponent] 已经死亡，忽略伤害
[HealthComponent] 已经死亡，忽略伤害
[HealthComponent] 已经死亡，忽略伤害
[HealthComponent] 已经死亡，忽略伤害
[DebugSwitcher] replay finished
[DebugSwitcher] test mode disabled
[BackgroundManager] 地图纹理大小: (994.000000, 460.000000)
[BackgroundManager] 初始化完成 - 瓦片大小: 2000, 已生成: 25 个瓦片
[ChestManager] 初始化完成 - 生成 2 个宝箱（分散布局）
[ChestManager] 初始化完成 - 预生成 2 个宝箱位置
[ChestIndicator] indicator_show_range = 3000 (from map_config.csv)
[ExitConfirmDialog] _ready() called
[Arena] _ready() 开始
[Arena] 已添加到 arena 组
[Arena] 已启用波末战利品模式，禁用旧宝箱流程
[Arena] 暂停菜单已初始化
[Arena] 商店面板已连接
[Arena] WaveRewardSystem 已创建
[Arena] WaveRewardPanel 已添加到 GameUI
[Arena] WildcardPanel 已添加到 GameUI
[Arena] BattleFlowController 已初始化
[Arena] Spawner 波次完成信号已连接
[Arena] 准备初始化玩家...
[Arena] _init_player_from_selection 开始
[Arena] selected_player_ids: ["lurewarden"]
[Arena] selected_player_weapons: { "lurewarden": "pistol" }
WARNING: [ConfigManager] game_config 缺少键 'enable_wave_recruit_mode'，使用默认值: 1
   at: push_warning (core/variant/variant_utility.cpp:1034)
   GDScript backtrace (most recent call first):
       [0] get_game_setting (res://autoloads/config_manager.gd:590)
       [1] is_wave_recruit_mode_enabled (res://autoloads/global.gd:298)
       [2] enter_wave_recruit_mode (res://autoloads/global.gd:303)
       [3] _init_player_from_selection (res://scenes/arena/arena_core.gd:467)
       [4] _ready (res://scenes/arena/arena_core.gd:117)
[Arena] 场景中没有默认玩家，直接生成选择的角色
[Arena] _spawn_player 开始: player_id=lurewarden, pos=(500.0, 300.0)
[Arena] Global.selected_player_weapons = { "lurewarden": "pistol" }
[Arena] visual_config: { "player_id": "lurewarden", "sprite_path": "res://assets/sprites/Players/Player_7.png", "scene_path": "res://scenes/unit/players/player_generic.tscn", "scale_x": 1.0, "scale_y": 1.0, "color_r": 1.0, "color_g": 1.0, "color_b": 1.0, "color_a": 1.0, "z_index": 1.0 }
[Arena] 创建角色: lurewarden
[PlayerFactory] 设置 player_id: lurewarden
[PlayerFactory] 已加载脚本: res://scenes/unit/players/player_lurewarden.gd (player_id=lurewarden)
[PlayerFactory] 成功创建角色: lurewarden
[Arena] 警告: player_id 不匹配，重新设置:  -> lurewarden
[PlayerBase] player lurewarden has no equipped item
[ItemWeapon] 尝试加载武器场景: res://scenes/weapons/range/weapon_range_physical.tscn
[ItemWeapon] 成功加载武器场景: res://scenes/weapons/range/weapon_range_physical.tscn
[Player] weapon added: 手枪1级 (pistol_1)
[Weapon] _ready() - Sprite2D 初始化:
  - 可见性: true
  - z_index: 2
  - 缩放: (1.0, 1.0)
  - 位置: (27.0, 0.0)
  - Sprite2D 全局位置: (527.0, 300.0)
  - Weapon 全局位置: (500.0, 300.0)
[Player] weapon node added to scene
[Player] weapon position: (0.0, 0.0)
[Player] weapon global position: (500.0, 300.0)
[Player] weapon visible: true
[Player] weapon z_index: 0
[Weapon] 加载贴图: res://assets/sprites/Weapons/Range/WeaponPistol.png
[Weapon] Sprite2D 可见性: true
[Weapon] Sprite2D 位置: (27.0, 0.0)
[Weapon] Sprite2D 缩放: (1.0, 1.0)
[Weapon] 贴图大小: (200.0, 100.0)
[Weapon] 动态创建枪口节点，偏移: (20.0, -2.0)
[Weapon] 武器设置完成: 手枪1级 (pistol_1)
  - 类型: RANGE
  - 等级: 1
  - 形状类型: straight
  - 子弹模式: single
  - 碰撞体位置/缩放: (0.0, 0.0) / (1.0, 1.0)
  - 基础场景: res://scenes/weapons/range/weapon_range_physical.tscn
[Player] weapon position after layout: (0.0, -15.0)
[Player] weapon global position after layout: (500.0, 285.0)
[PlayerBase] player lurewarden loaded 1 weapons
[PlayerBase] death signal connected
[PlayerBase] start loading ultimate, player_id = lurewarden
[PlayerBase] ultimate config loaded: { "ult_id": "lurewarden_ult", "name": "诱猎号令", "duration": 10.0, "energy_cost": 40.0, "bonus_bond_tag": "commander", "visual_color_hex": "#66FF33", "scale_multiplier": 1.2, "explosion_radius": 280.0, "explosion_damage_scale": 1.0, "description": "诱猎师开启诱猎号令并强化诱饵围捕", "f_role_id": "lurewarden", "f_internal_cd": 0.95, "f_q_line_amp": 1.48, "f_q_closure_amp": 1.96, "f_special_value_1": 1.18, "f_special_value_2": 250.0, "f_special_value_3": 0.3, "f_bond_o_payload": "tag:alchemist|lv2:0.12|lv3:0.24|axis:line", "f_bond_m_payload": "tag:architect|lv2:0.16|lv3:0.32|axis:closure", "f_bond_t_payload": "tag:commander|lv2:0.10|lv3:0.20|axis:tempo" }
[PlayerBase] ultimate script loaded: (res://scenes/skills/players/f_roles/skill_lurewarden_f.gd):<GDScript#-9223371775465747950>
[PlayerBase] ultimate node created
[PlayerBase] ultimate load complete: 诱猎号令
[SkillDrawingBase] _ready(): skill_lurewarden_q, skill_owner=PlayerGeneric:<Area2D#1223310708551>
[SkillDrawingBase] Line2D 创建成功: skill_lurewarden_q
[Arena] 生成角色成功: lurewarden 在位置 (500.0, 300.0)
[Arena] 玩家初始化完成
[CharacterSlot] 加载角色图标: lurewarden -> res://assets/sprites/Players/Player_7.png
[SquadHUD] 初始化 1 个角色卡槽
[Arena] 小队 HUD 初始化完成
[Arena] ===== _init_bond_hud() 开始 =====
[Arena] ✅ 找到 GameUI 节点: /root/Arena/GameUI
[Arena] ✅ BondHUD 场景加载成功
[Arena] ✅ BondHUD 实例化成功
[Arena] ✅ BondHUD 已添加到 GameUI
[Arena] BondHUD 路径: /root/Arena/GameUI/BondHUD
[Arena] BondHUD 可见性: true
[Arena] _ready() 完成，飘字保护已解除
[PlayerBase] SkillManager already exists (created by child: @Node@2592), loaded=3, skip auto create
[Arena] ===== 角色切换开始 =====
[Arena] 收到角色切换请求: lurewarden
[Arena] 跳过自动保存（QEF测试模式）: character_switch
[Arena] 当前玩家: lurewarden
[Arena] 当前玩家位置: (500.0, 300.0)
[Arena] 不清理旧玩家的技能效果（默认行为）
[Arena] 调用 player.queue_free()
[Arena] 等待一帧...
[DebugSwitcher] test mode enabled: wave_time=999, key8 toggles recording
[Arena] 玩家死亡信号已连接
[Arena] 触发 BondManager 重新计算羁绊...
[Arena] 当前队伍: ["sapper", "spiritcaller", "lurewarden"]
[Arena] ✅ 羁绊计算完成
[PlayerBase] Bond stat modifiers applied:
  HP: 108 -> 141
  Speed: 640
  EnergyRegen: 0.7
  PickupRange: 225
  Damage: 10
[Arena] ✅ 羁绊属性已应用到玩家
[Arena] ===== _init_bond_hud() 完成 =====
[Arena] 玩家死亡信号已连接
[Arena] 等待完成，开始生成新角色
[Arena] _spawn_player 开始: player_id=lurewarden, pos=(500.0, 300.0)
[Arena] Global.selected_player_weapons = { "sapper": "pistol", "spiritcaller": "punch", "lurewarden": "pistol" }
[Arena] visual_config: { "player_id": "lurewarden", "sprite_path": "res://assets/sprites/Players/Player_7.png", "scene_path": "res://scenes/unit/players/player_generic.tscn", "scale_x": 1.0, "scale_y": 1.0, "color_r": 1.0, "color_g": 1.0, "color_b": 1.0, "color_a": 1.0, "z_index": 1.0 }
[Arena] 创建角色: lurewarden
[PlayerFactory] 设置 player_id: lurewarden
[PlayerFactory] 已加载脚本: res://scenes/unit/players/player_lurewarden.gd (player_id=lurewarden)
[PlayerFactory] 成功创建角色: lurewarden
[Arena] 警告: player_id 不匹配，重新设置:  -> lurewarden
[PlayerBase] player lurewarden has no equipped item
[ItemWeapon] 尝试加载武器场景: res://scenes/weapons/range/weapon_range_physical.tscn
[ItemWeapon] 成功加载武器场景: res://scenes/weapons/range/weapon_range_physical.tscn
[Player] weapon added: 手枪1级 (pistol_1)
[Weapon] _ready() - Sprite2D 初始化:
  - 可见性: true
  - z_index: 2
  - 缩放: (1.0, 1.0)
  - 位置: (27.0, 0.0)
  - Sprite2D 全局位置: (527.0, 300.0)
  - Weapon 全局位置: (500.0, 300.0)
[Player] weapon node added to scene
[Player] weapon position: (0.0, 0.0)
[Player] weapon global position: (500.0, 300.0)
[Player] weapon visible: true
[Player] weapon z_index: 0
[Weapon] 加载贴图: res://assets/sprites/Weapons/Range/WeaponPistol.png
[Weapon] Sprite2D 可见性: true
[Weapon] Sprite2D 位置: (27.0, 0.0)
[Weapon] Sprite2D 缩放: (1.0, 1.0)
[Weapon] 贴图大小: (200.0, 100.0)
[Weapon] 动态创建枪口节点，偏移: (20.0, -2.0)
[Weapon] 武器设置完成: 手枪1级 (pistol_1)
  - 类型: RANGE
  - 等级: 1
  - 形状类型: straight
  - 子弹模式: single
  - 碰撞体位置/缩放: (0.0, 0.0) / (1.0, 1.0)
  - 基础场景: res://scenes/weapons/range/weapon_range_physical.tscn
[Player] weapon position after layout: (0.0, -15.0)
[Player] weapon global position after layout: (500.0, 285.0)
[PlayerBase] player lurewarden loaded 1 weapons
[PlayerBase] death signal connected
[PlayerBase] start loading ultimate, player_id = lurewarden
[PlayerBase] ultimate config loaded: { "ult_id": "lurewarden_ult", "name": "诱猎号令", "duration": 10.0, "energy_cost": 40.0, "bonus_bond_tag": "commander", "visual_color_hex": "#66FF33", "scale_multiplier": 1.2, "explosion_radius": 280.0, "explosion_damage_scale": 1.0, "description": "诱猎师开启诱猎号令并强化诱饵围捕", "f_role_id": "lurewarden", "f_internal_cd": 0.95, "f_q_line_amp": 1.48, "f_q_closure_amp": 1.96, "f_special_value_1": 1.18, "f_special_value_2": 250.0, "f_special_value_3": 0.3, "f_bond_o_payload": "tag:alchemist|lv2:0.12|lv3:0.24|axis:line", "f_bond_m_payload": "tag:architect|lv2:0.16|lv3:0.32|axis:closure", "f_bond_t_payload": "tag:commander|lv2:0.10|lv3:0.20|axis:tempo" }
[PlayerBase] ultimate script loaded: (res://scenes/skills/players/f_roles/skill_lurewarden_f.gd):<GDScript#-9223371775465747950>
[PlayerBase] ultimate node created
[PlayerBase] ultimate load complete: 诱猎号令
[SkillDrawingBase] _ready(): skill_lurewarden_q, skill_owner=PlayerGeneric:<Area2D#1234970874859>
[SkillDrawingBase] Line2D 创建成功: skill_lurewarden_q
[Arena] 生成角色成功: lurewarden 在位置 (500.0, 300.0)
[PlayerBase] Bond stat modifiers applied:
  HP: 108 -> 141
  Speed: 640
  EnergyRegen: 0.7
  PickupRange: 225
  Damage: 10
[Arena] ✅ 角色切换后羁绊属性已重新应用
[Arena] ===== 角色切换结束 =====
[PlayerBase] SkillManager already exists (created by child: @Node@2613), loaded=3, skip auto create
[Arena] 玩家死亡信号已连接
[Arena] ===== 角色切换开始 =====
[Arena] 收到角色切换请求: lurewarden
[Arena] 跳过自动保存（QEF测试模式）: character_switch
[Arena] 当前玩家: lurewarden
[Arena] 当前玩家位置: (500.0, 300.0)
[Arena] 不清理旧玩家的技能效果（默认行为）
[Arena] 调用 player.queue_free()
[Arena] 等待一帧...
[DebugSwitcher] recording started: d:/Godot/Production/PolyLash_Project/.godot_cli/Roaming/Godot/app_userdata/PolyLash/qa_reports/input_recordings/player_ops_20260315_121309_017_lurewarden.json
[Arena] 等待完成，开始生成新角色
[Arena] _spawn_player 开始: player_id=lurewarden, pos=(500.0, 300.0)
[Arena] Global.selected_player_weapons = { "sapper": "pistol", "spiritcaller": "punch", "lurewarden": "pistol" }
[Arena] visual_config: { "player_id": "lurewarden", "sprite_path": "res://assets/sprites/Players/Player_7.png", "scene_path": "res://scenes/unit/players/player_generic.tscn", "scale_x": 1.0, "scale_y": 1.0, "color_r": 1.0, "color_g": 1.0, "color_b": 1.0, "color_a": 1.0, "z_index": 1.0 }
[Arena] 创建角色: lurewarden
[PlayerFactory] 设置 player_id: lurewarden
[PlayerFactory] 已加载脚本: res://scenes/unit/players/player_lurewarden.gd (player_id=lurewarden)
[PlayerFactory] 成功创建角色: lurewarden
[Arena] 警告: player_id 不匹配，重新设置:  -> lurewarden
[PlayerBase] player lurewarden has no equipped item
[ItemWeapon] 尝试加载武器场景: res://scenes/weapons/range/weapon_range_physical.tscn
[ItemWeapon] 成功加载武器场景: res://scenes/weapons/range/weapon_range_physical.tscn
[Player] weapon added: 手枪1级 (pistol_1)
[Weapon] _ready() - Sprite2D 初始化:
  - 可见性: true
  - z_index: 2
  - 缩放: (1.0, 1.0)
  - 位置: (27.0, 0.0)
  - Sprite2D 全局位置: (527.0, 300.0)
  - Weapon 全局位置: (500.0, 300.0)
[Player] weapon node added to scene
[Player] weapon position: (0.0, 0.0)
[Player] weapon global position: (500.0, 300.0)
[Player] weapon visible: true
[Player] weapon z_index: 0
[Weapon] 加载贴图: res://assets/sprites/Weapons/Range/WeaponPistol.png
[Weapon] Sprite2D 可见性: true
[Weapon] Sprite2D 位置: (27.0, 0.0)
[Weapon] Sprite2D 缩放: (1.0, 1.0)
[Weapon] 贴图大小: (200.0, 100.0)
[Weapon] 动态创建枪口节点，偏移: (20.0, -2.0)
[Weapon] 武器设置完成: 手枪1级 (pistol_1)
  - 类型: RANGE
  - 等级: 1
  - 形状类型: straight
  - 子弹模式: single
  - 碰撞体位置/缩放: (0.0, 0.0) / (1.0, 1.0)
  - 基础场景: res://scenes/weapons/range/weapon_range_physical.tscn
[Player] weapon position after layout: (0.0, -15.0)
[Player] weapon global position after layout: (500.0, 285.0)
[PlayerBase] player lurewarden loaded 1 weapons
[PlayerBase] death signal connected
[PlayerBase] start loading ultimate, player_id = lurewarden
[PlayerBase] ultimate config loaded: { "ult_id": "lurewarden_ult", "name": "诱猎号令", "duration": 10.0, "energy_cost": 40.0, "bonus_bond_tag": "commander", "visual_color_hex": "#66FF33", "scale_multiplier": 1.2, "explosion_radius": 280.0, "explosion_damage_scale": 1.0, "description": "诱猎师开启诱猎号令并强化诱饵围捕", "f_role_id": "lurewarden", "f_internal_cd": 0.95, "f_q_line_amp": 1.48, "f_q_closure_amp": 1.96, "f_special_value_1": 1.18, "f_special_value_2": 250.0, "f_special_value_3": 0.3, "f_bond_o_payload": "tag:alchemist|lv2:0.12|lv3:0.24|axis:line", "f_bond_m_payload": "tag:architect|lv2:0.16|lv3:0.32|axis:closure", "f_bond_t_payload": "tag:commander|lv2:0.10|lv3:0.20|axis:tempo" }
[PlayerBase] ultimate script loaded: (res://scenes/skills/players/f_roles/skill_lurewarden_f.gd):<GDScript#-9223371775465747950>
[PlayerBase] ultimate node created
[PlayerBase] ultimate load complete: 诱猎号令
[SkillDrawingBase] _ready(): skill_lurewarden_q, skill_owner=PlayerGeneric:<Area2D#1247033693163>
[SkillDrawingBase] Line2D 创建成功: skill_lurewarden_q
[Arena] 生成角色成功: lurewarden 在位置 (500.0, 300.0)
[PlayerBase] Bond stat modifiers applied:
  HP: 108 -> 141
  Speed: 640
  EnergyRegen: 0.7
  PickupRange: 225
  Damage: 10
[Arena] ✅ 角色切换后羁绊属性已重新应用
[Arena] ===== 角色切换结束 =====
[PlayerBase] SkillManager already exists (created by child: @Node@2623), loaded=3, skip auto create
[Arena] 玩家死亡信号已连接
[RangeBehavior] ========== 开始远程攻击 ==========
[RangeBehavior] 武器名称: 手枪1级
[RangeBehavior] 武器位置: (500.0, 285.0)
[RangeBehavior] 武器旋转: -46.9057025778481度
[RangeBehavior] Muzzle 位置: (534.16, 248.4885)
[RangeBehavior] 生成子弹:
  - 子弹场景: res://scenes/projectiles/projectile_pistol.tscn
  - 生成位置: (534.16, 248.4885)
  - 角度偏移: 0.0度
  - 速度: (1229.762, -1314.414)
  - 伤害: 11.0
[Projectile] 子弹初始化:
  - 位置: (534.16, 248.4885)
  - 速度: (1229.762, -1314.414)
  - 伤害: 11.0
  - 暴击: false
  - 击退: 1.0
  - 发射者: PlayerGeneric
  - Hitbox 碰撞层: 4
  - Hitbox 碰撞掩码: 8
[RangeBehavior] 发射 single x1
[skill_lurewarden_q] ===== 鏉╂稑鍙嗙憴鍕灊濡€崇础 ===== 鐠ч鍋? (500.0002, 299.364), line_2d閺堝鏅? true
[Projectile] ========== 子弹命中！==========
[Projectile] 子弹位置: (580.2314, 199.2444)
[Projectile] 目标: CLIEnemy_(90_0, -120_0)
[Projectile] 目标位置: (581.3694, 189.7481)
[Projectile] 子弹销毁
[RangeBehavior] 攻击结束
[PlayerBase] Q released -> release_skill('q')
[skill_lurewarden_q] ===== 退出规划模式 ===== 点数: 87, 闭合: false
[skill_lurewarden_q] 最终闭合判定: false
[skill_lurewarden_q] 閻㈢喐鍨氬鈧弨鎹愮熅瀵板嫭鏅ラ弸婊愮礉閸樼喎顫愰悙瑙勬殶: 87, 閸氬牆鑻熺痪鎸庮唽閺? 9
[skill_lurewarden_q] [P0-2] 线段持续加成: 5.0s -> 8.0s (+3.0s)
[skill_lurewarden_q] [P0-2] 线段持续加成: 5.0s -> 8.0s (+3.0s)
[skill_lurewarden_q] [P0-2] 线段持续加成: 5.0s -> 8.0s (+3.0s)
[skill_lurewarden_q] [P0-2] 线段持续加成: 5.0s -> 8.0s (+3.0s)
[skill_lurewarden_q] [P0-2] 线段持续加成: 5.0s -> 8.0s (+3.0s)
[skill_lurewarden_q] [P0-2] 线段持续加成: 5.0s -> 8.0s (+3.0s)
[skill_lurewarden_q] [P0-2] 线段持续加成: 5.0s -> 8.0s (+3.0s)
[skill_lurewarden_q] [P0-2] 线段持续加成: 5.0s -> 8.0s (+3.0s)
[skill_lurewarden_q] [P0-2] 线段持续加成: 5.0s -> 8.0s (+3.0s)
[skill_lurewarden_q] [P0-2] 线段持续加成: 5.0s -> 8.0s (+3.0s)
[skill_lurewarden_q] open-path effects spawned
[skill_lurewarden_q] [P0-2] 线段持续加成: 5.0s -> 8.0s (+3.0s)
[PlayerBase] E pressed -> execute_skill('e')
[HealthComponent] 血量归零，触发死亡信号
[HealthComponent] 血量归零，触发死亡信号
[HealthComponent] 血量归零，触发死亡信号
[ExplosionArea] 检测到 2 个重叠区域
[ExplosionArea] 区域 1: HurtboxComponent -> 父节点: CLIEnemy_(180_0, 0_0) (类型: Area2D)
[ExplosionArea]   ⚠️ 使用备用伤害方案
[ExplosionArea]   ✅ 造成伤害(备用): 0.0 -> CLIEnemy_(180_0, 0_0)
[ExplosionArea] 区域 2: HurtboxComponent -> 父节点: CLIEnemy_(120_0, 90_0) (类型: Area2D)
[ExplosionArea]   ⚠️ 使用备用伤害方案
[ExplosionArea]   ✅ 造成伤害(备用): 0.0 -> CLIEnemy_(120_0, 90_0)
[ExplosionArea] 共击中 2 个敌人
[RangeBehavior] ========== 开始远程攻击 ==========
[RangeBehavior] 武器名称: 手枪1级
[RangeBehavior] 武器位置: (714.4449, 316.6581)
[RangeBehavior] 武器旋转: -163.442465328687度
[RangeBehavior] Muzzle 位置: (669.6244, 294.4968)
[RangeBehavior] 生成子弹:
  - 子弹场景: res://scenes/projectiles/projectile_pistol.tscn
  - 生成位置: (669.6244, 294.4968)
  - 角度偏移: 0.0度
  - 速度: (-1725.361, -512.9604)
  - 伤害: 11.0
[Projectile] 子弹初始化:
  - 位置: (669.6244, 294.4968)
  - 速度: (-1725.361, -512.9604)
  - 伤害: 11.0
  - 暴击: false
  - 击退: 1.0
  - 发射者: PlayerGeneric
  - Hitbox 碰撞层: 4
  - Hitbox 碰撞掩码: 8
[RangeBehavior] 发射 single x1
[PlayerBase] F pressed, ultimate_skill = UltimateSkill:<Node#1248828853701>
[PlayerBase] try activate ultimate, energy: 100.0%
[Projectile] ========== 子弹命中！==========
[Projectile] 子弹位置: (628.6292, 282.3087)
[Projectile] 目标: CLIEnemy_(180_0, 0_0)
[Projectile] 目标位置: (659.7264, 301.824)
[Projectile] 子弹销毁
[Projectile] ========== 子弹命中！==========
[Projectile] 子弹位置: (628.6292, 282.3087)
[Projectile] 目标: CLIEnemy_(120_0, 90_0)
[Projectile] 目标位置: (619.5834, 326.0592)
[Projectile] 子弹销毁
[Projectile] ✓ 生成爆炸: 伤害=1.0, 半径=280.0
[Projectile] 爆炸伤害: 11.0 (基础:11.0 × 倍率:1.0)
[Projectile] ✓ 生成爆炸: 伤害=1.0, 半径=280.0
[Projectile] 爆炸伤害: 11.0 (基础:11.0 × 倍率:1.0)
[ExplosionArea] 检测到 3 个重叠区域
[ExplosionArea] 区域 1: HurtboxComponent -> 父节点: CLIEnemy_(180_0, 0_0) (类型: Area2D)
[ExplosionArea]   ⚠️ 使用备用伤害方案
[ExplosionArea]   ✅ 造成伤害(备用): 11.0 -> CLIEnemy_(180_0, 0_0)
[ExplosionArea] 区域 2: HurtboxComponent -> 父节点: CLIEnemy_(120_0, 90_0) (类型: Area2D)
[ExplosionArea]   ⚠️ 使用备用伤害方案
[ExplosionArea]   ✅ 造成伤害(备用): 11.0 -> CLIEnemy_(120_0, 90_0)
[ExplosionArea] 区域 3: HurtboxComponent -> 父节点: CLIEnemy_(90_0, -120_0) (类型: Area2D)
[ExplosionArea]   ⚠️ 使用备用伤害方案
[ExplosionArea]   ✅ 造成伤害(备用): 11.0 -> CLIEnemy_(90_0, -120_0)
[ExplosionArea] 共击中 3 个敌人
[ExplosionArea] 检测到 3 个重叠区域
[ExplosionArea] 区域 1: HurtboxComponent -> 父节点: CLIEnemy_(180_0, 0_0) (类型: Area2D)
[ExplosionArea]   ⚠️ 使用备用伤害方案
[ExplosionArea]   ✅ 造成伤害(备用): 11.0 -> CLIEnemy_(180_0, 0_0)
[ExplosionArea] 区域 2: HurtboxComponent -> 父节点: CLIEnemy_(120_0, 90_0) (类型: Area2D)
[ExplosionArea]   ⚠️ 使用备用伤害方案
[ExplosionArea]   ✅ 造成伤害(备用): 11.0 -> CLIEnemy_(120_0, 90_0)
[ExplosionArea] 区域 3: HurtboxComponent -> 父节点: CLIEnemy_(90_0, -120_0) (类型: Area2D)
[ExplosionArea]   ⚠️ 使用备用伤害方案
[ExplosionArea]   ✅ 造成伤害(备用): 11.0 -> CLIEnemy_(90_0, -120_0)
[ExplosionArea] 共击中 3 个敌人
[DebugSwitcher] record saved: d:/Godot/Production/PolyLash_Project/.godot_cli/Roaming/Godot/app_userdata/PolyLash/qa_reports/input_recordings/player_ops_20260315_121309_017_lurewarden.json
[DebugSwitcher] test mode disabled
[BackgroundManager] 地图纹理大小: (994.000000, 460.000000)
[BackgroundManager] 初始化完成 - 瓦片大小: 2000, 已生成: 25 个瓦片
[ChestManager] 初始化完成 - 生成 2 个宝箱（分散布局）
[ChestManager] 初始化完成 - 预生成 2 个宝箱位置
[ChestIndicator] indicator_show_range = 3000 (from map_config.csv)
[ExitConfirmDialog] _ready() called
[Arena] _ready() 开始
[Arena] 已添加到 arena 组
[Arena] 已启用波末战利品模式，禁用旧宝箱流程
[Arena] 暂停菜单已初始化
[Arena] 商店面板已连接
[Arena] WaveRewardSystem 已创建
[Arena] WaveRewardPanel 已添加到 GameUI
[Arena] WildcardPanel 已添加到 GameUI
[Arena] BattleFlowController 已初始化
[Arena] Spawner 波次完成信号已连接
[Arena] 准备初始化玩家...
[Arena] _init_player_from_selection 开始
[Arena] selected_player_ids: ["lurewarden"]
[Arena] selected_player_weapons: { "lurewarden": "pistol" }
WARNING: [ConfigManager] game_config 缺少键 'enable_wave_recruit_mode'，使用默认值: 1
   at: push_warning (core/variant/variant_utility.cpp:1034)
   GDScript backtrace (most recent call first):
       [0] get_game_setting (res://autoloads/config_manager.gd:590)
       [1] is_wave_recruit_mode_enabled (res://autoloads/global.gd:298)
       [2] enter_wave_recruit_mode (res://autoloads/global.gd:303)
       [3] _init_player_from_selection (res://scenes/arena/arena_core.gd:467)
       [4] _ready (res://scenes/arena/arena_core.gd:117)
[Arena] 场景中没有默认玩家，直接生成选择的角色
[Arena] _spawn_player 开始: player_id=lurewarden, pos=(500.0, 300.0)
[Arena] Global.selected_player_weapons = { "lurewarden": "pistol" }
[Arena] visual_config: { "player_id": "lurewarden", "sprite_path": "res://assets/sprites/Players/Player_7.png", "scene_path": "res://scenes/unit/players/player_generic.tscn", "scale_x": 1.0, "scale_y": 1.0, "color_r": 1.0, "color_g": 1.0, "color_b": 1.0, "color_a": 1.0, "z_index": 1.0 }
[Arena] 创建角色: lurewarden
[PlayerFactory] 设置 player_id: lurewarden
[PlayerFactory] 已加载脚本: res://scenes/unit/players/player_lurewarden.gd (player_id=lurewarden)
[PlayerFactory] 成功创建角色: lurewarden
[Arena] 警告: player_id 不匹配，重新设置:  -> lurewarden
[PlayerBase] player lurewarden has no equipped item
[ItemWeapon] 尝试加载武器场景: res://scenes/weapons/range/weapon_range_physical.tscn
[ItemWeapon] 成功加载武器场景: res://scenes/weapons/range/weapon_range_physical.tscn
[Player] weapon added: 手枪1级 (pistol_1)
[Weapon] _ready() - Sprite2D 初始化:
  - 可见性: true
  - z_index: 2
  - 缩放: (1.0, 1.0)
  - 位置: (27.0, 0.0)
  - Sprite2D 全局位置: (527.0, 300.0)
  - Weapon 全局位置: (500.0, 300.0)
[Player] weapon node added to scene
[Player] weapon position: (0.0, 0.0)
[Player] weapon global position: (500.0, 300.0)
[Player] weapon visible: true
[Player] weapon z_index: 0
[Weapon] 加载贴图: res://assets/sprites/Weapons/Range/WeaponPistol.png
[Weapon] Sprite2D 可见性: true
[Weapon] Sprite2D 位置: (27.0, 0.0)
[Weapon] Sprite2D 缩放: (1.0, 1.0)
[Weapon] 贴图大小: (200.0, 100.0)
[Weapon] 动态创建枪口节点，偏移: (20.0, -2.0)
[Weapon] 武器设置完成: 手枪1级 (pistol_1)
  - 类型: RANGE
  - 等级: 1
  - 形状类型: straight
  - 子弹模式: single
  - 碰撞体位置/缩放: (0.0, 0.0) / (1.0, 1.0)
  - 基础场景: res://scenes/weapons/range/weapon_range_physical.tscn
[Player] weapon position after layout: (0.0, -15.0)
[Player] weapon global position after layout: (500.0, 285.0)
[PlayerBase] player lurewarden loaded 1 weapons
[PlayerBase] death signal connected
[PlayerBase] start loading ultimate, player_id = lurewarden
[PlayerBase] ultimate config loaded: { "ult_id": "lurewarden_ult", "name": "诱猎号令", "duration": 10.0, "energy_cost": 40.0, "bonus_bond_tag": "commander", "visual_color_hex": "#66FF33", "scale_multiplier": 1.2, "explosion_radius": 280.0, "explosion_damage_scale": 1.0, "description": "诱猎师开启诱猎号令并强化诱饵围捕", "f_role_id": "lurewarden", "f_internal_cd": 0.95, "f_q_line_amp": 1.48, "f_q_closure_amp": 1.96, "f_special_value_1": 1.18, "f_special_value_2": 250.0, "f_special_value_3": 0.3, "f_bond_o_payload": "tag:alchemist|lv2:0.12|lv3:0.24|axis:line", "f_bond_m_payload": "tag:architect|lv2:0.16|lv3:0.32|axis:closure", "f_bond_t_payload": "tag:commander|lv2:0.10|lv3:0.20|axis:tempo" }
[PlayerBase] ultimate script loaded: (res://scenes/skills/players/f_roles/skill_lurewarden_f.gd):<GDScript#-9223371775465747950>
[PlayerBase] ultimate node created
[PlayerBase] ultimate load complete: 诱猎号令
[SkillDrawingBase] _ready(): skill_lurewarden_q, skill_owner=PlayerGeneric:<Area2D#1318018094603>
[SkillDrawingBase] Line2D 创建成功: skill_lurewarden_q
[Arena] 生成角色成功: lurewarden 在位置 (500.0, 300.0)
[Arena] 玩家初始化完成
[CharacterSlot] 加载角色图标: lurewarden -> res://assets/sprites/Players/Player_7.png
[SquadHUD] 初始化 1 个角色卡槽
[Arena] 小队 HUD 初始化完成
[Arena] ===== _init_bond_hud() 开始 =====
[Arena] ✅ 找到 GameUI 节点: /root/Arena/GameUI
[Arena] ✅ BondHUD 场景加载成功
[Arena] ✅ BondHUD 实例化成功
[Arena] ✅ BondHUD 已添加到 GameUI
[Arena] BondHUD 路径: /root/Arena/GameUI/BondHUD
[Arena] BondHUD 可见性: true
[Arena] _ready() 完成，飘字保护已解除
[PlayerBase] SkillManager already exists (created by child: @Node@2768), loaded=3, skip auto create
[Arena] ===== 角色切换开始 =====
[Arena] 收到角色切换请求: lurewarden
[Arena] 跳过自动保存（QEF测试模式）: character_switch
[Arena] 当前玩家: lurewarden
[Arena] 当前玩家位置: (500.0, 300.0)
[Arena] 不清理旧玩家的技能效果（默认行为）
[Arena] 调用 player.queue_free()
[Arena] 等待一帧...
[DebugSwitcher] test mode enabled: wave_time=999, key8 toggles recording
[Arena] 玩家死亡信号已连接
[Arena] 触发 BondManager 重新计算羁绊...
[Arena] 当前队伍: ["sapper", "spiritcaller", "lurewarden"]
[Arena] ✅ 羁绊计算完成
[PlayerBase] Bond stat modifiers applied:
  HP: 108 -> 141
  Speed: 640
  EnergyRegen: 0.7
  PickupRange: 225
  Damage: 10
[Arena] ✅ 羁绊属性已应用到玩家
[Arena] ===== _init_bond_hud() 完成 =====
[Arena] 玩家死亡信号已连接
[Arena] 等待完成，开始生成新角色
[Arena] _spawn_player 开始: player_id=lurewarden, pos=(500.0, 300.0)
[Arena] Global.selected_player_weapons = { "sapper": "pistol", "spiritcaller": "punch", "lurewarden": "pistol" }
[Arena] visual_config: { "player_id": "lurewarden", "sprite_path": "res://assets/sprites/Players/Player_7.png", "scene_path": "res://scenes/unit/players/player_generic.tscn", "scale_x": 1.0, "scale_y": 1.0, "color_r": 1.0, "color_g": 1.0, "color_b": 1.0, "color_a": 1.0, "z_index": 1.0 }
[Arena] 创建角色: lurewarden
[PlayerFactory] 设置 player_id: lurewarden
[PlayerFactory] 已加载脚本: res://scenes/unit/players/player_lurewarden.gd (player_id=lurewarden)
[PlayerFactory] 成功创建角色: lurewarden
[Arena] 警告: player_id 不匹配，重新设置:  -> lurewarden
[PlayerBase] player lurewarden has no equipped item
[ItemWeapon] 尝试加载武器场景: res://scenes/weapons/range/weapon_range_physical.tscn
[ItemWeapon] 成功加载武器场景: res://scenes/weapons/range/weapon_range_physical.tscn
[Player] weapon added: 手枪1级 (pistol_1)
[Weapon] _ready() - Sprite2D 初始化:
  - 可见性: true
  - z_index: 2
  - 缩放: (1.0, 1.0)
  - 位置: (27.0, 0.0)
  - Sprite2D 全局位置: (527.0, 300.0)
  - Weapon 全局位置: (500.0, 300.0)
[Player] weapon node added to scene
[Player] weapon position: (0.0, 0.0)
[Player] weapon global position: (500.0, 300.0)
[Player] weapon visible: true
[Player] weapon z_index: 0
[Weapon] 加载贴图: res://assets/sprites/Weapons/Range/WeaponPistol.png
[Weapon] Sprite2D 可见性: true
[Weapon] Sprite2D 位置: (27.0, 0.0)
[Weapon] Sprite2D 缩放: (1.0, 1.0)
[Weapon] 贴图大小: (200.0, 100.0)
[Weapon] 动态创建枪口节点，偏移: (20.0, -2.0)
[Weapon] 武器设置完成: 手枪1级 (pistol_1)
  - 类型: RANGE
  - 等级: 1
  - 形状类型: straight
  - 子弹模式: single
  - 碰撞体位置/缩放: (0.0, 0.0) / (1.0, 1.0)
  - 基础场景: res://scenes/weapons/range/weapon_range_physical.tscn
[Player] weapon position after layout: (0.0, -15.0)
[Player] weapon global position after layout: (500.0, 285.0)
[PlayerBase] player lurewarden loaded 1 weapons
[PlayerBase] death signal connected
[PlayerBase] start loading ultimate, player_id = lurewarden
[PlayerBase] ultimate config loaded: { "ult_id": "lurewarden_ult", "name": "诱猎号令", "duration": 10.0, "energy_cost": 40.0, "bonus_bond_tag": "commander", "visual_color_hex": "#66FF33", "scale_multiplier": 1.2, "explosion_radius": 280.0, "explosion_damage_scale": 1.0, "description": "诱猎师开启诱猎号令并强化诱饵围捕", "f_role_id": "lurewarden", "f_internal_cd": 0.95, "f_q_line_amp": 1.48, "f_q_closure_amp": 1.96, "f_special_value_1": 1.18, "f_special_value_2": 250.0, "f_special_value_3": 0.3, "f_bond_o_payload": "tag:alchemist|lv2:0.12|lv3:0.24|axis:line", "f_bond_m_payload": "tag:architect|lv2:0.16|lv3:0.32|axis:closure", "f_bond_t_payload": "tag:commander|lv2:0.10|lv3:0.20|axis:tempo" }
[PlayerBase] ultimate script loaded: (res://scenes/skills/players/f_roles/skill_lurewarden_f.gd):<GDScript#-9223371775465747950>
[PlayerBase] ultimate node created
[PlayerBase] ultimate load complete: 诱猎号令
[SkillDrawingBase] _ready(): skill_lurewarden_q, skill_owner=PlayerGeneric:<Area2D#1324829644299>
[SkillDrawingBase] Line2D 创建成功: skill_lurewarden_q
[Arena] 生成角色成功: lurewarden 在位置 (500.0, 300.0)
[PlayerBase] Bond stat modifiers applied:
  HP: 108 -> 141
  Speed: 640
  EnergyRegen: 0.7
  PickupRange: 225
  Damage: 10
[Arena] ✅ 角色切换后羁绊属性已重新应用
[Arena] ===== 角色切换结束 =====
[PlayerBase] SkillManager already exists (created by child: @Node@2777), loaded=3, skip auto create
[Arena] 玩家死亡信号已连接
[DebugSwitcher] replay started: d:/Godot/Production/PolyLash_Project/.godot_cli/Roaming/Godot/app_userdata/PolyLash/qa_reports/input_recordings/player_ops_20260315_121309_017_lurewarden.json
[Arena] ===== 角色切换开始 =====
[Arena] 收到角色切换请求: lurewarden
[Arena] 跳过自动保存（QEF测试模式）: character_switch
[Arena] 当前玩家: lurewarden
[Arena] 当前玩家位置: (500.0, 300.0)
[Arena] 不清理旧玩家的技能效果（默认行为）
[Arena] 调用 player.queue_free()
[Arena] 等待一帧...
[Arena] 等待完成，开始生成新角色
[Arena] _spawn_player 开始: player_id=lurewarden, pos=(500.0, 300.0)
[Arena] Global.selected_player_weapons = { "lurewarden": "pistol", "sapper": "pistol", "spiritcaller": "punch" }
[Arena] visual_config: { "player_id": "lurewarden", "sprite_path": "res://assets/sprites/Players/Player_7.png", "scene_path": "res://scenes/unit/players/player_generic.tscn", "scale_x": 1.0, "scale_y": 1.0, "color_r": 1.0, "color_g": 1.0, "color_b": 1.0, "color_a": 1.0, "z_index": 1.0 }
[Arena] 创建角色: lurewarden
[PlayerFactory] 设置 player_id: lurewarden
[PlayerFactory] 已加载脚本: res://scenes/unit/players/player_lurewarden.gd (player_id=lurewarden)
[PlayerFactory] 成功创建角色: lurewarden
[Arena] 警告: player_id 不匹配，重新设置:  -> lurewarden
[PlayerBase] player lurewarden has no equipped item
[ItemWeapon] 尝试加载武器场景: res://scenes/weapons/range/weapon_range_physical.tscn
[ItemWeapon] 成功加载武器场景: res://scenes/weapons/range/weapon_range_physical.tscn
[Player] weapon added: 手枪1级 (pistol_1)
[Weapon] _ready() - Sprite2D 初始化:
  - 可见性: true
  - z_index: 2
  - 缩放: (1.0, 1.0)
  - 位置: (27.0, 0.0)
  - Sprite2D 全局位置: (527.0, 300.0)
  - Weapon 全局位置: (500.0, 300.0)
[Player] weapon node added to scene
[Player] weapon position: (0.0, 0.0)
[Player] weapon global position: (500.0, 300.0)
[Player] weapon visible: true
[Player] weapon z_index: 0
[Weapon] 加载贴图: res://assets/sprites/Weapons/Range/WeaponPistol.png
[Weapon] Sprite2D 可见性: true
[Weapon] Sprite2D 位置: (27.0, 0.0)
[Weapon] Sprite2D 缩放: (1.0, 1.0)
[Weapon] 贴图大小: (200.0, 100.0)
[Weapon] 动态创建枪口节点，偏移: (20.0, -2.0)
[Weapon] 武器设置完成: 手枪1级 (pistol_1)
  - 类型: RANGE
  - 等级: 1
  - 形状类型: straight
  - 子弹模式: single
  - 碰撞体位置/缩放: (0.0, 0.0) / (1.0, 1.0)
  - 基础场景: res://scenes/weapons/range/weapon_range_physical.tscn
[Player] weapon position after layout: (0.0, -15.0)
[Player] weapon global position after layout: (500.0, 285.0)
[PlayerBase] player lurewarden loaded 1 weapons
[PlayerBase] death signal connected
[PlayerBase] start loading ultimate, player_id = lurewarden
[PlayerBase] ultimate config loaded: { "ult_id": "lurewarden_ult", "name": "诱猎号令", "duration": 10.0, "energy_cost": 40.0, "bonus_bond_tag": "commander", "visual_color_hex": "#66FF33", "scale_multiplier": 1.2, "explosion_radius": 280.0, "explosion_damage_scale": 1.0, "description": "诱猎师开启诱猎号令并强化诱饵围捕", "f_role_id": "lurewarden", "f_internal_cd": 0.95, "f_q_line_amp": 1.48, "f_q_closure_amp": 1.96, "f_special_value_1": 1.18, "f_special_value_2": 250.0, "f_special_value_3": 0.3, "f_bond_o_payload": "tag:alchemist|lv2:0.12|lv3:0.24|axis:line", "f_bond_m_payload": "tag:architect|lv2:0.16|lv3:0.32|axis:closure", "f_bond_t_payload": "tag:commander|lv2:0.10|lv3:0.20|axis:tempo" }
[PlayerBase] ultimate script loaded: (res://scenes/skills/players/f_roles/skill_lurewarden_f.gd):<GDScript#-9223371775465747950>
[PlayerBase] ultimate node created
[PlayerBase] ultimate load complete: 诱猎号令
[SkillDrawingBase] _ready(): skill_lurewarden_q, skill_owner=PlayerGeneric:<Area2D#1331590862463>
[SkillDrawingBase] Line2D 创建成功: skill_lurewarden_q
[Arena] 生成角色成功: lurewarden 在位置 (500.0, 300.0)
[PlayerBase] Bond stat modifiers applied:
  HP: 108 -> 141
  Speed: 790
  EnergyRegen: 0.7
  PickupRange: 225
  Damage: 10
[Arena] ✅ 角色切换后羁绊属性已重新应用
[Arena] ===== 角色切换结束 =====
[PlayerBase] SkillManager already exists (created by child: @Node@2787), loaded=3, skip auto create
[Arena] 玩家死亡信号已连接
[RangeBehavior] ========== 开始远程攻击 ==========
[RangeBehavior] 武器名称: 手枪1级
[RangeBehavior] 武器位置: (500.0, 285.0)
[RangeBehavior] 武器旋转: -49.6190054709194度
[RangeBehavior] Muzzle 位置: (532.3934, 246.9123)
[RangeBehavior] 生成子弹:
  - 子弹场景: res://scenes/projectiles/projectile_pistol.tscn
  - 生成位置: (532.3934, 246.9123)
  - 角度偏移: 0.0度
  - 速度: (1166.161, -1371.156)
  - 伤害: 11.0
[Projectile] 子弹初始化:
  - 位置: (532.3934, 246.9123)
  - 速度: (1166.161, -1371.156)
  - 伤害: 11.0
  - 暴击: false
  - 击退: 1.0
  - 发射者: PlayerGeneric
  - Hitbox 碰撞层: 4
  - Hitbox 碰撞掩码: 8
[RangeBehavior] 发射 single x1
[skill_lurewarden_q] ===== 鏉╂稑鍙嗙憴鍕灊濡€崇础 ===== 鐠ч鍋? (500.0002, 299.364), line_2d閺堝鏅? true
[Projectile] ========== 子弹命中！==========
[Projectile] 子弹位置: (579.4764, 191.5527)
[Projectile] 目标: CLIEnemy_(90_0, -120_0)
[Projectile] 目标位置: (581.8917, 189.0456)
[Projectile] 子弹销毁
[RangeBehavior] 攻击结束
[PlayerBase] Q released -> release_skill('q')
[skill_lurewarden_q] ===== 退出规划模式 ===== 点数: 100, 闭合: false
[skill_lurewarden_q] 最终闭合判定: false
[skill_lurewarden_q] 閻㈢喐鍨氬鈧弨鎹愮熅瀵板嫭鏅ラ弸婊愮礉閸樼喎顫愰悙瑙勬殶: 100, 閸氬牆鑻熺痪鎸庮唽閺? 10
[skill_lurewarden_q] [P0-2] 线段持续加成: 5.0s -> 8.0s (+3.0s)
[skill_lurewarden_q] [P0-2] 线段持续加成: 5.0s -> 8.0s (+3.0s)
[skill_lurewarden_q] [P0-2] 线段持续加成: 5.0s -> 8.0s (+3.0s)
[skill_lurewarden_q] [P0-2] 线段持续加成: 5.0s -> 8.0s (+3.0s)
[skill_lurewarden_q] [P0-2] 线段持续加成: 5.0s -> 8.0s (+3.0s)
[skill_lurewarden_q] [P0-2] 线段持续加成: 5.0s -> 8.0s (+3.0s)
[skill_lurewarden_q] [P0-2] 线段持续加成: 5.0s -> 8.0s (+3.0s)
[skill_lurewarden_q] [P0-2] 线段持续加成: 5.0s -> 8.0s (+3.0s)
[skill_lurewarden_q] [P0-2] 线段持续加成: 5.0s -> 8.0s (+3.0s)
[skill_lurewarden_q] [P0-2] 线段持续加成: 5.0s -> 8.0s (+3.0s)
[skill_lurewarden_q] [P0-2] 线段持续加成: 5.0s -> 8.0s (+3.0s)
[skill_lurewarden_q] open-path effects spawned
[skill_lurewarden_q] [P0-2] 线段持续加成: 5.0s -> 8.0s (+3.0s)
[PlayerBase] E pressed -> execute_skill('e')
[HealthComponent] 血量归零，触发死亡信号
[HealthComponent] 血量归零，触发死亡信号
[HealthComponent] 血量归零，触发死亡信号
[ExplosionArea] 检测到 2 个重叠区域
[ExplosionArea] 区域 1: HurtboxComponent -> 父节点: CLIEnemy_(180_0, 0_0) (类型: Area2D)
[ExplosionArea]   ⚠️ 使用备用伤害方案
[ExplosionArea]   ✅ 造成伤害(备用): 0.0 -> CLIEnemy_(180_0, 0_0)
[ExplosionArea] 区域 2: HurtboxComponent -> 父节点: CLIEnemy_(120_0, 90_0) (类型: Area2D)
[ExplosionArea]   ⚠️ 使用备用伤害方案
[ExplosionArea]   ✅ 造成伤害(备用): 0.0 -> CLIEnemy_(120_0, 90_0)
[ExplosionArea] 共击中 2 个敌人
[RangeBehavior] ========== 开始远程攻击 ==========
[RangeBehavior] 武器名称: 手枪1级
[RangeBehavior] 武器位置: (715.0403, 317.1439)
[RangeBehavior] 武器旋转: -163.795217278561度
[RangeBehavior] Muzzle 位置: (670.0843, 295.259)
[RangeBehavior] 生成子弹:
  - 子弹场景: res://scenes/projectiles/projectile_pistol.tscn
  - 生成位置: (670.0843, 295.259)
  - 角度偏移: 0.0度
  - 速度: (-1728.487, -502.3283)
  - 伤害: 11.0
[Projectile] 子弹初始化:
  - 位置: (670.0843, 295.259)
  - 速度: (-1728.487, -502.3283)
  - 伤害: 11.0
  - 暴击: false
  - 击退: 1.0
  - 发射者: PlayerGeneric
  - Hitbox 碰撞层: 4
  - Hitbox 碰撞掩码: 8
[RangeBehavior] 发射 single x1
[Projectile] ========== 子弹命中！==========
[Projectile] 子弹位置: (643.8079, 287.6228)
[Projectile] 目标: CLIEnemy_(180_0, 0_0)
[Projectile] 目标位置: (659.8977, 303.0847)
[Projectile] 子弹销毁
[PlayerBase] F pressed, ultimate_skill = UltimateSkill:<Node#1333386021156>
[PlayerBase] try activate ultimate, energy: 100.0%
[DebugSwitcher] replay finished
[DebugSwitcher] test mode disabled
[BackgroundManager] 地图纹理大小: (994.000000, 460.000000)
[BackgroundManager] 初始化完成 - 瓦片大小: 2000, 已生成: 25 个瓦片
[ChestManager] 初始化完成 - 生成 2 个宝箱（分散布局）
[ChestManager] 初始化完成 - 预生成 2 个宝箱位置
[ChestIndicator] indicator_show_range = 3000 (from map_config.csv)
[ExitConfirmDialog] _ready() called
[Arena] _ready() 开始
[Arena] 已添加到 arena 组
[Arena] 已启用波末战利品模式，禁用旧宝箱流程
[Arena] 暂停菜单已初始化
[Arena] 商店面板已连接
[Arena] WaveRewardSystem 已创建
[Arena] WaveRewardPanel 已添加到 GameUI
[Arena] WildcardPanel 已添加到 GameUI
[Arena] BattleFlowController 已初始化
[Arena] Spawner 波次完成信号已连接
[Arena] 准备初始化玩家...
[Arena] _init_player_from_selection 开始
[Arena] selected_player_ids: ["quartermaster"]
[Arena] selected_player_weapons: { "quartermaster": "punch" }
WARNING: [ConfigManager] game_config 缺少键 'enable_wave_recruit_mode'，使用默认值: 1
   at: push_warning (core/variant/variant_utility.cpp:1034)
   GDScript backtrace (most recent call first):
       [0] get_game_setting (res://autoloads/config_manager.gd:590)
       [1] is_wave_recruit_mode_enabled (res://autoloads/global.gd:298)
       [2] enter_wave_recruit_mode (res://autoloads/global.gd:303)
       [3] _init_player_from_selection (res://scenes/arena/arena_core.gd:467)
       [4] _ready (res://scenes/arena/arena_core.gd:117)
[Arena] 场景中没有默认玩家，直接生成选择的角色
[Arena] _spawn_player 开始: player_id=quartermaster, pos=(500.0, 300.0)
[Arena] Global.selected_player_weapons = { "quartermaster": "punch" }
[Arena] visual_config: { "player_id": "quartermaster", "sprite_path": "res://assets/sprites/Players/Player_15.png", "scene_path": "res://scenes/unit/players/player_generic.tscn", "scale_x": 1.0, "scale_y": 1.0, "color_r": 1.0, "color_g": 1.0, "color_b": 1.0, "color_a": 1.0, "z_index": 1.0 }
[Arena] 创建角色: quartermaster
[PlayerFactory] 设置 player_id: quartermaster
[PlayerFactory] 已加载脚本: res://scenes/unit/players/player_quartermaster.gd (player_id=quartermaster)
[PlayerFactory] 成功创建角色: quartermaster
[Arena] 警告: player_id 不匹配，重新设置:  -> quartermaster
[PlayerBase] player quartermaster has no equipped item
[ItemWeapon] 尝试加载武器场景: res://scenes/weapons/melee/weapon_melee_point.tscn
[ItemWeapon] 成功加载武器场景: res://scenes/weapons/melee/weapon_melee_point.tscn
[Player] weapon added: 拳头1级 (punch_1)
[Weapon] _ready() - Sprite2D 初始化:
  - 可见性: true
  - z_index: 2
  - 缩放: (1.0, 1.0)
  - 位置: (27.0, 0.0)
  - Sprite2D 全局位置: (527.0, 300.0)
  - Weapon 全局位置: (500.0, 300.0)
[Player] weapon node added to scene
[Player] weapon position: (0.0, 0.0)
[Player] weapon global position: (500.0, 300.0)
[Player] weapon visible: true
[Player] weapon z_index: 0
[Weapon] 加载贴图: res://assets/sprites/Weapons/Melee/Weapon_Punch.png
[Weapon] Sprite2D 可见性: true
[Weapon] Sprite2D 位置: (27.0, 0.0)
[Weapon] Sprite2D 缩放: (1.0, 1.0)
[Weapon] 贴图大小: (200.0, 100.0)
[Weapon] 武器设置完成: 拳头1级 (punch_1)
  - 类型: MELEE
  - 等级: 1
  - 形状类型: point
  - 子弹模式: 未指定
  - 碰撞体: 由 MeleeBehavior 动态创建
  - 基础场景: res://scenes/weapons/melee/weapon_melee_point.tscn
[Player] weapon position after layout: (0.0, -15.0)
[Player] weapon global position after layout: (500.0, 285.0)
[PlayerBase] player quartermaster loaded 1 weapons
[PlayerBase] death signal connected
[PlayerBase] start loading ultimate, player_id = quartermaster
[PlayerBase] ultimate config loaded: { "ult_id": "quartermaster_ult", "name": "火力链路", "duration": 10.0, "energy_cost": 40.0, "bonus_bond_tag": "assist", "visual_color_hex": "#999933", "scale_multiplier": 1.2, "explosion_radius": 240.0, "explosion_damage_scale": 1.1, "description": "军需官进入火力链路并增强压制节奏", "f_role_id": "quartermaster", "f_internal_cd": 0.95, "f_q_line_amp": 1.52, "f_q_closure_amp": 1.98, "f_special_value_1": 1.18, "f_special_value_2": 240.0, "f_special_value_3": 0.31, "f_bond_o_payload": "tag:alchemist|lv2:0.12|lv3:0.24|axis:line", "f_bond_m_payload": "tag:blaster|lv2:0.16|lv3:0.32|axis:closure", "f_bond_t_payload": "tag:assist|lv2:0.10|lv3:0.20|axis:tempo" }
[PlayerBase] ultimate script loaded: (res://scenes/skills/players/f_roles/skill_quartermaster_f.gd):<GDScript#-9223371553570289060>
[PlayerBase] ultimate node created
[PlayerBase] ultimate load complete: 火力链路
[SkillDrawingBase] _ready(): skill_quartermaster_q, skill_owner=PlayerGeneric:<Area2D#1818281121561>
[SkillDrawingBase] Line2D 创建成功: skill_quartermaster_q
[Arena] 生成角色成功: quartermaster 在位置 (500.0, 300.0)
[Arena] 玩家初始化完成
[CharacterSlot] 加载角色图标: quartermaster -> res://assets/sprites/Players/Player_15.png
[SquadHUD] 初始化 1 个角色卡槽
[Arena] 小队 HUD 初始化完成
[Arena] ===== _init_bond_hud() 开始 =====
[Arena] ✅ 找到 GameUI 节点: /root/Arena/GameUI
[Arena] ✅ BondHUD 场景加载成功
[Arena] ✅ BondHUD 实例化成功
[Arena] ✅ BondHUD 已添加到 GameUI
[Arena] BondHUD 路径: /root/Arena/GameUI/BondHUD
[Arena] BondHUD 可见性: true
[Arena] _ready() 完成，飘字保护已解除
[PlayerBase] SkillManager already exists (created by child: @Node@2934), loaded=3, skip auto create
[Arena] ===== 角色切换开始 =====
[Arena] 收到角色切换请求: quartermaster
[Arena] 跳过自动保存（QEF测试模式）: character_switch
[Arena] 当前玩家: quartermaster
[Arena] 当前玩家位置: (500.0, 300.0)
[Arena] 不清理旧玩家的技能效果（默认行为）
[Arena] 调用 player.queue_free()
[Arena] 等待一帧...
[DebugSwitcher] test mode enabled: wave_time=999, key8 toggles recording
[Arena] 玩家死亡信号已连接
[Arena] 触发 BondManager 重新计算羁绊...
[Arena] 当前队伍: ["quartermaster", "paladin", "bloodsworn"]
[Arena] ✅ 羁绊计算完成
[PlayerBase] Bond stat modifiers applied:
  HP: 108 -> 108
  Speed: 500
  EnergyRegen: 0.7
  PickupRange: 150
  Damage: 10
[Arena] ✅ 羁绊属性已应用到玩家
[Arena] ===== _init_bond_hud() 完成 =====
[Arena] 玩家死亡信号已连接
[Arena] 等待完成，开始生成新角色
[Arena] _spawn_player 开始: player_id=quartermaster, pos=(500.0, 300.0)
[Arena] Global.selected_player_weapons = { "quartermaster": "punch", "paladin": "punch", "bloodsworn": "punch" }
[Arena] visual_config: { "player_id": "quartermaster", "sprite_path": "res://assets/sprites/Players/Player_15.png", "scene_path": "res://scenes/unit/players/player_generic.tscn", "scale_x": 1.0, "scale_y": 1.0, "color_r": 1.0, "color_g": 1.0, "color_b": 1.0, "color_a": 1.0, "z_index": 1.0 }
[Arena] 创建角色: quartermaster
[PlayerFactory] 设置 player_id: quartermaster
[PlayerFactory] 已加载脚本: res://scenes/unit/players/player_quartermaster.gd (player_id=quartermaster)
[PlayerFactory] 成功创建角色: quartermaster
[Arena] 警告: player_id 不匹配，重新设置:  -> quartermaster
[PlayerBase] player quartermaster has no equipped item
[ItemWeapon] 尝试加载武器场景: res://scenes/weapons/melee/weapon_melee_point.tscn
[ItemWeapon] 成功加载武器场景: res://scenes/weapons/melee/weapon_melee_point.tscn
[Player] weapon added: 拳头1级 (punch_1)
[Weapon] _ready() - Sprite2D 初始化:
  - 可见性: true
  - z_index: 2
  - 缩放: (1.0, 1.0)
  - 位置: (27.0, 0.0)
  - Sprite2D 全局位置: (527.0, 300.0)
  - Weapon 全局位置: (500.0, 300.0)
[Player] weapon node added to scene
[Player] weapon position: (0.0, 0.0)
[Player] weapon global position: (500.0, 300.0)
[Player] weapon visible: true
[Player] weapon z_index: 0
[Weapon] 加载贴图: res://assets/sprites/Weapons/Melee/Weapon_Punch.png
[Weapon] Sprite2D 可见性: true
[Weapon] Sprite2D 位置: (27.0, 0.0)
[Weapon] Sprite2D 缩放: (1.0, 1.0)
[Weapon] 贴图大小: (200.0, 100.0)
[Weapon] 武器设置完成: 拳头1级 (punch_1)
  - 类型: MELEE
  - 等级: 1
  - 形状类型: point
  - 子弹模式: 未指定
  - 碰撞体: 由 MeleeBehavior 动态创建
  - 基础场景: res://scenes/weapons/melee/weapon_melee_point.tscn
[Player] weapon position after layout: (0.0, -15.0)
[Player] weapon global position after layout: (500.0, 285.0)
[PlayerBase] player quartermaster loaded 1 weapons
[PlayerBase] death signal connected
[PlayerBase] start loading ultimate, player_id = quartermaster
[PlayerBase] ultimate config loaded: { "ult_id": "quartermaster_ult", "name": "火力链路", "duration": 10.0, "energy_cost": 40.0, "bonus_bond_tag": "assist", "visual_color_hex": "#999933", "scale_multiplier": 1.2, "explosion_radius": 240.0, "explosion_damage_scale": 1.1, "description": "军需官进入火力链路并增强压制节奏", "f_role_id": "quartermaster", "f_internal_cd": 0.95, "f_q_line_amp": 1.52, "f_q_closure_amp": 1.98, "f_special_value_1": 1.18, "f_special_value_2": 240.0, "f_special_value_3": 0.31, "f_bond_o_payload": "tag:alchemist|lv2:0.12|lv3:0.24|axis:line", "f_bond_m_payload": "tag:blaster|lv2:0.16|lv3:0.32|axis:closure", "f_bond_t_payload": "tag:assist|lv2:0.10|lv3:0.20|axis:tempo" }
[PlayerBase] ultimate script loaded: (res://scenes/skills/players/f_roles/skill_quartermaster_f.gd):<GDScript#-9223371553570289060>
[PlayerBase] ultimate node created
[PlayerBase] ultimate load complete: 火力链路
[SkillDrawingBase] _ready(): skill_quartermaster_q, skill_owner=PlayerGeneric:<Area2D#1828481668493>
[SkillDrawingBase] Line2D 创建成功: skill_quartermaster_q
[Arena] 生成角色成功: quartermaster 在位置 (500.0, 300.0)
[PlayerBase] Bond stat modifiers applied:
  HP: 108 -> 108
  Speed: 500
  EnergyRegen: 0.7
  PickupRange: 150
  Damage: 10
[Arena] ✅ 角色切换后羁绊属性已重新应用
[Arena] ===== 角色切换结束 =====
[PlayerBase] SkillManager already exists (created by child: @Node@2955), loaded=3, skip auto create
[Arena] 玩家死亡信号已连接
[Arena] ===== 角色切换开始 =====
[Arena] 收到角色切换请求: quartermaster
[Arena] 跳过自动保存（QEF测试模式）: character_switch
[Arena] 当前玩家: quartermaster
[Arena] 当前玩家位置: (500.0, 300.0)
[Arena] 不清理旧玩家的技能效果（默认行为）
[Arena] 调用 player.queue_free()
[Arena] 等待一帧...
[DebugSwitcher] recording started: d:/Godot/Production/PolyLash_Project/.godot_cli/Roaming/Godot/app_userdata/PolyLash/qa_reports/input_recordings/player_ops_20260315_121316_418_quartermaster.json
[Arena] 等待完成，开始生成新角色
[Arena] _spawn_player 开始: player_id=quartermaster, pos=(500.0, 300.0)
[Arena] Global.selected_player_weapons = { "quartermaster": "punch", "paladin": "punch", "bloodsworn": "punch" }
[Arena] visual_config: { "player_id": "quartermaster", "sprite_path": "res://assets/sprites/Players/Player_15.png", "scene_path": "res://scenes/unit/players/player_generic.tscn", "scale_x": 1.0, "scale_y": 1.0, "color_r": 1.0, "color_g": 1.0, "color_b": 1.0, "color_a": 1.0, "z_index": 1.0 }
[Arena] 创建角色: quartermaster
[PlayerFactory] 设置 player_id: quartermaster
[PlayerFactory] 已加载脚本: res://scenes/unit/players/player_quartermaster.gd (player_id=quartermaster)
[PlayerFactory] 成功创建角色: quartermaster
[Arena] 警告: player_id 不匹配，重新设置:  -> quartermaster
[PlayerBase] player quartermaster has no equipped item
[ItemWeapon] 尝试加载武器场景: res://scenes/weapons/melee/weapon_melee_point.tscn
[ItemWeapon] 成功加载武器场景: res://scenes/weapons/melee/weapon_melee_point.tscn
[Player] weapon added: 拳头1级 (punch_1)
[Weapon] _ready() - Sprite2D 初始化:
  - 可见性: true
  - z_index: 2
  - 缩放: (1.0, 1.0)
  - 位置: (27.0, 0.0)
  - Sprite2D 全局位置: (527.0, 300.0)
  - Weapon 全局位置: (500.0, 300.0)
[Player] weapon node added to scene
[Player] weapon position: (0.0, 0.0)
[Player] weapon global position: (500.0, 300.0)
[Player] weapon visible: true
[Player] weapon z_index: 0
[Weapon] 加载贴图: res://assets/sprites/Weapons/Melee/Weapon_Punch.png
[Weapon] Sprite2D 可见性: true
[Weapon] Sprite2D 位置: (27.0, 0.0)
[Weapon] Sprite2D 缩放: (1.0, 1.0)
[Weapon] 贴图大小: (200.0, 100.0)
[Weapon] 武器设置完成: 拳头1级 (punch_1)
  - 类型: MELEE
  - 等级: 1
  - 形状类型: point
  - 子弹模式: 未指定
  - 碰撞体: 由 MeleeBehavior 动态创建
  - 基础场景: res://scenes/weapons/melee/weapon_melee_point.tscn
[Player] weapon position after layout: (0.0, -15.0)
[Player] weapon global position after layout: (500.0, 285.0)
[PlayerBase] player quartermaster loaded 1 weapons
[PlayerBase] death signal connected
[PlayerBase] start loading ultimate, player_id = quartermaster
[PlayerBase] ultimate config loaded: { "ult_id": "quartermaster_ult", "name": "火力链路", "duration": 10.0, "energy_cost": 40.0, "bonus_bond_tag": "assist", "visual_color_hex": "#999933", "scale_multiplier": 1.2, "explosion_radius": 240.0, "explosion_damage_scale": 1.1, "description": "军需官进入火力链路并增强压制节奏", "f_role_id": "quartermaster", "f_internal_cd": 0.95, "f_q_line_amp": 1.52, "f_q_closure_amp": 1.98, "f_special_value_1": 1.18, "f_special_value_2": 240.0, "f_special_value_3": 0.31, "f_bond_o_payload": "tag:alchemist|lv2:0.12|lv3:0.24|axis:line", "f_bond_m_payload": "tag:blaster|lv2:0.16|lv3:0.32|axis:closure", "f_bond_t_payload": "tag:assist|lv2:0.10|lv3:0.20|axis:tempo" }
[PlayerBase] ultimate script loaded: (res://scenes/skills/players/f_roles/skill_quartermaster_f.gd):<GDScript#-9223371553570289060>
[PlayerBase] ultimate node created
[PlayerBase] ultimate load complete: 火力链路
[SkillDrawingBase] _ready(): skill_quartermaster_q, skill_owner=PlayerGeneric:<Area2D#1834840233357>
[SkillDrawingBase] Line2D 创建成功: skill_quartermaster_q
[Arena] 生成角色成功: quartermaster 在位置 (500.0, 300.0)
[PlayerBase] Bond stat modifiers applied:
  HP: 108 -> 108
  Speed: 500
  EnergyRegen: 0.7
  PickupRange: 150
  Damage: 10
[Arena] ✅ 角色切换后羁绊属性已重新应用
[Arena] ===== 角色切换结束 =====
[PlayerBase] SkillManager already exists (created by child: @Node@2965), loaded=3, skip auto create
[Arena] 玩家死亡信号已连接
[skill_quartermaster_q] ===== 鏉╂稑鍙嗙憴鍕灊濡€崇础 ===== 鐠ч鍋? (500.0002, 299.364), line_2d閺堝鏅? true
[PlayerBase] Q released -> release_skill('q')
[skill_quartermaster_q] ===== 退出规划模式 ===== 点数: 65, 闭合: false
[skill_quartermaster_q] 最终闭合判定: false
[skill_quartermaster_q] 閻㈢喐鍨氬鈧弨鎹愮熅瀵板嫭鏅ラ弸婊愮礉閸樼喎顫愰悙瑙勬殶: 65, 閸氬牆鑻熺痪鎸庮唽閺? 6
[skill_quartermaster_q] open-path effects spawned
[ExplosionArea] 检测到 0 个重叠区域
[ExplosionArea] 共击中 0 个敌人
[ExplosionArea] 检测到 0 个重叠区域
[ExplosionArea] 共击中 0 个敌人
[ExplosionArea] 检测到 1 个重叠区域
[ExplosionArea] 区域 1: HurtboxComponent -> 父节点: CLIEnemy_(120_0, 90_0) (类型: Area2D)
[ExplosionArea]   ⚠️ 使用备用伤害方案
[ExplosionArea]   ✅ 造成伤害(备用): 0.0 -> CLIEnemy_(120_0, 90_0)
[ExplosionArea] 共击中 1 个敌人
[ExplosionArea] 检测到 0 个重叠区域
[ExplosionArea] 共击中 0 个敌人
[ExplosionArea] 检测到 0 个重叠区域
[ExplosionArea] 共击中 0 个敌人
[ExplosionArea] 检测到 0 个重叠区域
[ExplosionArea] 共击中 0 个敌人
[ExplosionArea] 检测到 0 个重叠区域
[ExplosionArea] 共击中 0 个敌人
[ExplosionArea] 检测到 0 个重叠区域
[ExplosionArea] 共击中 0 个敌人
[ExplosionArea] 检测到 0 个重叠区域
[ExplosionArea] 共击中 0 个敌人
[ExplosionArea] 检测到 0 个重叠区域
[ExplosionArea] 共击中 0 个敌人
[PlayerBase] E pressed -> execute_skill('e')
[ExplosionArea] 检测到 0 个重叠区域
[ExplosionArea] 共击中 0 个敌人
[ExplosionArea] 检测到 0 个重叠区域
[ExplosionArea] 共击中 0 个敌人
[ExplosionArea] 检测到 0 个重叠区域
[ExplosionArea] 共击中 0 个敌人
[ExplosionArea] 检测到 0 个重叠区域
[ExplosionArea] 共击中 0 个敌人
[ExplosionArea] 检测到 0 个重叠区域
[ExplosionArea] 共击中 0 个敌人
[ExplosionArea] 检测到 0 个重叠区域
[ExplosionArea] 共击中 0 个敌人
[HealthComponent] 血量归零，触发死亡信号
[PlayerBase] F pressed, ultimate_skill = UltimateSkill:<Node#1836568284224>
[PlayerBase] try activate ultimate, energy: 100.0%
[HealthComponent] 已经死亡，忽略伤害
[HealthComponent] 已经死亡，忽略伤害
[HealthComponent] 已经死亡，忽略伤害
[ExplosionArea] 检测到 0 个重叠区域
[ExplosionArea] 共击中 0 个敌人
[ExplosionArea] 检测到 0 个重叠区域
[ExplosionArea] 共击中 0 个敌人
[ExplosionArea] 检测到 0 个重叠区域
[ExplosionArea] 共击中 0 个敌人
[ExplosionArea] 检测到 0 个重叠区域
[ExplosionArea] 共击中 0 个敌人
[ExplosionArea] 检测到 0 个重叠区域
[ExplosionArea] 共击中 0 个敌人
[ExplosionArea] 检测到 0 个重叠区域
[ExplosionArea] 共击中 0 个敌人
[HealthComponent] 已经死亡，忽略伤害
[DebugSwitcher] record saved: d:/Godot/Production/PolyLash_Project/.godot_cli/Roaming/Godot/app_userdata/PolyLash/qa_reports/input_recordings/player_ops_20260315_121316_418_quartermaster.json
[DebugSwitcher] test mode disabled
[BackgroundManager] 地图纹理大小: (994.000000, 460.000000)
[BackgroundManager] 初始化完成 - 瓦片大小: 2000, 已生成: 25 个瓦片
[ChestManager] 初始化完成 - 生成 2 个宝箱（分散布局）
[ChestManager] 初始化完成 - 预生成 2 个宝箱位置
[ChestIndicator] indicator_show_range = 3000 (from map_config.csv)
[ExitConfirmDialog] _ready() called
[Arena] _ready() 开始
[Arena] 已添加到 arena 组
[Arena] 已启用波末战利品模式，禁用旧宝箱流程
[Arena] 暂停菜单已初始化
[Arena] 商店面板已连接
[Arena] WaveRewardSystem 已创建
[Arena] WaveRewardPanel 已添加到 GameUI
[Arena] WildcardPanel 已添加到 GameUI
[Arena] BattleFlowController 已初始化
[Arena] Spawner 波次完成信号已连接
[Arena] 准备初始化玩家...
[Arena] _init_player_from_selection 开始
[Arena] selected_player_ids: ["quartermaster"]
[Arena] selected_player_weapons: { "quartermaster": "punch" }
WARNING: [ConfigManager] game_config 缺少键 'enable_wave_recruit_mode'，使用默认值: 1
   at: push_warning (core/variant/variant_utility.cpp:1034)
   GDScript backtrace (most recent call first):
       [0] get_game_setting (res://autoloads/config_manager.gd:590)
       [1] is_wave_recruit_mode_enabled (res://autoloads/global.gd:298)
       [2] enter_wave_recruit_mode (res://autoloads/global.gd:303)
       [3] _init_player_from_selection (res://scenes/arena/arena_core.gd:467)
       [4] _ready (res://scenes/arena/arena_core.gd:117)
[Arena] 场景中没有默认玩家，直接生成选择的角色
[Arena] _spawn_player 开始: player_id=quartermaster, pos=(500.0, 300.0)
[Arena] Global.selected_player_weapons = { "quartermaster": "punch" }
[Arena] visual_config: { "player_id": "quartermaster", "sprite_path": "res://assets/sprites/Players/Player_15.png", "scene_path": "res://scenes/unit/players/player_generic.tscn", "scale_x": 1.0, "scale_y": 1.0, "color_r": 1.0, "color_g": 1.0, "color_b": 1.0, "color_a": 1.0, "z_index": 1.0 }
[Arena] 创建角色: quartermaster
[PlayerFactory] 设置 player_id: quartermaster
[PlayerFactory] 已加载脚本: res://scenes/unit/players/player_quartermaster.gd (player_id=quartermaster)
[PlayerFactory] 成功创建角色: quartermaster
[Arena] 警告: player_id 不匹配，重新设置:  -> quartermaster
[PlayerBase] player quartermaster has no equipped item
[ItemWeapon] 尝试加载武器场景: res://scenes/weapons/melee/weapon_melee_point.tscn
[ItemWeapon] 成功加载武器场景: res://scenes/weapons/melee/weapon_melee_point.tscn
[Player] weapon added: 拳头1级 (punch_1)
[Weapon] _ready() - Sprite2D 初始化:
  - 可见性: true
  - z_index: 2
  - 缩放: (1.0, 1.0)
  - 位置: (27.0, 0.0)
  - Sprite2D 全局位置: (527.0, 300.0)
  - Weapon 全局位置: (500.0, 300.0)
[Player] weapon node added to scene
[Player] weapon position: (0.0, 0.0)
[Player] weapon global position: (500.0, 300.0)
[Player] weapon visible: true
[Player] weapon z_index: 0
[Weapon] 加载贴图: res://assets/sprites/Weapons/Melee/Weapon_Punch.png
[Weapon] Sprite2D 可见性: true
[Weapon] Sprite2D 位置: (27.0, 0.0)
[Weapon] Sprite2D 缩放: (1.0, 1.0)
[Weapon] 贴图大小: (200.0, 100.0)
[Weapon] 武器设置完成: 拳头1级 (punch_1)
  - 类型: MELEE
  - 等级: 1
  - 形状类型: point
  - 子弹模式: 未指定
  - 碰撞体: 由 MeleeBehavior 动态创建
  - 基础场景: res://scenes/weapons/melee/weapon_melee_point.tscn
[Player] weapon position after layout: (0.0, -15.0)
[Player] weapon global position after layout: (500.0, 285.0)
[PlayerBase] player quartermaster loaded 1 weapons
[PlayerBase] death signal connected
[PlayerBase] start loading ultimate, player_id = quartermaster
[PlayerBase] ultimate config loaded: { "ult_id": "quartermaster_ult", "name": "火力链路", "duration": 10.0, "energy_cost": 40.0, "bonus_bond_tag": "assist", "visual_color_hex": "#999933", "scale_multiplier": 1.2, "explosion_radius": 240.0, "explosion_damage_scale": 1.1, "description": "军需官进入火力链路并增强压制节奏", "f_role_id": "quartermaster", "f_internal_cd": 0.95, "f_q_line_amp": 1.52, "f_q_closure_amp": 1.98, "f_special_value_1": 1.18, "f_special_value_2": 240.0, "f_special_value_3": 0.31, "f_bond_o_payload": "tag:alchemist|lv2:0.12|lv3:0.24|axis:line", "f_bond_m_payload": "tag:blaster|lv2:0.16|lv3:0.32|axis:closure", "f_bond_t_payload": "tag:assist|lv2:0.10|lv3:0.20|axis:tempo" }
[PlayerBase] ultimate script loaded: (res://scenes/skills/players/f_roles/skill_quartermaster_f.gd):<GDScript#-9223371553570289060>
[PlayerBase] ultimate node created
[PlayerBase] ultimate load complete: 火力链路
[SkillDrawingBase] _ready(): skill_quartermaster_q, skill_owner=PlayerGeneric:<Area2D#1913089167098>
[SkillDrawingBase] Line2D 创建成功: skill_quartermaster_q
[Arena] 生成角色成功: quartermaster 在位置 (500.0, 300.0)
[Arena] 玩家初始化完成
[CharacterSlot] 加载角色图标: quartermaster -> res://assets/sprites/Players/Player_15.png
[SquadHUD] 初始化 1 个角色卡槽
[Arena] 小队 HUD 初始化完成
[Arena] ===== _init_bond_hud() 开始 =====
[Arena] ✅ 找到 GameUI 节点: /root/Arena/GameUI
[Arena] ✅ BondHUD 场景加载成功
[Arena] ✅ BondHUD 实例化成功
[Arena] ✅ BondHUD 已添加到 GameUI
[Arena] BondHUD 路径: /root/Arena/GameUI/BondHUD
[Arena] BondHUD 可见性: true
[Arena] _ready() 完成，飘字保护已解除
[PlayerBase] SkillManager already exists (created by child: @Node@3400), loaded=3, skip auto create
[Arena] ===== 角色切换开始 =====
[Arena] 收到角色切换请求: quartermaster
[Arena] 跳过自动保存（QEF测试模式）: character_switch
[Arena] 当前玩家: quartermaster
[Arena] 当前玩家位置: (500.0, 300.0)
[Arena] 不清理旧玩家的技能效果（默认行为）
[Arena] 调用 player.queue_free()
[Arena] 等待一帧...
[DebugSwitcher] test mode enabled: wave_time=999, key8 toggles recording
[Arena] 玩家死亡信号已连接
[Arena] 触发 BondManager 重新计算羁绊...
[Arena] 当前队伍: ["quartermaster", "paladin", "bloodsworn"]
[Arena] ✅ 羁绊计算完成
[PlayerBase] Bond stat modifiers applied:
  HP: 108 -> 108
  Speed: 500
  EnergyRegen: 0.7
  PickupRange: 150
  Damage: 10
[Arena] ✅ 羁绊属性已应用到玩家
[Arena] ===== _init_bond_hud() 完成 =====
[Arena] 玩家死亡信号已连接
[Arena] 等待完成，开始生成新角色
[Arena] _spawn_player 开始: player_id=quartermaster, pos=(500.0, 300.0)
[Arena] Global.selected_player_weapons = { "quartermaster": "punch", "paladin": "punch", "bloodsworn": "punch" }
[Arena] visual_config: { "player_id": "quartermaster", "sprite_path": "res://assets/sprites/Players/Player_15.png", "scene_path": "res://scenes/unit/players/player_generic.tscn", "scale_x": 1.0, "scale_y": 1.0, "color_r": 1.0, "color_g": 1.0, "color_b": 1.0, "color_a": 1.0, "z_index": 1.0 }
[Arena] 创建角色: quartermaster
[PlayerFactory] 设置 player_id: quartermaster
[PlayerFactory] 已加载脚本: res://scenes/unit/players/player_quartermaster.gd (player_id=quartermaster)
[PlayerFactory] 成功创建角色: quartermaster
[Arena] 警告: player_id 不匹配，重新设置:  -> quartermaster
[PlayerBase] player quartermaster has no equipped item
[ItemWeapon] 尝试加载武器场景: res://scenes/weapons/melee/weapon_melee_point.tscn
[ItemWeapon] 成功加载武器场景: res://scenes/weapons/melee/weapon_melee_point.tscn
[Player] weapon added: 拳头1级 (punch_1)
[Weapon] _ready() - Sprite2D 初始化:
  - 可见性: true
  - z_index: 2
  - 缩放: (1.0, 1.0)
  - 位置: (27.0, 0.0)
  - Sprite2D 全局位置: (527.0, 300.0)
  - Weapon 全局位置: (500.0, 300.0)
[Player] weapon node added to scene
[Player] weapon position: (0.0, 0.0)
[Player] weapon global position: (500.0, 300.0)
[Player] weapon visible: true
[Player] weapon z_index: 0
[Weapon] 加载贴图: res://assets/sprites/Weapons/Melee/Weapon_Punch.png
[Weapon] Sprite2D 可见性: true
[Weapon] Sprite2D 位置: (27.0, 0.0)
[Weapon] Sprite2D 缩放: (1.0, 1.0)
[Weapon] 贴图大小: (200.0, 100.0)
[Weapon] 武器设置完成: 拳头1级 (punch_1)
  - 类型: MELEE
  - 等级: 1
  - 形状类型: point
  - 子弹模式: 未指定
  - 碰撞体: 由 MeleeBehavior 动态创建
  - 基础场景: res://scenes/weapons/melee/weapon_melee_point.tscn
[Player] weapon position after layout: (0.0, -15.0)
[Player] weapon global position after layout: (500.0, 285.0)
[PlayerBase] player quartermaster loaded 1 weapons
[PlayerBase] death signal connected
[PlayerBase] start loading ultimate, player_id = quartermaster
[PlayerBase] ultimate config loaded: { "ult_id": "quartermaster_ult", "name": "火力链路", "duration": 10.0, "energy_cost": 40.0, "bonus_bond_tag": "assist", "visual_color_hex": "#999933", "scale_multiplier": 1.2, "explosion_radius": 240.0, "explosion_damage_scale": 1.1, "description": "军需官进入火力链路并增强压制节奏", "f_role_id": "quartermaster", "f_internal_cd": 0.95, "f_q_line_amp": 1.52, "f_q_closure_amp": 1.98, "f_special_value_1": 1.18, "f_special_value_2": 240.0, "f_special_value_3": 0.31, "f_bond_o_payload": "tag:alchemist|lv2:0.12|lv3:0.24|axis:line", "f_bond_m_payload": "tag:blaster|lv2:0.16|lv3:0.32|axis:closure", "f_bond_t_payload": "tag:assist|lv2:0.10|lv3:0.20|axis:tempo" }
[PlayerBase] ultimate script loaded: (res://scenes/skills/players/f_roles/skill_quartermaster_f.gd):<GDScript#-9223371553570289060>
[PlayerBase] ultimate node created
[PlayerBase] ultimate load complete: 火力链路
[SkillDrawingBase] _ready(): skill_quartermaster_q, skill_owner=PlayerGeneric:<Area2D#1924430565114>
[SkillDrawingBase] Line2D 创建成功: skill_quartermaster_q
[Arena] 生成角色成功: quartermaster 在位置 (500.0, 300.0)
[PlayerBase] Bond stat modifiers applied:
  HP: 108 -> 108
  Speed: 500
  EnergyRegen: 0.7
  PickupRange: 150
  Damage: 10
[Arena] ✅ 角色切换后羁绊属性已重新应用
[Arena] ===== 角色切换结束 =====
[PlayerBase] SkillManager already exists (created by child: @Node@3412), loaded=3, skip auto create
[Arena] 玩家死亡信号已连接
[DebugSwitcher] replay started: d:/Godot/Production/PolyLash_Project/.godot_cli/Roaming/Godot/app_userdata/PolyLash/qa_reports/input_recordings/player_ops_20260315_121316_418_quartermaster.json
[Arena] ===== 角色切换开始 =====
[Arena] 收到角色切换请求: quartermaster
[Arena] 跳过自动保存（QEF测试模式）: character_switch
[Arena] 当前玩家: quartermaster
[Arena] 当前玩家位置: (500.0, 300.0)
[Arena] 不清理旧玩家的技能效果（默认行为）
[Arena] 调用 player.queue_free()
[Arena] 等待一帧...
[Arena] 等待完成，开始生成新角色
[Arena] _spawn_player 开始: player_id=quartermaster, pos=(500.0, 300.0)
[Arena] Global.selected_player_weapons = { "bloodsworn": "punch", "paladin": "punch", "quartermaster": "punch" }
[Arena] visual_config: { "player_id": "quartermaster", "sprite_path": "res://assets/sprites/Players/Player_15.png", "scene_path": "res://scenes/unit/players/player_generic.tscn", "scale_x": 1.0, "scale_y": 1.0, "color_r": 1.0, "color_g": 1.0, "color_b": 1.0, "color_a": 1.0, "z_index": 1.0 }
[Arena] 创建角色: quartermaster
[PlayerFactory] 设置 player_id: quartermaster
[PlayerFactory] 已加载脚本: res://scenes/unit/players/player_quartermaster.gd (player_id=quartermaster)
[PlayerFactory] 成功创建角色: quartermaster
[Arena] 警告: player_id 不匹配，重新设置:  -> quartermaster
[PlayerBase] player quartermaster has no equipped item
[ItemWeapon] 尝试加载武器场景: res://scenes/weapons/melee/weapon_melee_point.tscn
[ItemWeapon] 成功加载武器场景: res://scenes/weapons/melee/weapon_melee_point.tscn
[Player] weapon added: 拳头1级 (punch_1)
[Weapon] _ready() - Sprite2D 初始化:
  - 可见性: true
  - z_index: 2
  - 缩放: (1.0, 1.0)
  - 位置: (27.0, 0.0)
  - Sprite2D 全局位置: (527.0, 300.0)
  - Weapon 全局位置: (500.0, 300.0)
[Player] weapon node added to scene
[Player] weapon position: (0.0, 0.0)
[Player] weapon global position: (500.0, 300.0)
[Player] weapon visible: true
[Player] weapon z_index: 0
[Weapon] 加载贴图: res://assets/sprites/Weapons/Melee/Weapon_Punch.png
[Weapon] Sprite2D 可见性: true
[Weapon] Sprite2D 位置: (27.0, 0.0)
[Weapon] Sprite2D 缩放: (1.0, 1.0)
[Weapon] 贴图大小: (200.0, 100.0)
[Weapon] 武器设置完成: 拳头1级 (punch_1)
  - 类型: MELEE
  - 等级: 1
  - 形状类型: point
  - 子弹模式: 未指定
  - 碰撞体: 由 MeleeBehavior 动态创建
  - 基础场景: res://scenes/weapons/melee/weapon_melee_point.tscn
[Player] weapon position after layout: (0.0, -15.0)
[Player] weapon global position after layout: (500.0, 285.0)
[PlayerBase] player quartermaster loaded 1 weapons
[PlayerBase] death signal connected
[PlayerBase] start loading ultimate, player_id = quartermaster
[PlayerBase] ultimate config loaded: { "ult_id": "quartermaster_ult", "name": "火力链路", "duration": 10.0, "energy_cost": 40.0, "bonus_bond_tag": "assist", "visual_color_hex": "#999933", "scale_multiplier": 1.2, "explosion_radius": 240.0, "explosion_damage_scale": 1.1, "description": "军需官进入火力链路并增强压制节奏", "f_role_id": "quartermaster", "f_internal_cd": 0.95, "f_q_line_amp": 1.52, "f_q_closure_amp": 1.98, "f_special_value_1": 1.18, "f_special_value_2": 240.0, "f_special_value_3": 0.31, "f_bond_o_payload": "tag:alchemist|lv2:0.12|lv3:0.24|axis:line", "f_bond_m_payload": "tag:blaster|lv2:0.16|lv3:0.32|axis:closure", "f_bond_t_payload": "tag:assist|lv2:0.10|lv3:0.20|axis:tempo" }
[PlayerBase] ultimate script loaded: (res://scenes/skills/players/f_roles/skill_quartermaster_f.gd):<GDScript#-9223371553570289060>
[PlayerBase] ultimate node created
[PlayerBase] ultimate load complete: 火力链路
[SkillDrawingBase] _ready(): skill_quartermaster_q, skill_owner=PlayerGeneric:<Area2D#1945938954285>
[SkillDrawingBase] Line2D 创建成功: skill_quartermaster_q
[Arena] 生成角色成功: quartermaster 在位置 (500.0, 300.0)
[PlayerBase] Bond stat modifiers applied:
  HP: 108 -> 108
  Speed: 500
  EnergyRegen: 0.7
  PickupRange: 150
  Damage: 10
[Arena] ✅ 角色切换后羁绊属性已重新应用
[Arena] ===== 角色切换结束 =====
[PlayerBase] SkillManager already exists (created by child: @Node@3422), loaded=3, skip auto create
[Arena] 玩家死亡信号已连接
[skill_quartermaster_q] ===== 鏉╂稑鍙嗙憴鍕灊濡€崇础 ===== 鐠ч鍋? (500.0002, 299.364), line_2d閺堝鏅? true
[HealthComponent] 血量归零，触发死亡信号
[PlayerBase] Q released -> release_skill('q')
[skill_quartermaster_q] ===== 退出规划模式 ===== 点数: 73, 闭合: true
[skill_quartermaster_q] 最终闭合判定: true
[PolygonUtils] 交叉点数量: 2
[PolygonUtils] 排序后: ["[0,4]", "[1,4]"]
[PolygonUtils] 8字形检测: i1=0, j1=4, i2=1, j2=4
[PolygonUtils] ⚠️ 非标准8字形，单独处理每个交叉点
[PolygonUtils] 提取完成，共 0 个区域
[PlayerBase] E pressed -> execute_skill('e')
[ExplosionArea] 检测到 0 个重叠区域
[ExplosionArea] 共击中 0 个敌人
[PlayerBase] F pressed, ultimate_skill = UltimateSkill:<Node#1947667009239>
[PlayerBase] try activate ultimate, energy: 100.0%
[DebugSwitcher] replay finished
[DebugSwitcher] test mode disabled
[BackgroundManager] 地图纹理大小: (994.000000, 460.000000)
[BackgroundManager] 初始化完成 - 瓦片大小: 2000, 已生成: 25 个瓦片
[ChestManager] 初始化完成 - 生成 2 个宝箱（分散布局）
[ChestManager] 初始化完成 - 预生成 2 个宝箱位置
[ChestIndicator] indicator_show_range = 3000 (from map_config.csv)
[ExitConfirmDialog] _ready() called
[Arena] _ready() 开始
[Arena] 已添加到 arena 组
[Arena] 已启用波末战利品模式，禁用旧宝箱流程
[Arena] 暂停菜单已初始化
[Arena] 商店面板已连接
[Arena] WaveRewardSystem 已创建
[Arena] WaveRewardPanel 已添加到 GameUI
[Arena] WildcardPanel 已添加到 GameUI
[Arena] BattleFlowController 已初始化
[Arena] Spawner 波次完成信号已连接
[Arena] 准备初始化玩家...
[Arena] _init_player_from_selection 开始
[Arena] selected_player_ids: ["singularist"]
[Arena] selected_player_weapons: { "singularist": "punch" }
WARNING: [ConfigManager] game_config 缺少键 'enable_wave_recruit_mode'，使用默认值: 1
   at: push_warning (core/variant/variant_utility.cpp:1034)
   GDScript backtrace (most recent call first):
       [0] get_game_setting (res://autoloads/config_manager.gd:590)
       [1] is_wave_recruit_mode_enabled (res://autoloads/global.gd:298)
       [2] enter_wave_recruit_mode (res://autoloads/global.gd:303)
       [3] _init_player_from_selection (res://scenes/arena/arena_core.gd:467)
       [4] _ready (res://scenes/arena/arena_core.gd:117)
[Arena] 场景中没有默认玩家，直接生成选择的角色
[Arena] _spawn_player 开始: player_id=singularist, pos=(500.0, 300.0)
[Arena] Global.selected_player_weapons = { "singularist": "punch" }
[Arena] visual_config: { "player_id": "singularist", "sprite_path": "res://assets/sprites/Players/Player_2.png", "scene_path": "res://scenes/unit/players/player_generic.tscn", "scale_x": 1.0, "scale_y": 1.0, "color_r": 1.0, "color_g": 1.0, "color_b": 1.0, "color_a": 1.0, "z_index": 1.0 }
[Arena] 创建角色: singularist
[PlayerFactory] 设置 player_id: singularist
[PlayerFactory] 已加载脚本: res://scenes/unit/players/player_singularist.gd (player_id=singularist)
[PlayerFactory] 成功创建角色: singularist
[Arena] 警告: player_id 不匹配，重新设置:  -> singularist
[PlayerBase] player singularist has no equipped item
[ItemWeapon] 尝试加载武器场景: res://scenes/weapons/melee/weapon_melee_point.tscn
[ItemWeapon] 成功加载武器场景: res://scenes/weapons/melee/weapon_melee_point.tscn
[Player] weapon added: 拳头1级 (punch_1)
[Weapon] _ready() - Sprite2D 初始化:
  - 可见性: true
  - z_index: 2
  - 缩放: (1.0, 1.0)
  - 位置: (27.0, 0.0)
  - Sprite2D 全局位置: (527.0, 300.0)
  - Weapon 全局位置: (500.0, 300.0)
[Player] weapon node added to scene
[Player] weapon position: (0.0, 0.0)
[Player] weapon global position: (500.0, 300.0)
[Player] weapon visible: true
[Player] weapon z_index: 0
[Weapon] 加载贴图: res://assets/sprites/Weapons/Melee/Weapon_Punch.png
[Weapon] Sprite2D 可见性: true
[Weapon] Sprite2D 位置: (27.0, 0.0)
[Weapon] Sprite2D 缩放: (1.0, 1.0)
[Weapon] 贴图大小: (200.0, 100.0)
[Weapon] 武器设置完成: 拳头1级 (punch_1)
  - 类型: MELEE
  - 等级: 1
  - 形状类型: point
  - 子弹模式: 未指定
  - 碰撞体: 由 MeleeBehavior 动态创建
  - 基础场景: res://scenes/weapons/melee/weapon_melee_point.tscn
[Player] weapon position after layout: (0.0, -15.0)
[Player] weapon global position after layout: (500.0, 285.0)
[PlayerBase] player singularist loaded 1 weapons
[PlayerBase] death signal connected
[PlayerBase] start loading ultimate, player_id = singularist
[PlayerBase] ultimate config loaded: { "ult_id": "singularist_ult", "name": "奇点牵引", "duration": 10.0, "energy_cost": 40.0, "bonus_bond_tag": "commander", "visual_color_hex": "#6A0DAD", "scale_multiplier": 1.2, "explosion_radius": 260.0, "explosion_damage_scale": 1.1, "description": "坍缩师启动奇点牵引并强化坍缩爆发", "f_role_id": "singularist", "f_internal_cd": 0.9, "f_q_line_amp": 1.57, "f_q_closure_amp": 2.04, "f_special_value_1": 1.26, "f_special_value_2": 265.0, "f_special_value_3": 0.28, "f_bond_o_payload": "tag:nomad|lv2:0.12|lv3:0.24|axis:line", "f_bond_m_payload": "tag:blaster|lv2:0.16|lv3:0.32|axis:closure", "f_bond_t_payload": "tag:commander|lv2:0.10|lv3:0.20|axis:tempo" }
[PlayerBase] ultimate script loaded: (res://scenes/skills/players/f_roles/skill_singularist_f.gd):<GDScript#-9223369711431972357>
[PlayerBase] ultimate node created
[PlayerBase] ultimate load complete: 奇点牵引
[SkillDrawingBase] _ready(): skill_singularist_q, skill_owner=PlayerGeneric:<Area2D#2323124325995>
[SkillDrawingBase] Line2D 创建成功: skill_singularist_q
[Arena] 生成角色成功: singularist 在位置 (500.0, 300.0)
[Arena] 玩家初始化完成
[CharacterSlot] 加载角色图标: singularist -> res://assets/sprites/Players/Player_2.png
[SquadHUD] 初始化 1 个角色卡槽
[Arena] 小队 HUD 初始化完成
[Arena] ===== _init_bond_hud() 开始 =====
[Arena] ✅ 找到 GameUI 节点: /root/Arena/GameUI
[Arena] ✅ BondHUD 场景加载成功
[Arena] ✅ BondHUD 实例化成功
[Arena] ✅ BondHUD 已添加到 GameUI
[Arena] BondHUD 路径: /root/Arena/GameUI/BondHUD
[Arena] BondHUD 可见性: true
[Arena] _ready() 完成，飘字保护已解除
[PlayerBase] SkillManager already exists (created by child: @Node@3471), loaded=3, skip auto create
[Arena] ===== 角色切换开始 =====
[Arena] 收到角色切换请求: singularist
[Arena] 跳过自动保存（QEF测试模式）: character_switch
[Arena] 当前玩家: singularist
[Arena] 当前玩家位置: (500.0, 300.0)
[Arena] 不清理旧玩家的技能效果（默认行为）
[Arena] 调用 player.queue_free()
[Arena] 等待一帧...
[DebugSwitcher] test mode enabled: wave_time=999, key8 toggles recording
[Arena] 玩家死亡信号已连接
[Arena] 触发 BondManager 重新计算羁绊...
[Arena] 当前队伍: ["gildhand", "singularist", "executioner"]
[Arena] ✅ 羁绊计算完成
[PlayerBase] Bond stat modifiers applied:
  HP: 103 -> 103
  Speed: 510
  EnergyRegen: 0.8
  PickupRange: 150
  Damage: 10
[Arena] ✅ 羁绊属性已应用到玩家
[Arena] ===== _init_bond_hud() 完成 =====
[Arena] 玩家死亡信号已连接
[Arena] 等待完成，开始生成新角色
[Arena] _spawn_player 开始: player_id=singularist, pos=(500.0, 300.0)
[Arena] Global.selected_player_weapons = { "gildhand": "punch", "singularist": "punch", "executioner": "punch" }
[Arena] visual_config: { "player_id": "singularist", "sprite_path": "res://assets/sprites/Players/Player_2.png", "scene_path": "res://scenes/unit/players/player_generic.tscn", "scale_x": 1.0, "scale_y": 1.0, "color_r": 1.0, "color_g": 1.0, "color_b": 1.0, "color_a": 1.0, "z_index": 1.0 }
[Arena] 创建角色: singularist
[PlayerFactory] 设置 player_id: singularist
[PlayerFactory] 已加载脚本: res://scenes/unit/players/player_singularist.gd (player_id=singularist)
[PlayerFactory] 成功创建角色: singularist
[Arena] 警告: player_id 不匹配，重新设置:  -> singularist
[PlayerBase] player singularist has no equipped item
[ItemWeapon] 尝试加载武器场景: res://scenes/weapons/melee/weapon_melee_point.tscn
[ItemWeapon] 成功加载武器场景: res://scenes/weapons/melee/weapon_melee_point.tscn
[Player] weapon added: 拳头1级 (punch_1)
[Weapon] _ready() - Sprite2D 初始化:
  - 可见性: true
  - z_index: 2
  - 缩放: (1.0, 1.0)
  - 位置: (27.0, 0.0)
  - Sprite2D 全局位置: (527.0, 300.0)
  - Weapon 全局位置: (500.0, 300.0)
[Player] weapon node added to scene
[Player] weapon position: (0.0, 0.0)
[Player] weapon global position: (500.0, 300.0)
[Player] weapon visible: true
[Player] weapon z_index: 0
[Weapon] 加载贴图: res://assets/sprites/Weapons/Melee/Weapon_Punch.png
[Weapon] Sprite2D 可见性: true
[Weapon] Sprite2D 位置: (27.0, 0.0)
[Weapon] Sprite2D 缩放: (1.0, 1.0)
[Weapon] 贴图大小: (200.0, 100.0)
[Weapon] 武器设置完成: 拳头1级 (punch_1)
  - 类型: MELEE
  - 等级: 1
  - 形状类型: point
  - 子弹模式: 未指定
  - 碰撞体: 由 MeleeBehavior 动态创建
  - 基础场景: res://scenes/weapons/melee/weapon_melee_point.tscn
[Player] weapon position after layout: (0.0, -15.0)
[Player] weapon global position after layout: (500.0, 285.0)
[PlayerBase] player singularist loaded 1 weapons
[PlayerBase] death signal connected
[PlayerBase] start loading ultimate, player_id = singularist
[PlayerBase] ultimate config loaded: { "ult_id": "singularist_ult", "name": "奇点牵引", "duration": 10.0, "energy_cost": 40.0, "bonus_bond_tag": "commander", "visual_color_hex": "#6A0DAD", "scale_multiplier": 1.2, "explosion_radius": 260.0, "explosion_damage_scale": 1.1, "description": "坍缩师启动奇点牵引并强化坍缩爆发", "f_role_id": "singularist", "f_internal_cd": 0.9, "f_q_line_amp": 1.57, "f_q_closure_amp": 2.04, "f_special_value_1": 1.26, "f_special_value_2": 265.0, "f_special_value_3": 0.28, "f_bond_o_payload": "tag:nomad|lv2:0.12|lv3:0.24|axis:line", "f_bond_m_payload": "tag:blaster|lv2:0.16|lv3:0.32|axis:closure", "f_bond_t_payload": "tag:commander|lv2:0.10|lv3:0.20|axis:tempo" }
[PlayerBase] ultimate script loaded: (res://scenes/skills/players/f_roles/skill_singularist_f.gd):<GDScript#-9223369711431972357>
[PlayerBase] ultimate node created
[PlayerBase] ultimate load complete: 奇点牵引
[SkillDrawingBase] _ready(): skill_singularist_q, skill_owner=PlayerGeneric:<Area2D#2336747428317>
[SkillDrawingBase] Line2D 创建成功: skill_singularist_q
[Arena] 生成角色成功: singularist 在位置 (500.0, 300.0)
[PlayerBase] Bond stat modifiers applied:
  HP: 103 -> 103
  Speed: 510
  EnergyRegen: 0.8
  PickupRange: 150
  Damage: 10
[Arena] ✅ 角色切换后羁绊属性已重新应用
[Arena] ===== 角色切换结束 =====
[PlayerBase] SkillManager already exists (created by child: @Node@3493), loaded=3, skip auto create
[Arena] 玩家死亡信号已连接
[Arena] ===== 角色切换开始 =====
[Arena] 收到角色切换请求: singularist
[Arena] 跳过自动保存（QEF测试模式）: character_switch
[Arena] 当前玩家: singularist
[Arena] 当前玩家位置: (500.0, 300.0)
[Arena] 不清理旧玩家的技能效果（默认行为）
[Arena] 调用 player.queue_free()
[Arena] 等待一帧...
[DebugSwitcher] recording started: d:/Godot/Production/PolyLash_Project/.godot_cli/Roaming/Godot/app_userdata/PolyLash/qa_reports/input_recordings/player_ops_20260315_121322_927_singularist.json
[Arena] 等待完成，开始生成新角色
[Arena] _spawn_player 开始: player_id=singularist, pos=(500.0, 300.0)
[Arena] Global.selected_player_weapons = { "gildhand": "punch", "singularist": "punch", "executioner": "punch" }
[Arena] visual_config: { "player_id": "singularist", "sprite_path": "res://assets/sprites/Players/Player_2.png", "scene_path": "res://scenes/unit/players/player_generic.tscn", "scale_x": 1.0, "scale_y": 1.0, "color_r": 1.0, "color_g": 1.0, "color_b": 1.0, "color_a": 1.0, "z_index": 1.0 }
[Arena] 创建角色: singularist
[PlayerFactory] 设置 player_id: singularist
[PlayerFactory] 已加载脚本: res://scenes/unit/players/player_singularist.gd (player_id=singularist)
[PlayerFactory] 成功创建角色: singularist
[Arena] 警告: player_id 不匹配，重新设置:  -> singularist
[PlayerBase] player singularist has no equipped item
[ItemWeapon] 尝试加载武器场景: res://scenes/weapons/melee/weapon_melee_point.tscn
[ItemWeapon] 成功加载武器场景: res://scenes/weapons/melee/weapon_melee_point.tscn
[Player] weapon added: 拳头1级 (punch_1)
[Weapon] _ready() - Sprite2D 初始化:
  - 可见性: true
  - z_index: 2
  - 缩放: (1.0, 1.0)
  - 位置: (27.0, 0.0)
  - Sprite2D 全局位置: (527.0, 300.0)
  - Weapon 全局位置: (500.0, 300.0)
[Player] weapon node added to scene
[Player] weapon position: (0.0, 0.0)
[Player] weapon global position: (500.0, 300.0)
[Player] weapon visible: true
[Player] weapon z_index: 0
[Weapon] 加载贴图: res://assets/sprites/Weapons/Melee/Weapon_Punch.png
[Weapon] Sprite2D 可见性: true
[Weapon] Sprite2D 位置: (27.0, 0.0)
[Weapon] Sprite2D 缩放: (1.0, 1.0)
[Weapon] 贴图大小: (200.0, 100.0)
[Weapon] 武器设置完成: 拳头1级 (punch_1)
  - 类型: MELEE
  - 等级: 1
  - 形状类型: point
  - 子弹模式: 未指定
  - 碰撞体: 由 MeleeBehavior 动态创建
  - 基础场景: res://scenes/weapons/melee/weapon_melee_point.tscn
[Player] weapon position after layout: (0.0, -15.0)
[Player] weapon global position after layout: (500.0, 285.0)
[PlayerBase] player singularist loaded 1 weapons
[PlayerBase] death signal connected
[PlayerBase] start loading ultimate, player_id = singularist
[PlayerBase] ultimate config loaded: { "ult_id": "singularist_ult", "name": "奇点牵引", "duration": 10.0, "energy_cost": 40.0, "bonus_bond_tag": "commander", "visual_color_hex": "#6A0DAD", "scale_multiplier": 1.2, "explosion_radius": 260.0, "explosion_damage_scale": 1.1, "description": "坍缩师启动奇点牵引并强化坍缩爆发", "f_role_id": "singularist", "f_internal_cd": 0.9, "f_q_line_amp": 1.57, "f_q_closure_amp": 2.04, "f_special_value_1": 1.26, "f_special_value_2": 265.0, "f_special_value_3": 0.28, "f_bond_o_payload": "tag:nomad|lv2:0.12|lv3:0.24|axis:line", "f_bond_m_payload": "tag:blaster|lv2:0.16|lv3:0.32|axis:closure", "f_bond_t_payload": "tag:commander|lv2:0.10|lv3:0.20|axis:tempo" }
[PlayerBase] ultimate script loaded: (res://scenes/skills/players/f_roles/skill_singularist_f.gd):<GDScript#-9223369711431972357>
[PlayerBase] ultimate node created
[PlayerBase] ultimate load complete: 奇点牵引
[SkillDrawingBase] _ready(): skill_singularist_q, skill_owner=PlayerGeneric:<Area2D#2344548833757>
[SkillDrawingBase] Line2D 创建成功: skill_singularist_q
[Arena] 生成角色成功: singularist 在位置 (500.0, 300.0)
[PlayerBase] Bond stat modifiers applied:
  HP: 103 -> 103
  Speed: 510
  EnergyRegen: 0.8
  PickupRange: 150
  Damage: 10
[Arena] ✅ 角色切换后羁绊属性已重新应用
[Arena] ===== 角色切换结束 =====
[PlayerBase] SkillManager already exists (created by child: @Node@3503), loaded=3, skip auto create
[Arena] 玩家死亡信号已连接
[skill_singularist_q] ===== 鏉╂稑鍙嗙憴鍕灊濡€崇础 ===== 鐠ч鍋? (500.0002, 299.364), line_2d閺堝鏅? true
[PlayerBase] Q released -> release_skill('q')
[skill_singularist_q] ===== 退出规划模式 ===== 点数: 65, 闭合: false
[skill_singularist_q] 最终闭合判定: false
[skill_singularist_q] 閻㈢喐鍨氬鈧弨鎹愮熅瀵板嫭鏅ラ弸婊愮礉閸樼喎顫愰悙瑙勬殶: 65, 閸氬牆鑻熺痪鎸庮唽閺? 6
[skill_singularist_q] open-path effects spawned
[ExplosionArea] 检测到 0 个重叠区域
[ExplosionArea] 共击中 0 个敌人
[ExplosionArea] 检测到 0 个重叠区域
[ExplosionArea] 共击中 0 个敌人
[ExplosionArea] 检测到 0 个重叠区域
[ExplosionArea] 共击中 0 个敌人
[ExplosionArea] 检测到 0 个重叠区域
[ExplosionArea] 共击中 0 个敌人
[HealthComponent] 血量归零，触发死亡信号
[PlayerBase] E pressed -> execute_skill('e')
[HealthComponent] 已经死亡，忽略伤害
[HealthComponent] 已经死亡，忽略伤害
[HealthComponent] 已经死亡，忽略伤害
[PlayerBase] F pressed, ultimate_skill = UltimateSkill:<Node#2346276887547>
[PlayerBase] try activate ultimate, energy: 100.0%
[HealthComponent] 已经死亡，忽略伤害
[HealthComponent] 已经死亡，忽略伤害
[HealthComponent] 已经死亡，忽略伤害
[HealthComponent] 已经死亡，忽略伤害
[HealthComponent] 血量归零，触发死亡信号
[HealthComponent] 血量归零，触发死亡信号
[HealthComponent] 已经死亡，忽略伤害
[ExplosionArea] 检测到 1 个重叠区域
[ExplosionArea] 区域 1: HurtboxComponent -> 父节点: CLIEnemy_(90_0, -120_0) (类型: Area2D)
[ExplosionArea]   ⚠️ 使用备用伤害方案
[ExplosionArea]   ✅ 造成伤害(备用): 0.0 -> CLIEnemy_(90_0, -120_0)
[ExplosionArea] 共击中 1 个敌人
[DebugSwitcher] record saved: d:/Godot/Production/PolyLash_Project/.godot_cli/Roaming/Godot/app_userdata/PolyLash/qa_reports/input_recordings/player_ops_20260315_121322_927_singularist.json
[HealthComponent] 已经死亡，忽略伤害
[HealthComponent] 已经死亡，忽略伤害
[HealthComponent] 已经死亡，忽略伤害
[DebugSwitcher] test mode disabled
[BackgroundManager] 地图纹理大小: (994.000000, 460.000000)
[BackgroundManager] 初始化完成 - 瓦片大小: 2000, 已生成: 25 个瓦片
[ChestManager] 初始化完成 - 生成 2 个宝箱（分散布局）
[ChestManager] 初始化完成 - 预生成 2 个宝箱位置
[ChestIndicator] indicator_show_range = 3000 (from map_config.csv)
[ExitConfirmDialog] _ready() called
[Arena] _ready() 开始
[Arena] 已添加到 arena 组
[Arena] 已启用波末战利品模式，禁用旧宝箱流程
[Arena] 暂停菜单已初始化
[Arena] 商店面板已连接
[Arena] WaveRewardSystem 已创建
[Arena] WaveRewardPanel 已添加到 GameUI
[Arena] WildcardPanel 已添加到 GameUI
[Arena] BattleFlowController 已初始化
[Arena] Spawner 波次完成信号已连接
[Arena] 准备初始化玩家...
[Arena] _init_player_from_selection 开始
[Arena] selected_player_ids: ["singularist"]
[Arena] selected_player_weapons: { "singularist": "punch" }
WARNING: [ConfigManager] game_config 缺少键 'enable_wave_recruit_mode'，使用默认值: 1
   at: push_warning (core/variant/variant_utility.cpp:1034)
   GDScript backtrace (most recent call first):
       [0] get_game_setting (res://autoloads/config_manager.gd:590)
       [1] is_wave_recruit_mode_enabled (res://autoloads/global.gd:298)
       [2] enter_wave_recruit_mode (res://autoloads/global.gd:303)
       [3] _init_player_from_selection (res://scenes/arena/arena_core.gd:467)
       [4] _ready (res://scenes/arena/arena_core.gd:117)
[Arena] 场景中没有默认玩家，直接生成选择的角色
[Arena] _spawn_player 开始: player_id=singularist, pos=(500.0, 300.0)
[Arena] Global.selected_player_weapons = { "singularist": "punch" }
[Arena] visual_config: { "player_id": "singularist", "sprite_path": "res://assets/sprites/Players/Player_2.png", "scene_path": "res://scenes/unit/players/player_generic.tscn", "scale_x": 1.0, "scale_y": 1.0, "color_r": 1.0, "color_g": 1.0, "color_b": 1.0, "color_a": 1.0, "z_index": 1.0 }
[Arena] 创建角色: singularist
[PlayerFactory] 设置 player_id: singularist
[PlayerFactory] 已加载脚本: res://scenes/unit/players/player_singularist.gd (player_id=singularist)
[PlayerFactory] 成功创建角色: singularist
[Arena] 警告: player_id 不匹配，重新设置:  -> singularist
[PlayerBase] player singularist has no equipped item
[ItemWeapon] 尝试加载武器场景: res://scenes/weapons/melee/weapon_melee_point.tscn
[ItemWeapon] 成功加载武器场景: res://scenes/weapons/melee/weapon_melee_point.tscn
[Player] weapon added: 拳头1级 (punch_1)
[Weapon] _ready() - Sprite2D 初始化:
  - 可见性: true
  - z_index: 2
  - 缩放: (1.0, 1.0)
  - 位置: (27.0, 0.0)
  - Sprite2D 全局位置: (527.0, 300.0)
  - Weapon 全局位置: (500.0, 300.0)
[Player] weapon node added to scene
[Player] weapon position: (0.0, 0.0)
[Player] weapon global position: (500.0, 300.0)
[Player] weapon visible: true
[Player] weapon z_index: 0
[Weapon] 加载贴图: res://assets/sprites/Weapons/Melee/Weapon_Punch.png
[Weapon] Sprite2D 可见性: true
[Weapon] Sprite2D 位置: (27.0, 0.0)
[Weapon] Sprite2D 缩放: (1.0, 1.0)
[Weapon] 贴图大小: (200.0, 100.0)
[Weapon] 武器设置完成: 拳头1级 (punch_1)
  - 类型: MELEE
  - 等级: 1
  - 形状类型: point
  - 子弹模式: 未指定
  - 碰撞体: 由 MeleeBehavior 动态创建
  - 基础场景: res://scenes/weapons/melee/weapon_melee_point.tscn
[Player] weapon position after layout: (0.0, -15.0)
[Player] weapon global position after layout: (500.0, 285.0)
[PlayerBase] player singularist loaded 1 weapons
[PlayerBase] death signal connected
[PlayerBase] start loading ultimate, player_id = singularist
[PlayerBase] ultimate config loaded: { "ult_id": "singularist_ult", "name": "奇点牵引", "duration": 10.0, "energy_cost": 40.0, "bonus_bond_tag": "commander", "visual_color_hex": "#6A0DAD", "scale_multiplier": 1.2, "explosion_radius": 260.0, "explosion_damage_scale": 1.1, "description": "坍缩师启动奇点牵引并强化坍缩爆发", "f_role_id": "singularist", "f_internal_cd": 0.9, "f_q_line_amp": 1.57, "f_q_closure_amp": 2.04, "f_special_value_1": 1.26, "f_special_value_2": 265.0, "f_special_value_3": 0.28, "f_bond_o_payload": "tag:nomad|lv2:0.12|lv3:0.24|axis:line", "f_bond_m_payload": "tag:blaster|lv2:0.16|lv3:0.32|axis:closure", "f_bond_t_payload": "tag:commander|lv2:0.10|lv3:0.20|axis:tempo" }
[PlayerBase] ultimate script loaded: (res://scenes/skills/players/f_roles/skill_singularist_f.gd):<GDScript#-9223369711431972357>
[PlayerBase] ultimate node created
[PlayerBase] ultimate load complete: 奇点牵引
[SkillDrawingBase] _ready(): skill_singularist_q, skill_owner=PlayerGeneric:<Area2D#2393404086728>
[SkillDrawingBase] Line2D 创建成功: skill_singularist_q
[Arena] 生成角色成功: singularist 在位置 (500.0, 300.0)
[Arena] 玩家初始化完成
[CharacterSlot] 加载角色图标: singularist -> res://assets/sprites/Players/Player_2.png
[SquadHUD] 初始化 1 个角色卡槽
[Arena] 小队 HUD 初始化完成
[Arena] ===== _init_bond_hud() 开始 =====
[Arena] ✅ 找到 GameUI 节点: /root/Arena/GameUI
[Arena] ✅ BondHUD 场景加载成功
[Arena] ✅ BondHUD 实例化成功
[Arena] ✅ BondHUD 已添加到 GameUI
[Arena] BondHUD 路径: /root/Arena/GameUI/BondHUD
[Arena] BondHUD 可见性: true
[Arena] _ready() 完成，飘字保护已解除
[PlayerBase] SkillManager already exists (created by child: @Node@3781), loaded=3, skip auto create
[Arena] ===== 角色切换开始 =====
[Arena] 收到角色切换请求: singularist
[Arena] 跳过自动保存（QEF测试模式）: character_switch
[Arena] 当前玩家: singularist
[Arena] 当前玩家位置: (500.0, 300.0)
[Arena] 不清理旧玩家的技能效果（默认行为）
[Arena] 调用 player.queue_free()
[Arena] 等待一帧...
[DebugSwitcher] test mode enabled: wave_time=999, key8 toggles recording
[Arena] 玩家死亡信号已连接
[Arena] 触发 BondManager 重新计算羁绊...
[Arena] 当前队伍: ["gildhand", "singularist", "executioner"]
[Arena] ✅ 羁绊计算完成
[PlayerBase] Bond stat modifiers applied:
  HP: 103 -> 103
  Speed: 510
  EnergyRegen: 0.8
  PickupRange: 150
  Damage: 10
[Arena] ✅ 羁绊属性已应用到玩家
[Arena] ===== _init_bond_hud() 完成 =====
[Arena] 玩家死亡信号已连接
[Arena] 等待完成，开始生成新角色
[Arena] _spawn_player 开始: player_id=singularist, pos=(500.0, 300.0)
[Arena] Global.selected_player_weapons = { "gildhand": "punch", "singularist": "punch", "executioner": "punch" }
[Arena] visual_config: { "player_id": "singularist", "sprite_path": "res://assets/sprites/Players/Player_2.png", "scene_path": "res://scenes/unit/players/player_generic.tscn", "scale_x": 1.0, "scale_y": 1.0, "color_r": 1.0, "color_g": 1.0, "color_b": 1.0, "color_a": 1.0, "z_index": 1.0 }
[Arena] 创建角色: singularist
[PlayerFactory] 设置 player_id: singularist
[PlayerFactory] 已加载脚本: res://scenes/unit/players/player_singularist.gd (player_id=singularist)
[PlayerFactory] 成功创建角色: singularist
[Arena] 警告: player_id 不匹配，重新设置:  -> singularist
[PlayerBase] player singularist has no equipped item
[ItemWeapon] 尝试加载武器场景: res://scenes/weapons/melee/weapon_melee_point.tscn
[ItemWeapon] 成功加载武器场景: res://scenes/weapons/melee/weapon_melee_point.tscn
[Player] weapon added: 拳头1级 (punch_1)
[Weapon] _ready() - Sprite2D 初始化:
  - 可见性: true
  - z_index: 2
  - 缩放: (1.0, 1.0)
  - 位置: (27.0, 0.0)
  - Sprite2D 全局位置: (527.0, 300.0)
  - Weapon 全局位置: (500.0, 300.0)
[Player] weapon node added to scene
[Player] weapon position: (0.0, 0.0)
[Player] weapon global position: (500.0, 300.0)
[Player] weapon visible: true
[Player] weapon z_index: 0
[Weapon] 加载贴图: res://assets/sprites/Weapons/Melee/Weapon_Punch.png
[Weapon] Sprite2D 可见性: true
[Weapon] Sprite2D 位置: (27.0, 0.0)
[Weapon] Sprite2D 缩放: (1.0, 1.0)
[Weapon] 贴图大小: (200.0, 100.0)
[Weapon] 武器设置完成: 拳头1级 (punch_1)
  - 类型: MELEE
  - 等级: 1
  - 形状类型: point
  - 子弹模式: 未指定
  - 碰撞体: 由 MeleeBehavior 动态创建
  - 基础场景: res://scenes/weapons/melee/weapon_melee_point.tscn
[Player] weapon position after layout: (0.0, -15.0)
[Player] weapon global position after layout: (500.0, 285.0)
[PlayerBase] player singularist loaded 1 weapons
[PlayerBase] death signal connected
[PlayerBase] start loading ultimate, player_id = singularist
[PlayerBase] ultimate config loaded: { "ult_id": "singularist_ult", "name": "奇点牵引", "duration": 10.0, "energy_cost": 40.0, "bonus_bond_tag": "commander", "visual_color_hex": "#6A0DAD", "scale_multiplier": 1.2, "explosion_radius": 260.0, "explosion_damage_scale": 1.1, "description": "坍缩师启动奇点牵引并强化坍缩爆发", "f_role_id": "singularist", "f_internal_cd": 0.9, "f_q_line_amp": 1.57, "f_q_closure_amp": 2.04, "f_special_value_1": 1.26, "f_special_value_2": 265.0, "f_special_value_3": 0.28, "f_bond_o_payload": "tag:nomad|lv2:0.12|lv3:0.24|axis:line", "f_bond_m_payload": "tag:blaster|lv2:0.16|lv3:0.32|axis:closure", "f_bond_t_payload": "tag:commander|lv2:0.10|lv3:0.20|axis:tempo" }
[PlayerBase] ultimate script loaded: (res://scenes/skills/players/f_roles/skill_singularist_f.gd):<GDScript#-9223369711431972357>
[PlayerBase] ultimate node created
[PlayerBase] ultimate load complete: 奇点牵引
[SkillDrawingBase] _ready(): skill_singularist_q, skill_owner=PlayerGeneric:<Area2D#2402044352968>
[SkillDrawingBase] Line2D 创建成功: skill_singularist_q
[Arena] 生成角色成功: singularist 在位置 (500.0, 300.0)
[PlayerBase] Bond stat modifiers applied:
  HP: 103 -> 103
  Speed: 510
  EnergyRegen: 0.8
  PickupRange: 150
  Damage: 10
[Arena] ✅ 角色切换后羁绊属性已重新应用
[Arena] ===== 角色切换结束 =====
[PlayerBase] SkillManager already exists (created by child: @Node@3792), loaded=3, skip auto create
[Arena] 玩家死亡信号已连接
[DebugSwitcher] replay started: d:/Godot/Production/PolyLash_Project/.godot_cli/Roaming/Godot/app_userdata/PolyLash/qa_reports/input_recordings/player_ops_20260315_121322_927_singularist.json
[Arena] ===== 角色切换开始 =====
[Arena] 收到角色切换请求: singularist
[Arena] 跳过自动保存（QEF测试模式）: character_switch
[Arena] 当前玩家: singularist
[Arena] 当前玩家位置: (500.0, 300.0)
[Arena] 不清理旧玩家的技能效果（默认行为）
[Arena] 调用 player.queue_free()
[Arena] 等待一帧...
[Arena] 等待完成，开始生成新角色
[Arena] _spawn_player 开始: player_id=singularist, pos=(500.0, 300.0)
[Arena] Global.selected_player_weapons = { "executioner": "punch", "gildhand": "punch", "singularist": "punch" }
[Arena] visual_config: { "player_id": "singularist", "sprite_path": "res://assets/sprites/Players/Player_2.png", "scene_path": "res://scenes/unit/players/player_generic.tscn", "scale_x": 1.0, "scale_y": 1.0, "color_r": 1.0, "color_g": 1.0, "color_b": 1.0, "color_a": 1.0, "z_index": 1.0 }
[Arena] 创建角色: singularist
[PlayerFactory] 设置 player_id: singularist
[PlayerFactory] 已加载脚本: res://scenes/unit/players/player_singularist.gd (player_id=singularist)
[PlayerFactory] 成功创建角色: singularist
[Arena] 警告: player_id 不匹配，重新设置:  -> singularist
[PlayerBase] player singularist has no equipped item
[ItemWeapon] 尝试加载武器场景: res://scenes/weapons/melee/weapon_melee_point.tscn
[ItemWeapon] 成功加载武器场景: res://scenes/weapons/melee/weapon_melee_point.tscn
[Player] weapon added: 拳头1级 (punch_1)
[Weapon] _ready() - Sprite2D 初始化:
  - 可见性: true
  - z_index: 2
  - 缩放: (1.0, 1.0)
  - 位置: (27.0, 0.0)
  - Sprite2D 全局位置: (527.0, 300.0)
  - Weapon 全局位置: (500.0, 300.0)
[Player] weapon node added to scene
[Player] weapon position: (0.0, 0.0)
[Player] weapon global position: (500.0, 300.0)
[Player] weapon visible: true
[Player] weapon z_index: 0
[Weapon] 加载贴图: res://assets/sprites/Weapons/Melee/Weapon_Punch.png
[Weapon] Sprite2D 可见性: true
[Weapon] Sprite2D 位置: (27.0, 0.0)
[Weapon] Sprite2D 缩放: (1.0, 1.0)
[Weapon] 贴图大小: (200.0, 100.0)
[Weapon] 武器设置完成: 拳头1级 (punch_1)
  - 类型: MELEE
  - 等级: 1
  - 形状类型: point
  - 子弹模式: 未指定
  - 碰撞体: 由 MeleeBehavior 动态创建
  - 基础场景: res://scenes/weapons/melee/weapon_melee_point.tscn
[Player] weapon position after layout: (0.0, -15.0)
[Player] weapon global position after layout: (500.0, 285.0)
[PlayerBase] player singularist loaded 1 weapons
[PlayerBase] death signal connected
[PlayerBase] start loading ultimate, player_id = singularist
[PlayerBase] ultimate config loaded: { "ult_id": "singularist_ult", "name": "奇点牵引", "duration": 10.0, "energy_cost": 40.0, "bonus_bond_tag": "commander", "visual_color_hex": "#6A0DAD", "scale_multiplier": 1.2, "explosion_radius": 260.0, "explosion_damage_scale": 1.1, "description": "坍缩师启动奇点牵引并强化坍缩爆发", "f_role_id": "singularist", "f_internal_cd": 0.9, "f_q_line_amp": 1.57, "f_q_closure_amp": 2.04, "f_special_value_1": 1.26, "f_special_value_2": 265.0, "f_special_value_3": 0.28, "f_bond_o_payload": "tag:nomad|lv2:0.12|lv3:0.24|axis:line", "f_bond_m_payload": "tag:blaster|lv2:0.16|lv3:0.32|axis:closure", "f_bond_t_payload": "tag:commander|lv2:0.10|lv3:0.20|axis:tempo" }
[PlayerBase] ultimate script loaded: (res://scenes/skills/players/f_roles/skill_singularist_f.gd):<GDScript#-9223369711431972357>
[PlayerBase] ultimate node created
[PlayerBase] ultimate load complete: 奇点牵引
[SkillDrawingBase] _ready(): skill_singularist_q, skill_owner=PlayerGeneric:<Area2D#2412983097801>
[SkillDrawingBase] Line2D 创建成功: skill_singularist_q
[Arena] 生成角色成功: singularist 在位置 (500.0, 300.0)
[PlayerBase] Bond stat modifiers applied:
  HP: 103 -> 103
  Speed: 510
  EnergyRegen: 0.8
  PickupRange: 150
  Damage: 10
[Arena] ✅ 角色切换后羁绊属性已重新应用
[Arena] ===== 角色切换结束 =====
[PlayerBase] SkillManager already exists (created by child: @Node@3802), loaded=3, skip auto create
[Arena] 玩家死亡信号已连接
[skill_singularist_q] ===== 鏉╂稑鍙嗙憴鍕灊濡€崇础 ===== 鐠ч鍋? (500.0002, 299.364), line_2d閺堝鏅? true
[PlayerBase] Q released -> release_skill('q')
[skill_singularist_q] ===== 退出规划模式 ===== 点数: 70, 闭合: true
[skill_singularist_q] 最终闭合判定: true
[PolygonUtils] 交叉点数量: 2
[PolygonUtils] 排序后: ["[0,4]", "[1,4]"]
[PolygonUtils] 8字形检测: i1=0, j1=4, i2=1, j2=4
[PolygonUtils] ⚠️ 非标准8字形，单独处理每个交叉点
[PolygonUtils] 提取完成，共 0 个区域
[HealthComponent] 血量归零，触发死亡信号
[PlayerBase] E pressed -> execute_skill('e')
[PlayerBase] F pressed, ultimate_skill = UltimateSkill:<Node#2414711151059>
[PlayerBase] try activate ultimate, energy: 100.0%
[HealthComponent] 已经死亡，忽略伤害
[ExplosionArea] 检测到 2 个重叠区域
[ExplosionArea] 区域 1: HurtboxComponent -> 父节点: CLIEnemy_(120_0, 90_0) (类型: Area2D)
[ExplosionArea]   ⚠️ 使用备用伤害方案
[ExplosionArea]   ✅ 造成伤害(备用): 0.0 -> CLIEnemy_(120_0, 90_0)
[ExplosionArea] 区域 2: HurtboxComponent -> 父节点: CLIEnemy_(90_0, -120_0) (类型: Area2D)
[ExplosionArea]   ⚠️ 使用备用伤害方案
[ExplosionArea]   ✅ 造成伤害(备用): 0.0 -> CLIEnemy_(90_0, -120_0)
[ExplosionArea] 共击中 2 个敌人
[DebugSwitcher] replay finished
[DebugSwitcher] test mode disabled
[BackgroundManager] 地图纹理大小: (994.000000, 460.000000)
[BackgroundManager] 初始化完成 - 瓦片大小: 2000, 已生成: 25 个瓦片
[ChestManager] 初始化完成 - 生成 2 个宝箱（分散布局）
[ChestManager] 初始化完成 - 预生成 2 个宝箱位置
[ChestIndicator] indicator_show_range = 3000 (from map_config.csv)
[ExitConfirmDialog] _ready() called
[Arena] _ready() 开始
[Arena] 已添加到 arena 组
[Arena] 已启用波末战利品模式，禁用旧宝箱流程
[Arena] 暂停菜单已初始化
[Arena] 商店面板已连接
[Arena] WaveRewardSystem 已创建
[Arena] WaveRewardPanel 已添加到 GameUI
[Arena] WildcardPanel 已添加到 GameUI
[Arena] BattleFlowController 已初始化
[Arena] Spawner 波次完成信号已连接
[Arena] 准备初始化玩家...
[Arena] _init_player_from_selection 开始
[Arena] selected_player_ids: ["banner"]
[Arena] selected_player_weapons: { "banner": "punch" }
WARNING: [ConfigManager] game_config 缺少键 'enable_wave_recruit_mode'，使用默认值: 1
   at: push_warning (core/variant/variant_utility.cpp:1034)
   GDScript backtrace (most recent call first):
       [0] get_game_setting (res://autoloads/config_manager.gd:590)
       [1] is_wave_recruit_mode_enabled (res://autoloads/global.gd:298)
       [2] enter_wave_recruit_mode (res://autoloads/global.gd:303)
       [3] _init_player_from_selection (res://scenes/arena/arena_core.gd:467)
       [4] _ready (res://scenes/arena/arena_core.gd:117)
[Arena] 场景中没有默认玩家，直接生成选择的角色
[Arena] _spawn_player 开始: player_id=banner, pos=(500.0, 300.0)
[Arena] Global.selected_player_weapons = { "banner": "punch" }
[Arena] visual_config: { "player_id": "banner", "sprite_path": "res://assets/sprites/Players/Player_18.png", "scene_path": "res://scenes/unit/players/player_generic.tscn", "scale_x": 1.0, "scale_y": 1.0, "color_r": 1.0, "color_g": 1.0, "color_b": 1.0, "color_a": 1.0, "z_index": 1.0 }
[Arena] 创建角色: banner
[PlayerFactory] 设置 player_id: banner
[PlayerFactory] 已加载脚本: res://scenes/unit/players/player_banner.gd (player_id=banner)
[PlayerFactory] 成功创建角色: banner
[Arena] 警告: player_id 不匹配，重新设置:  -> banner
[PlayerBase] player banner has no equipped item
[ItemWeapon] 尝试加载武器场景: res://scenes/weapons/melee/weapon_melee_point.tscn
[ItemWeapon] 成功加载武器场景: res://scenes/weapons/melee/weapon_melee_point.tscn
[Player] weapon added: 拳头1级 (punch_1)
[Weapon] _ready() - Sprite2D 初始化:
  - 可见性: true
  - z_index: 2
  - 缩放: (1.0, 1.0)
  - 位置: (27.0, 0.0)
  - Sprite2D 全局位置: (527.0, 300.0)
  - Weapon 全局位置: (500.0, 300.0)
[Player] weapon node added to scene
[Player] weapon position: (0.0, 0.0)
[Player] weapon global position: (500.0, 300.0)
[Player] weapon visible: true
[Player] weapon z_index: 0
[Weapon] 加载贴图: res://assets/sprites/Weapons/Melee/Weapon_Punch.png
[Weapon] Sprite2D 可见性: true
[Weapon] Sprite2D 位置: (27.0, 0.0)
[Weapon] Sprite2D 缩放: (1.0, 1.0)
[Weapon] 贴图大小: (200.0, 100.0)
[Weapon] 武器设置完成: 拳头1级 (punch_1)
  - 类型: MELEE
  - 等级: 1
  - 形状类型: point
  - 子弹模式: 未指定
  - 碰撞体: 由 MeleeBehavior 动态创建
  - 基础场景: res://scenes/weapons/melee/weapon_melee_point.tscn
[Player] weapon position after layout: (0.0, -15.0)
[Player] weapon global position after layout: (500.0, 285.0)
[PlayerBase] player banner loaded 1 weapons
[PlayerBase] death signal connected
[PlayerBase] start loading ultimate, player_id = banner
[PlayerBase] ultimate config loaded: { "ult_id": "banner_ult", "name": "总攻军令", "duration": 10.0, "energy_cost": 40.0, "bonus_bond_tag": "commander", "visual_color_hex": "#FF9933", "scale_multiplier": 1.2, "explosion_radius": 230.0, "explosion_damage_scale": 1.0, "description": "旗手发布总攻军令并推进战线", "f_role_id": "banner", "f_internal_cd": 0.98, "f_q_line_amp": 1.46, "f_q_closure_amp": 1.92, "f_special_value_1": 1.1, "f_special_value_2": 260.0, "f_special_value_3": 0.32, "f_bond_o_payload": "tag:nomad|lv2:0.12|lv3:0.24|axis:line", "f_bond_m_payload": "tag:geometrist|lv2:0.16|lv3:0.32|axis:closure", "f_bond_t_payload": "tag:commander|lv2:0.10|lv3:0.20|axis:tempo" }
[PlayerBase] ultimate script loaded: (res://scenes/skills/players/f_roles/skill_banner_f.gd):<GDScript#-9223369242626224750>
[PlayerBase] ultimate node created
[PlayerBase] ultimate load complete: 总攻军令
[SkillDrawingBase] _ready(): skill_banner_q, skill_owner=PlayerGeneric:<Area2D#2791930075474>
[SkillDrawingBase] Line2D 创建成功: skill_banner_q
[Arena] 生成角色成功: banner 在位置 (500.0, 300.0)
[Arena] 玩家初始化完成
[CharacterSlot] 加载角色图标: banner -> res://assets/sprites/Players/Player_18.png
[SquadHUD] 初始化 1 个角色卡槽
[Arena] 小队 HUD 初始化完成
[Arena] ===== _init_bond_hud() 开始 =====
[Arena] ✅ 找到 GameUI 节点: /root/Arena/GameUI
[Arena] ✅ BondHUD 场景加载成功
[Arena] ✅ BondHUD 实例化成功
[Arena] ✅ BondHUD 已添加到 GameUI
[Arena] BondHUD 路径: /root/Arena/GameUI/BondHUD
[Arena] BondHUD 可见性: true
[Arena] _ready() 完成，飘字保护已解除
[PlayerBase] SkillManager already exists (created by child: @Node@3872), loaded=3, skip auto create
[Arena] ===== 角色切换开始 =====
[Arena] 收到角色切换请求: banner
[Arena] 跳过自动保存（QEF测试模式）: character_switch
[Arena] 当前玩家: banner
[Arena] 当前玩家位置: (500.0, 300.0)
[Arena] 不清理旧玩家的技能效果（默认行为）
[Arena] 调用 player.queue_free()
[Arena] 等待一帧...
[DebugSwitcher] test mode enabled: wave_time=999, key8 toggles recording
[Arena] 玩家死亡信号已连接
[Arena] 触发 BondManager 重新计算羁绊...
[Arena] 当前队伍: ["banner", "breachmarshal", "swarm"]
[Arena] ✅ 羁绊计算完成
[PlayerBase] Bond stat modifiers applied:
  HP: 108 -> 142
  Speed: 659
  EnergyRegen: 0.8
  PickupRange: 150
  Damage: 10
[Arena] ✅ 羁绊属性已应用到玩家
[Arena] ===== _init_bond_hud() 完成 =====
[Arena] 玩家死亡信号已连接
[Arena] 等待完成，开始生成新角色
[Arena] _spawn_player 开始: player_id=banner, pos=(500.0, 300.0)
[Arena] Global.selected_player_weapons = { "banner": "punch", "breachmarshal": "punch", "swarm": "punch" }
[Arena] visual_config: { "player_id": "banner", "sprite_path": "res://assets/sprites/Players/Player_18.png", "scene_path": "res://scenes/unit/players/player_generic.tscn", "scale_x": 1.0, "scale_y": 1.0, "color_r": 1.0, "color_g": 1.0, "color_b": 1.0, "color_a": 1.0, "z_index": 1.0 }
[Arena] 创建角色: banner
[PlayerFactory] 设置 player_id: banner
[PlayerFactory] 已加载脚本: res://scenes/unit/players/player_banner.gd (player_id=banner)
[PlayerFactory] 成功创建角色: banner
[Arena] 警告: player_id 不匹配，重新设置:  -> banner
[PlayerBase] player banner has no equipped item
[ItemWeapon] 尝试加载武器场景: res://scenes/weapons/melee/weapon_melee_point.tscn
[ItemWeapon] 成功加载武器场景: res://scenes/weapons/melee/weapon_melee_point.tscn
[Player] weapon added: 拳头1级 (punch_1)
[Weapon] _ready() - Sprite2D 初始化:
  - 可见性: true
  - z_index: 2
  - 缩放: (1.0, 1.0)
  - 位置: (27.0, 0.0)
  - Sprite2D 全局位置: (527.0, 300.0)
  - Weapon 全局位置: (500.0, 300.0)
[Player] weapon node added to scene
[Player] weapon position: (0.0, 0.0)
[Player] weapon global position: (500.0, 300.0)
[Player] weapon visible: true
[Player] weapon z_index: 0
[Weapon] 加载贴图: res://assets/sprites/Weapons/Melee/Weapon_Punch.png
[Weapon] Sprite2D 可见性: true
[Weapon] Sprite2D 位置: (27.0, 0.0)
[Weapon] Sprite2D 缩放: (1.0, 1.0)
[Weapon] 贴图大小: (200.0, 100.0)
[Weapon] 武器设置完成: 拳头1级 (punch_1)
  - 类型: MELEE
  - 等级: 1
  - 形状类型: point
  - 子弹模式: 未指定
  - 碰撞体: 由 MeleeBehavior 动态创建
  - 基础场景: res://scenes/weapons/melee/weapon_melee_point.tscn
[Player] weapon position after layout: (0.0, -15.0)
[Player] weapon global position after layout: (500.0, 285.0)
[PlayerBase] player banner loaded 1 weapons
[PlayerBase] death signal connected
[PlayerBase] start loading ultimate, player_id = banner
[PlayerBase] ultimate config loaded: { "ult_id": "banner_ult", "name": "总攻军令", "duration": 10.0, "energy_cost": 40.0, "bonus_bond_tag": "commander", "visual_color_hex": "#FF9933", "scale_multiplier": 1.2, "explosion_radius": 230.0, "explosion_damage_scale": 1.0, "description": "旗手发布总攻军令并推进战线", "f_role_id": "banner", "f_internal_cd": 0.98, "f_q_line_amp": 1.46, "f_q_closure_amp": 1.92, "f_special_value_1": 1.1, "f_special_value_2": 260.0, "f_special_value_3": 0.32, "f_bond_o_payload": "tag:nomad|lv2:0.12|lv3:0.24|axis:line", "f_bond_m_payload": "tag:geometrist|lv2:0.16|lv3:0.32|axis:closure", "f_bond_t_payload": "tag:commander|lv2:0.10|lv3:0.20|axis:tempo" }
[PlayerBase] ultimate script loaded: (res://scenes/skills/players/f_roles/skill_banner_f.gd):<GDScript#-9223369242626224750>
[PlayerBase] ultimate node created
[PlayerBase] ultimate load complete: 总攻军令
[SkillDrawingBase] _ready(): skill_banner_q, skill_owner=PlayerGeneric:<Area2D#2804932418101>
[SkillDrawingBase] Line2D 创建成功: skill_banner_q
[Arena] 生成角色成功: banner 在位置 (500.0, 300.0)
[PlayerBase] Bond stat modifiers applied:
  HP: 108 -> 142
  Speed: 659
  EnergyRegen: 0.8
  PickupRange: 150
  Damage: 10
[Arena] ✅ 角色切换后羁绊属性已重新应用
[Arena] ===== 角色切换结束 =====
[PlayerBase] SkillManager already exists (created by child: @Node@3893), loaded=3, skip auto create
[Arena] 玩家死亡信号已连接
[Arena] ===== 角色切换开始 =====
[Arena] 收到角色切换请求: banner
[Arena] 跳过自动保存（QEF测试模式）: character_switch
[Arena] 当前玩家: banner
[Arena] 当前玩家位置: (500.0, 300.0)
[Arena] 不清理旧玩家的技能效果（默认行为）
[Arena] 调用 player.queue_free()
[Arena] 等待一帧...
[DebugSwitcher] recording started: d:/Godot/Production/PolyLash_Project/.godot_cli/Roaming/Godot/app_userdata/PolyLash/qa_reports/input_recordings/player_ops_20260315_121329_386_banner.json
[Arena] 等待完成，开始生成新角色
[Arena] _spawn_player 开始: player_id=banner, pos=(500.0, 300.0)
[Arena] Global.selected_player_weapons = { "banner": "punch", "breachmarshal": "punch", "swarm": "punch" }
[Arena] visual_config: { "player_id": "banner", "sprite_path": "res://assets/sprites/Players/Player_18.png", "scene_path": "res://scenes/unit/players/player_generic.tscn", "scale_x": 1.0, "scale_y": 1.0, "color_r": 1.0, "color_g": 1.0, "color_b": 1.0, "color_a": 1.0, "z_index": 1.0 }
[Arena] 创建角色: banner
[PlayerFactory] 设置 player_id: banner
[PlayerFactory] 已加载脚本: res://scenes/unit/players/player_banner.gd (player_id=banner)
[PlayerFactory] 成功创建角色: banner
[Arena] 警告: player_id 不匹配，重新设置:  -> banner
[PlayerBase] player banner has no equipped item
[ItemWeapon] 尝试加载武器场景: res://scenes/weapons/melee/weapon_melee_point.tscn
[ItemWeapon] 成功加载武器场景: res://scenes/weapons/melee/weapon_melee_point.tscn
[Player] weapon added: 拳头1级 (punch_1)
[Weapon] _ready() - Sprite2D 初始化:
  - 可见性: true
  - z_index: 2
  - 缩放: (1.0, 1.0)
  - 位置: (27.0, 0.0)
  - Sprite2D 全局位置: (527.0, 300.0)
  - Weapon 全局位置: (500.0, 300.0)
[Player] weapon node added to scene
[Player] weapon position: (0.0, 0.0)
[Player] weapon global position: (500.0, 300.0)
[Player] weapon visible: true
[Player] weapon z_index: 0
[Weapon] 加载贴图: res://assets/sprites/Weapons/Melee/Weapon_Punch.png
[Weapon] Sprite2D 可见性: true
[Weapon] Sprite2D 位置: (27.0, 0.0)
[Weapon] Sprite2D 缩放: (1.0, 1.0)
[Weapon] 贴图大小: (200.0, 100.0)
[Weapon] 武器设置完成: 拳头1级 (punch_1)
  - 类型: MELEE
  - 等级: 1
  - 形状类型: point
  - 子弹模式: 未指定
  - 碰撞体: 由 MeleeBehavior 动态创建
  - 基础场景: res://scenes/weapons/melee/weapon_melee_point.tscn
[Player] weapon position after layout: (0.0, -15.0)
[Player] weapon global position after layout: (500.0, 285.0)
[PlayerBase] player banner loaded 1 weapons
[PlayerBase] death signal connected
[PlayerBase] start loading ultimate, player_id = banner
[PlayerBase] ultimate config loaded: { "ult_id": "banner_ult", "name": "总攻军令", "duration": 10.0, "energy_cost": 40.0, "bonus_bond_tag": "commander", "visual_color_hex": "#FF9933", "scale_multiplier": 1.2, "explosion_radius": 230.0, "explosion_damage_scale": 1.0, "description": "旗手发布总攻军令并推进战线", "f_role_id": "banner", "f_internal_cd": 0.98, "f_q_line_amp": 1.46, "f_q_closure_amp": 1.92, "f_special_value_1": 1.1, "f_special_value_2": 260.0, "f_special_value_3": 0.32, "f_bond_o_payload": "tag:nomad|lv2:0.12|lv3:0.24|axis:line", "f_bond_m_payload": "tag:geometrist|lv2:0.16|lv3:0.32|axis:closure", "f_bond_t_payload": "tag:commander|lv2:0.10|lv3:0.20|axis:tempo" }
[PlayerBase] ultimate script loaded: (res://scenes/skills/players/f_roles/skill_banner_f.gd):<GDScript#-9223369242626224750>
[PlayerBase] ultimate node created
[PlayerBase] ultimate load complete: 总攻军令
[SkillDrawingBase] _ready(): skill_banner_q, skill_owner=PlayerGeneric:<Area2D#2811978848821>
[SkillDrawingBase] Line2D 创建成功: skill_banner_q
[Arena] 生成角色成功: banner 在位置 (500.0, 300.0)
[PlayerBase] Bond stat modifiers applied:
  HP: 108 -> 142
  Speed: 659
  EnergyRegen: 0.8
  PickupRange: 150
  Damage: 10
[Arena] ✅ 角色切换后羁绊属性已重新应用
[Arena] ===== 角色切换结束 =====
[PlayerBase] SkillManager already exists (created by child: @Node@3903), loaded=3, skip auto create
[Arena] 玩家死亡信号已连接
[skill_banner_q] ===== 鏉╂稑鍙嗙憴鍕灊濡€崇础 ===== 鐠ч鍋? (500.0002, 299.364), line_2d閺堝鏅? true
[PlayerBase] Q released -> release_skill('q')
[skill_banner_q] ===== 退出规划模式 ===== 点数: 65, 闭合: false
[skill_banner_q] 最终闭合判定: false
[skill_banner_q] 閻㈢喐鍨氬鈧弨鎹愮熅瀵板嫭鏅ラ弸婊愮礉閸樼喎顫愰悙瑙勬殶: 65, 閸氬牆鑻熺痪鎸庮唽閺? 6
[skill_banner_q] open-path effects spawned
[ExplosionArea] 检测到 0 个重叠区域
[ExplosionArea] 共击中 0 个敌人
[ExplosionArea] 检测到 0 个重叠区域
[ExplosionArea] 共击中 0 个敌人
[ExplosionArea] 检测到 0 个重叠区域
[ExplosionArea] 共击中 0 个敌人
[ExplosionArea] 检测到 0 个重叠区域
[ExplosionArea] 共击中 0 个敌人
[PlayerBase] E pressed -> execute_skill('e')
[HealthComponent] 血量归零，触发死亡信号
[HealthComponent] 已经死亡，忽略伤害
[HealthComponent] 已经死亡，忽略伤害
[HealthComponent] 已经死亡，忽略伤害
[HealthComponent] 已经死亡，忽略伤害
[HealthComponent] 血量归零，触发死亡信号
[PlayerBase] F pressed, ultimate_skill = UltimateSkill:<Node#2813706901200>
[PlayerBase] try activate ultimate, energy: 100.0%
[HealthComponent] 已经死亡，忽略伤害
[HealthComponent] 已经死亡，忽略伤害
[HealthComponent] 已经死亡，忽略伤害
[HealthComponent] 已经死亡，忽略伤害
[DebugSwitcher] record saved: d:/Godot/Production/PolyLash_Project/.godot_cli/Roaming/Godot/app_userdata/PolyLash/qa_reports/input_recordings/player_ops_20260315_121329_386_banner.json
[HealthComponent] 已经死亡，忽略伤害
[HealthComponent] 已经死亡，忽略伤害
[DebugSwitcher] test mode disabled
[BackgroundManager] 地图纹理大小: (994.000000, 460.000000)
[BackgroundManager] 初始化完成 - 瓦片大小: 2000, 已生成: 25 个瓦片
[ChestManager] 初始化完成 - 生成 2 个宝箱（分散布局）
[ChestManager] 初始化完成 - 预生成 2 个宝箱位置
[ChestIndicator] indicator_show_range = 3000 (from map_config.csv)
[ExitConfirmDialog] _ready() called
[Arena] _ready() 开始
[Arena] 已添加到 arena 组
[Arena] 已启用波末战利品模式，禁用旧宝箱流程
[Arena] 暂停菜单已初始化
[Arena] 商店面板已连接
[Arena] WaveRewardSystem 已创建
[Arena] WaveRewardPanel 已添加到 GameUI
[Arena] WildcardPanel 已添加到 GameUI
[Arena] BattleFlowController 已初始化
[Arena] Spawner 波次完成信号已连接
[Arena] 准备初始化玩家...
[Arena] _init_player_from_selection 开始
[Arena] selected_player_ids: ["banner"]
[Arena] selected_player_weapons: { "banner": "punch" }
WARNING: [ConfigManager] game_config 缺少键 'enable_wave_recruit_mode'，使用默认值: 1
   at: push_warning (core/variant/variant_utility.cpp:1034)
   GDScript backtrace (most recent call first):
       [0] get_game_setting (res://autoloads/config_manager.gd:590)
       [1] is_wave_recruit_mode_enabled (res://autoloads/global.gd:298)
       [2] enter_wave_recruit_mode (res://autoloads/global.gd:303)
       [3] _init_player_from_selection (res://scenes/arena/arena_core.gd:467)
       [4] _ready (res://scenes/arena/arena_core.gd:117)
[Arena] 场景中没有默认玩家，直接生成选择的角色
[Arena] _spawn_player 开始: player_id=banner, pos=(500.0, 300.0)
[Arena] Global.selected_player_weapons = { "banner": "punch" }
[Arena] visual_config: { "player_id": "banner", "sprite_path": "res://assets/sprites/Players/Player_18.png", "scene_path": "res://scenes/unit/players/player_generic.tscn", "scale_x": 1.0, "scale_y": 1.0, "color_r": 1.0, "color_g": 1.0, "color_b": 1.0, "color_a": 1.0, "z_index": 1.0 }
[Arena] 创建角色: banner
[PlayerFactory] 设置 player_id: banner
[PlayerFactory] 已加载脚本: res://scenes/unit/players/player_banner.gd (player_id=banner)
[PlayerFactory] 成功创建角色: banner
[Arena] 警告: player_id 不匹配，重新设置:  -> banner
[PlayerBase] player banner has no equipped item
[ItemWeapon] 尝试加载武器场景: res://scenes/weapons/melee/weapon_melee_point.tscn
[ItemWeapon] 成功加载武器场景: res://scenes/weapons/melee/weapon_melee_point.tscn
[Player] weapon added: 拳头1级 (punch_1)
[Weapon] _ready() - Sprite2D 初始化:
  - 可见性: true
  - z_index: 2
  - 缩放: (1.0, 1.0)
  - 位置: (27.0, 0.0)
  - Sprite2D 全局位置: (527.0, 300.0)
  - Weapon 全局位置: (500.0, 300.0)
[Player] weapon node added to scene
[Player] weapon position: (0.0, 0.0)
[Player] weapon global position: (500.0, 300.0)
[Player] weapon visible: true
[Player] weapon z_index: 0
[Weapon] 加载贴图: res://assets/sprites/Weapons/Melee/Weapon_Punch.png
[Weapon] Sprite2D 可见性: true
[Weapon] Sprite2D 位置: (27.0, 0.0)
[Weapon] Sprite2D 缩放: (1.0, 1.0)
[Weapon] 贴图大小: (200.0, 100.0)
[Weapon] 武器设置完成: 拳头1级 (punch_1)
  - 类型: MELEE
  - 等级: 1
  - 形状类型: point
  - 子弹模式: 未指定
  - 碰撞体: 由 MeleeBehavior 动态创建
  - 基础场景: res://scenes/weapons/melee/weapon_melee_point.tscn
[Player] weapon position after layout: (0.0, -15.0)
[Player] weapon global position after layout: (500.0, 285.0)
[PlayerBase] player banner loaded 1 weapons
[PlayerBase] death signal connected
[PlayerBase] start loading ultimate, player_id = banner
[PlayerBase] ultimate config loaded: { "ult_id": "banner_ult", "name": "总攻军令", "duration": 10.0, "energy_cost": 40.0, "bonus_bond_tag": "commander", "visual_color_hex": "#FF9933", "scale_multiplier": 1.2, "explosion_radius": 230.0, "explosion_damage_scale": 1.0, "description": "旗手发布总攻军令并推进战线", "f_role_id": "banner", "f_internal_cd": 0.98, "f_q_line_amp": 1.46, "f_q_closure_amp": 1.92, "f_special_value_1": 1.1, "f_special_value_2": 260.0, "f_special_value_3": 0.32, "f_bond_o_payload": "tag:nomad|lv2:0.12|lv3:0.24|axis:line", "f_bond_m_payload": "tag:geometrist|lv2:0.16|lv3:0.32|axis:closure", "f_bond_t_payload": "tag:commander|lv2:0.10|lv3:0.20|axis:tempo" }
[PlayerBase] ultimate script loaded: (res://scenes/skills/players/f_roles/skill_banner_f.gd):<GDScript#-9223369242626224750>
[PlayerBase] ultimate node created
[PlayerBase] ultimate load complete: 总攻军令
[SkillDrawingBase] _ready(): skill_banner_q, skill_owner=PlayerGeneric:<Area2D#2869306594018>
[SkillDrawingBase] Line2D 创建成功: skill_banner_q
[Arena] 生成角色成功: banner 在位置 (500.0, 300.0)
[Arena] 玩家初始化完成
[CharacterSlot] 加载角色图标: banner -> res://assets/sprites/Players/Player_18.png
[SquadHUD] 初始化 1 个角色卡槽
[Arena] 小队 HUD 初始化完成
[Arena] ===== _init_bond_hud() 开始 =====
[Arena] ✅ 找到 GameUI 节点: /root/Arena/GameUI
[Arena] ✅ BondHUD 场景加载成功
[Arena] ✅ BondHUD 实例化成功
[Arena] ✅ BondHUD 已添加到 GameUI
[Arena] BondHUD 路径: /root/Arena/GameUI/BondHUD
[Arena] BondHUD 可见性: true
[Arena] _ready() 完成，飘字保护已解除
[PlayerBase] SkillManager already exists (created by child: @Node@4226), loaded=3, skip auto create
[Arena] ===== 角色切换开始 =====
[Arena] 收到角色切换请求: banner
[Arena] 跳过自动保存（QEF测试模式）: character_switch
[Arena] 当前玩家: banner
[Arena] 当前玩家位置: (500.0, 300.0)
[Arena] 不清理旧玩家的技能效果（默认行为）
[Arena] 调用 player.queue_free()
[Arena] 等待一帧...
[DebugSwitcher] test mode enabled: wave_time=999, key8 toggles recording
[Arena] 玩家死亡信号已连接
[Arena] 触发 BondManager 重新计算羁绊...
[Arena] 当前队伍: ["banner", "breachmarshal", "swarm"]
[Arena] ✅ 羁绊计算完成
[PlayerBase] Bond stat modifiers applied:
  HP: 108 -> 142
  Speed: 659
  EnergyRegen: 0.8
  PickupRange: 150
  Damage: 10
[Arena] ✅ 羁绊属性已应用到玩家
[Arena] ===== _init_bond_hud() 完成 =====
[Arena] 玩家死亡信号已连接
[Arena] 等待完成，开始生成新角色
[Arena] _spawn_player 开始: player_id=banner, pos=(500.0, 300.0)
[Arena] Global.selected_player_weapons = { "banner": "punch", "breachmarshal": "punch", "swarm": "punch" }
[Arena] visual_config: { "player_id": "banner", "sprite_path": "res://assets/sprites/Players/Player_18.png", "scene_path": "res://scenes/unit/players/player_generic.tscn", "scale_x": 1.0, "scale_y": 1.0, "color_r": 1.0, "color_g": 1.0, "color_b": 1.0, "color_a": 1.0, "z_index": 1.0 }
[Arena] 创建角色: banner
[PlayerFactory] 设置 player_id: banner
[PlayerFactory] 已加载脚本: res://scenes/unit/players/player_banner.gd (player_id=banner)
[PlayerFactory] 成功创建角色: banner
[Arena] 警告: player_id 不匹配，重新设置:  -> banner
[PlayerBase] player banner has no equipped item
[ItemWeapon] 尝试加载武器场景: res://scenes/weapons/melee/weapon_melee_point.tscn
[ItemWeapon] 成功加载武器场景: res://scenes/weapons/melee/weapon_melee_point.tscn
[Player] weapon added: 拳头1级 (punch_1)
[Weapon] _ready() - Sprite2D 初始化:
  - 可见性: true
  - z_index: 2
  - 缩放: (1.0, 1.0)
  - 位置: (27.0, 0.0)
  - Sprite2D 全局位置: (527.0, 300.0)
  - Weapon 全局位置: (500.0, 300.0)
[Player] weapon node added to scene
[Player] weapon position: (0.0, 0.0)
[Player] weapon global position: (500.0, 300.0)
[Player] weapon visible: true
[Player] weapon z_index: 0
[Weapon] 加载贴图: res://assets/sprites/Weapons/Melee/Weapon_Punch.png
[Weapon] Sprite2D 可见性: true
[Weapon] Sprite2D 位置: (27.0, 0.0)
[Weapon] Sprite2D 缩放: (1.0, 1.0)
[Weapon] 贴图大小: (200.0, 100.0)
[Weapon] 武器设置完成: 拳头1级 (punch_1)
  - 类型: MELEE
  - 等级: 1
  - 形状类型: point
  - 子弹模式: 未指定
  - 碰撞体: 由 MeleeBehavior 动态创建
  - 基础场景: res://scenes/weapons/melee/weapon_melee_point.tscn
[Player] weapon position after layout: (0.0, -15.0)
[Player] weapon global position after layout: (500.0, 285.0)
[PlayerBase] player banner loaded 1 weapons
[PlayerBase] death signal connected
[PlayerBase] start loading ultimate, player_id = banner
[PlayerBase] ultimate config loaded: { "ult_id": "banner_ult", "name": "总攻军令", "duration": 10.0, "energy_cost": 40.0, "bonus_bond_tag": "commander", "visual_color_hex": "#FF9933", "scale_multiplier": 1.2, "explosion_radius": 230.0, "explosion_damage_scale": 1.0, "description": "旗手发布总攻军令并推进战线", "f_role_id": "banner", "f_internal_cd": 0.98, "f_q_line_amp": 1.46, "f_q_closure_amp": 1.92, "f_special_value_1": 1.1, "f_special_value_2": 260.0, "f_special_value_3": 0.32, "f_bond_o_payload": "tag:nomad|lv2:0.12|lv3:0.24|axis:line", "f_bond_m_payload": "tag:geometrist|lv2:0.16|lv3:0.32|axis:closure", "f_bond_t_payload": "tag:commander|lv2:0.10|lv3:0.20|axis:tempo" }
[PlayerBase] ultimate script loaded: (res://scenes/skills/players/f_roles/skill_banner_f.gd):<GDScript#-9223369242626224750>
[PlayerBase] ultimate node created
[PlayerBase] ultimate load complete: 总攻军令
[SkillDrawingBase] _ready(): skill_banner_q, skill_owner=PlayerGeneric:<Area2D#2878248850146>
[SkillDrawingBase] Line2D 创建成功: skill_banner_q
[Arena] 生成角色成功: banner 在位置 (500.0, 300.0)
[PlayerBase] Bond stat modifiers applied:
  HP: 108 -> 142
  Speed: 659
  EnergyRegen: 0.8
  PickupRange: 150
  Damage: 10
[Arena] ✅ 角色切换后羁绊属性已重新应用
[Arena] ===== 角色切换结束 =====
[PlayerBase] SkillManager already exists (created by child: @Node@4237), loaded=3, skip auto create
[Arena] 玩家死亡信号已连接
[DebugSwitcher] replay started: d:/Godot/Production/PolyLash_Project/.godot_cli/Roaming/Godot/app_userdata/PolyLash/qa_reports/input_recordings/player_ops_20260315_121329_386_banner.json
[Arena] ===== 角色切换开始 =====
[Arena] 收到角色切换请求: banner
[Arena] 跳过自动保存（QEF测试模式）: character_switch
[Arena] 当前玩家: banner
[Arena] 当前玩家位置: (500.0, 300.0)
[Arena] 不清理旧玩家的技能效果（默认行为）
[Arena] 调用 player.queue_free()
[Arena] 等待一帧...
[Arena] 等待完成，开始生成新角色
[Arena] _spawn_player 开始: player_id=banner, pos=(500.0, 300.0)
[Arena] Global.selected_player_weapons = { "banner": "punch", "breachmarshal": "punch", "swarm": "punch" }
[Arena] visual_config: { "player_id": "banner", "sprite_path": "res://assets/sprites/Players/Player_18.png", "scene_path": "res://scenes/unit/players/player_generic.tscn", "scale_x": 1.0, "scale_y": 1.0, "color_r": 1.0, "color_g": 1.0, "color_b": 1.0, "color_a": 1.0, "z_index": 1.0 }
[Arena] 创建角色: banner
[PlayerFactory] 设置 player_id: banner
[PlayerFactory] 已加载脚本: res://scenes/unit/players/player_banner.gd (player_id=banner)
[PlayerFactory] 成功创建角色: banner
[Arena] 警告: player_id 不匹配，重新设置:  -> banner
[PlayerBase] player banner has no equipped item
[ItemWeapon] 尝试加载武器场景: res://scenes/weapons/melee/weapon_melee_point.tscn
[ItemWeapon] 成功加载武器场景: res://scenes/weapons/melee/weapon_melee_point.tscn
[Player] weapon added: 拳头1级 (punch_1)
[Weapon] _ready() - Sprite2D 初始化:
  - 可见性: true
  - z_index: 2
  - 缩放: (1.0, 1.0)
  - 位置: (27.0, 0.0)
  - Sprite2D 全局位置: (527.0, 300.0)
  - Weapon 全局位置: (500.0, 300.0)
[Player] weapon node added to scene
[Player] weapon position: (0.0, 0.0)
[Player] weapon global position: (500.0, 300.0)
[Player] weapon visible: true
[Player] weapon z_index: 0
[Weapon] 加载贴图: res://assets/sprites/Weapons/Melee/Weapon_Punch.png
[Weapon] Sprite2D 可见性: true
[Weapon] Sprite2D 位置: (27.0, 0.0)
[Weapon] Sprite2D 缩放: (1.0, 1.0)
[Weapon] 贴图大小: (200.0, 100.0)
[Weapon] 武器设置完成: 拳头1级 (punch_1)
  - 类型: MELEE
  - 等级: 1
  - 形状类型: point
  - 子弹模式: 未指定
  - 碰撞体: 由 MeleeBehavior 动态创建
  - 基础场景: res://scenes/weapons/melee/weapon_melee_point.tscn
[Player] weapon position after layout: (0.0, -15.0)
[Player] weapon global position after layout: (500.0, 285.0)
[PlayerBase] player banner loaded 1 weapons
[PlayerBase] death signal connected
[PlayerBase] start loading ultimate, player_id = banner
[PlayerBase] ultimate config loaded: { "ult_id": "banner_ult", "name": "总攻军令", "duration": 10.0, "energy_cost": 40.0, "bonus_bond_tag": "commander", "visual_color_hex": "#FF9933", "scale_multiplier": 1.2, "explosion_radius": 230.0, "explosion_damage_scale": 1.0, "description": "旗手发布总攻军令并推进战线", "f_role_id": "banner", "f_internal_cd": 0.98, "f_q_line_amp": 1.46, "f_q_closure_amp": 1.92, "f_special_value_1": 1.1, "f_special_value_2": 260.0, "f_special_value_3": 0.32, "f_bond_o_payload": "tag:nomad|lv2:0.12|lv3:0.24|axis:line", "f_bond_m_payload": "tag:geometrist|lv2:0.16|lv3:0.32|axis:closure", "f_bond_t_payload": "tag:commander|lv2:0.10|lv3:0.20|axis:tempo" }
[PlayerBase] ultimate script loaded: (res://scenes/skills/players/f_roles/skill_banner_f.gd):<GDScript#-9223369242626224750>
[PlayerBase] ultimate node created
[PlayerBase] ultimate load complete: 总攻军令
[SkillDrawingBase] _ready(): skill_banner_q, skill_owner=PlayerGeneric:<Area2D#2890395552071>
[SkillDrawingBase] Line2D 创建成功: skill_banner_q
[Arena] 生成角色成功: banner 在位置 (500.0, 300.0)
[PlayerBase] Bond stat modifiers applied:
  HP: 108 -> 142
  Speed: 807
  EnergyRegen: 0.8
  PickupRange: 150
  Damage: 10
[Arena] ✅ 角色切换后羁绊属性已重新应用
[Arena] ===== 角色切换结束 =====
[PlayerBase] SkillManager already exists (created by child: @Node@4247), loaded=3, skip auto create
[Arena] 玩家死亡信号已连接
[skill_banner_q] ===== 鏉╂稑鍙嗙憴鍕灊濡€崇础 ===== 鐠ч鍋? (500.0002, 299.364), line_2d閺堝鏅? true
[PlayerBase] Q released -> release_skill('q')
[skill_banner_q] ===== 退出规划模式 ===== 点数: 70, 闭合: true
[skill_banner_q] 最终闭合判定: true
[PolygonUtils] 交叉点数量: 2
[PolygonUtils] 排序后: ["[0,4]", "[1,4]"]
[PolygonUtils] 8字形检测: i1=0, j1=4, i2=1, j2=4
[PolygonUtils] ⚠️ 非标准8字形，单独处理每个交叉点
[PolygonUtils] 提取完成，共 0 个区域
[PlayerBase] E pressed -> execute_skill('e')
[PlayerBase] F pressed, ultimate_skill = UltimateSkill:<Node#2892123609722>
[PlayerBase] try activate ultimate, energy: 100.0%
[DebugSwitcher] replay finished
[DebugSwitcher] test mode disabled
[BackgroundManager] 地图纹理大小: (994.000000, 460.000000)
[BackgroundManager] 初始化完成 - 瓦片大小: 2000, 已生成: 25 个瓦片
[ChestManager] 初始化完成 - 生成 2 个宝箱（分散布局）
[ChestManager] 初始化完成 - 预生成 2 个宝箱位置
[ChestIndicator] indicator_show_range = 3000 (from map_config.csv)
[ExitConfirmDialog] _ready() called
[Arena] _ready() 开始
[Arena] 已添加到 arena 组
[Arena] 已启用波末战利品模式，禁用旧宝箱流程
[Arena] 暂停菜单已初始化
[Arena] 商店面板已连接
[Arena] WaveRewardSystem 已创建
[Arena] WaveRewardPanel 已添加到 GameUI
[Arena] WildcardPanel 已添加到 GameUI
[Arena] BattleFlowController 已初始化
[Arena] Spawner 波次完成信号已连接
[Arena] 准备初始化玩家...
[Arena] _init_player_from_selection 开始
[Arena] selected_player_ids: ["pyro"]
[Arena] selected_player_weapons: { "pyro": "laser" }
WARNING: [ConfigManager] game_config 缺少键 'enable_wave_recruit_mode'，使用默认值: 1
   at: push_warning (core/variant/variant_utility.cpp:1034)
   GDScript backtrace (most recent call first):
       [0] get_game_setting (res://autoloads/config_manager.gd:590)
       [1] is_wave_recruit_mode_enabled (res://autoloads/global.gd:298)
       [2] enter_wave_recruit_mode (res://autoloads/global.gd:303)
       [3] _init_player_from_selection (res://scenes/arena/arena_core.gd:467)
       [4] _ready (res://scenes/arena/arena_core.gd:117)
[Arena] 场景中没有默认玩家，直接生成选择的角色
[Arena] _spawn_player 开始: player_id=pyro, pos=(500.0, 300.0)
[Arena] Global.selected_player_weapons = { "pyro": "laser" }
[Arena] visual_config: { "player_id": "pyro", "sprite_path": "res://assets/sprites/Players/Player_10.png", "scene_path": "res://scenes/unit/players/player_generic.tscn", "scale_x": 1.0, "scale_y": 1.0, "color_r": 1.0, "color_g": 1.0, "color_b": 1.0, "color_a": 1.0, "z_index": 1.0 }
[Arena] 创建角色: pyro
[PlayerFactory] 设置 player_id: pyro
[PlayerFactory] 已加载脚本: res://scenes/unit/players/player_pyro.gd (player_id=pyro)
[PlayerFactory] 成功创建角色: pyro
[Arena] 警告: player_id 不匹配，重新设置:  -> pyro
[PlayerBase] player pyro has no equipped item
[ItemWeapon] 尝试加载武器场景: res://scenes/weapons/range/weapon_range_beam.tscn
[ItemWeapon] 成功加载武器场景: res://scenes/weapons/range/weapon_range_beam.tscn
[Player] weapon added: 激光1级 (laser_1)
[Weapon] _ready() - Sprite2D 初始化:
  - 可见性: true
  - z_index: 2
  - 缩放: (1.0, 1.0)
  - 位置: (27.0, 0.0)
  - Sprite2D 全局位置: (527.0, 300.0)
  - Weapon 全局位置: (500.0, 300.0)
[Player] weapon node added to scene
[Player] weapon position: (0.0, 0.0)
[Player] weapon global position: (500.0, 300.0)
[Player] weapon visible: true
[Player] weapon z_index: 0
[Weapon] 加载贴图: res://assets/sprites/Weapons/Range/WeaponLaser.png
[Weapon] Sprite2D 可见性: true
[Weapon] Sprite2D 位置: (27.0, 0.0)
[Weapon] Sprite2D 缩放: (1.0, 1.0)
[Weapon] 贴图大小: (200.0, 100.0)
[Weapon] 动态创建枪口节点，偏移: (24.0, 0.0)
[Weapon] 武器设置完成: 激光1级 (laser_1)
  - 类型: RANGE
  - 等级: 1
  - 形状类型: straight
  - 子弹模式: single
  - 碰撞体位置/缩放: (0.0, 0.0) / (1.0, 1.0)
  - 基础场景: res://scenes/weapons/range/weapon_range_beam.tscn
[Player] weapon position after layout: (0.0, -15.0)
[Player] weapon global position after layout: (500.0, 285.0)
[PlayerBase] player pyro loaded 1 weapons
[PlayerBase] death signal connected
[PlayerBase] start loading ultimate, player_id = pyro
[PlayerBase] ultimate config loaded: { "ult_id": "pyro_ult", "name": "炼狱化身", "duration": 10.0, "energy_cost": 40.0, "bonus_bond_tag": "vanguard", "visual_color_hex": "#3366FF", "scale_multiplier": 1.2, "explosion_radius": 300.0, "explosion_damage_scale": 1.1, "description": "焰术师进入过热炉心并放大闭合爆燃", "f_role_id": "pyro", "f_internal_cd": 0.85, "f_q_line_amp": 1.6, "f_q_closure_amp": 2.1, "f_special_value_1": 1.3, "f_special_value_2": 240.0, "f_special_value_3": 0.22, "f_bond_o_payload": "tag:inkborn|lv2:0.12|lv3:0.24|axis:line", "f_bond_m_payload": "tag:blaster|lv2:0.16|lv3:0.32|axis:closure", "f_bond_t_payload": "tag:vanguard|lv2:0.10|lv3:0.20|axis:tempo" }
[PlayerBase] ultimate script loaded: (res://scenes/skills/players/f_roles/skill_pyro_f.gd):<GDScript#-9223371721577329873>
[PlayerBase] ultimate node created
[PlayerBase] ultimate load complete: 炼狱化身
[SkillDrawingBase] _ready(): skill_pyro_q, skill_owner=PlayerGeneric:<Area2D#3305765870273>
[SkillDrawingBase] Line2D 创建成功: skill_pyro_q
[Arena] 生成角色成功: pyro 在位置 (500.0, 300.0)
[Arena] 玩家初始化完成
[CharacterSlot] 加载角色图标: pyro -> res://assets/sprites/Players/Player_10.png
[SquadHUD] 初始化 1 个角色卡槽
[Arena] 小队 HUD 初始化完成
[Arena] ===== _init_bond_hud() 开始 =====
[Arena] ✅ 找到 GameUI 节点: /root/Arena/GameUI
[Arena] ✅ BondHUD 场景加载成功
[Arena] ✅ BondHUD 实例化成功
[Arena] ✅ BondHUD 已添加到 GameUI
[Arena] BondHUD 路径: /root/Arena/GameUI/BondHUD
[Arena] BondHUD 可见性: true
[Arena] _ready() 完成，飘字保护已解除
[PlayerBase] SkillManager already exists (created by child: @Node@4304), loaded=3, skip auto create
[Arena] ===== 角色切换开始 =====
[Arena] 收到角色切换请求: pyro
[Arena] 跳过自动保存（QEF测试模式）: character_switch
[Arena] 当前玩家: pyro
[Arena] 当前玩家位置: (500.0, 300.0)
[Arena] 不清理旧玩家的技能效果（默认行为）
[Arena] 调用 player.queue_free()
[Arena] 等待一帧...
[DebugSwitcher] test mode enabled: wave_time=999, key8 toggles recording
[Arena] 玩家死亡信号已连接
[Arena] 触发 BondManager 重新计算羁绊...
[Arena] 当前队伍: ["butcher", "pyro", "weaver"]
[Arena] ✅ 羁绊计算完成
[PlayerBase] Bond stat modifiers applied:
  HP: 98 -> 98
  Speed: 500
  EnergyRegen: 1.6
  PickupRange: 150
  Damage: 10
[Arena] ✅ 羁绊属性已应用到玩家
[Arena] ===== _init_bond_hud() 完成 =====
[Arena] 玩家死亡信号已连接
[Arena] 等待完成，开始生成新角色
[Arena] _spawn_player 开始: player_id=pyro, pos=(500.0, 300.0)
[Arena] Global.selected_player_weapons = { "butcher": "punch", "pyro": "laser", "weaver": "laser" }
[Arena] visual_config: { "player_id": "pyro", "sprite_path": "res://assets/sprites/Players/Player_10.png", "scene_path": "res://scenes/unit/players/player_generic.tscn", "scale_x": 1.0, "scale_y": 1.0, "color_r": 1.0, "color_g": 1.0, "color_b": 1.0, "color_a": 1.0, "z_index": 1.0 }
[Arena] 创建角色: pyro
[PlayerFactory] 设置 player_id: pyro
[PlayerFactory] 已加载脚本: res://scenes/unit/players/player_pyro.gd (player_id=pyro)
[PlayerFactory] 成功创建角色: pyro
[Arena] 警告: player_id 不匹配，重新设置:  -> pyro
[PlayerBase] player pyro has no equipped item
[ItemWeapon] 尝试加载武器场景: res://scenes/weapons/range/weapon_range_beam.tscn
[ItemWeapon] 成功加载武器场景: res://scenes/weapons/range/weapon_range_beam.tscn
[Player] weapon added: 激光1级 (laser_1)
[Weapon] _ready() - Sprite2D 初始化:
  - 可见性: true
  - z_index: 2
  - 缩放: (1.0, 1.0)
  - 位置: (27.0, 0.0)
  - Sprite2D 全局位置: (527.0, 300.0)
  - Weapon 全局位置: (500.0, 300.0)
[Player] weapon node added to scene
[Player] weapon position: (0.0, 0.0)
[Player] weapon global position: (500.0, 300.0)
[Player] weapon visible: true
[Player] weapon z_index: 0
[Weapon] 加载贴图: res://assets/sprites/Weapons/Range/WeaponLaser.png
[Weapon] Sprite2D 可见性: true
[Weapon] Sprite2D 位置: (27.0, 0.0)
[Weapon] Sprite2D 缩放: (1.0, 1.0)
[Weapon] 贴图大小: (200.0, 100.0)
[Weapon] 动态创建枪口节点，偏移: (24.0, 0.0)
[Weapon] 武器设置完成: 激光1级 (laser_1)
  - 类型: RANGE
  - 等级: 1
  - 形状类型: straight
  - 子弹模式: single
  - 碰撞体位置/缩放: (0.0, 0.0) / (1.0, 1.0)
  - 基础场景: res://scenes/weapons/range/weapon_range_beam.tscn
[Player] weapon position after layout: (0.0, -15.0)
[Player] weapon global position after layout: (500.0, 285.0)
[PlayerBase] player pyro loaded 1 weapons
[PlayerBase] death signal connected
[PlayerBase] start loading ultimate, player_id = pyro
[PlayerBase] ultimate config loaded: { "ult_id": "pyro_ult", "name": "炼狱化身", "duration": 10.0, "energy_cost": 40.0, "bonus_bond_tag": "vanguard", "visual_color_hex": "#3366FF", "scale_multiplier": 1.2, "explosion_radius": 300.0, "explosion_damage_scale": 1.1, "description": "焰术师进入过热炉心并放大闭合爆燃", "f_role_id": "pyro", "f_internal_cd": 0.85, "f_q_line_amp": 1.6, "f_q_closure_amp": 2.1, "f_special_value_1": 1.3, "f_special_value_2": 240.0, "f_special_value_3": 0.22, "f_bond_o_payload": "tag:inkborn|lv2:0.12|lv3:0.24|axis:line", "f_bond_m_payload": "tag:blaster|lv2:0.16|lv3:0.32|axis:closure", "f_bond_t_payload": "tag:vanguard|lv2:0.10|lv3:0.20|axis:tempo" }
[PlayerBase] ultimate script loaded: (res://scenes/skills/players/f_roles/skill_pyro_f.gd):<GDScript#-9223371721577329873>
[PlayerBase] ultimate node created
[PlayerBase] ultimate load complete: 炼狱化身
[SkillDrawingBase] _ready(): skill_pyro_q, skill_owner=PlayerGeneric:<Area2D#3316150966464>
[SkillDrawingBase] Line2D 创建成功: skill_pyro_q
[Arena] 生成角色成功: pyro 在位置 (500.0, 300.0)
[PlayerBase] Bond stat modifiers applied:
  HP: 98 -> 98
  Speed: 500
  EnergyRegen: 1.6
  PickupRange: 150
  Damage: 10
[Arena] ✅ 角色切换后羁绊属性已重新应用
[Arena] ===== 角色切换结束 =====
[PlayerBase] SkillManager already exists (created by child: @Node@4325), loaded=3, skip auto create
[Arena] 玩家死亡信号已连接
[Arena] ===== 角色切换开始 =====
[Arena] 收到角色切换请求: pyro
[Arena] 跳过自动保存（QEF测试模式）: character_switch
[Arena] 当前玩家: pyro
[Arena] 当前玩家位置: (500.0, 300.0)
[Arena] 不清理旧玩家的技能效果（默认行为）
[Arena] 调用 player.queue_free()
[Arena] 等待一帧...
[DebugSwitcher] recording started: d:/Godot/Production/PolyLash_Project/.godot_cli/Roaming/Godot/app_userdata/PolyLash/qa_reports/input_recordings/player_ops_20260315_121335_820_pyro.json
[Arena] 等待完成，开始生成新角色
[Arena] _spawn_player 开始: player_id=pyro, pos=(500.0, 300.0)
[Arena] Global.selected_player_weapons = { "butcher": "punch", "pyro": "laser", "weaver": "laser" }
[Arena] visual_config: { "player_id": "pyro", "sprite_path": "res://assets/sprites/Players/Player_10.png", "scene_path": "res://scenes/unit/players/player_generic.tscn", "scale_x": 1.0, "scale_y": 1.0, "color_r": 1.0, "color_g": 1.0, "color_b": 1.0, "color_a": 1.0, "z_index": 1.0 }
[Arena] 创建角色: pyro
[PlayerFactory] 设置 player_id: pyro
[PlayerFactory] 已加载脚本: res://scenes/unit/players/player_pyro.gd (player_id=pyro)
[PlayerFactory] 成功创建角色: pyro
[Arena] 警告: player_id 不匹配，重新设置:  -> pyro
[PlayerBase] player pyro has no equipped item
[ItemWeapon] 尝试加载武器场景: res://scenes/weapons/range/weapon_range_beam.tscn
[ItemWeapon] 成功加载武器场景: res://scenes/weapons/range/weapon_range_beam.tscn
[Player] weapon added: 激光1级 (laser_1)
[Weapon] _ready() - Sprite2D 初始化:
  - 可见性: true
  - z_index: 2
  - 缩放: (1.0, 1.0)
  - 位置: (27.0, 0.0)
  - Sprite2D 全局位置: (527.0, 300.0)
  - Weapon 全局位置: (500.0, 300.0)
[Player] weapon node added to scene
[Player] weapon position: (0.0, 0.0)
[Player] weapon global position: (500.0, 300.0)
[Player] weapon visible: true
[Player] weapon z_index: 0
[Weapon] 加载贴图: res://assets/sprites/Weapons/Range/WeaponLaser.png
[Weapon] Sprite2D 可见性: true
[Weapon] Sprite2D 位置: (27.0, 0.0)
[Weapon] Sprite2D 缩放: (1.0, 1.0)
[Weapon] 贴图大小: (200.0, 100.0)
[Weapon] 动态创建枪口节点，偏移: (24.0, 0.0)
[Weapon] 武器设置完成: 激光1级 (laser_1)
  - 类型: RANGE
  - 等级: 1
  - 形状类型: straight
  - 子弹模式: single
  - 碰撞体位置/缩放: (0.0, 0.0) / (1.0, 1.0)
  - 基础场景: res://scenes/weapons/range/weapon_range_beam.tscn
[Player] weapon position after layout: (0.0, -15.0)
[Player] weapon global position after layout: (500.0, 285.0)
[PlayerBase] player pyro loaded 1 weapons
[PlayerBase] death signal connected
[PlayerBase] start loading ultimate, player_id = pyro
[PlayerBase] ultimate config loaded: { "ult_id": "pyro_ult", "name": "炼狱化身", "duration": 10.0, "energy_cost": 40.0, "bonus_bond_tag": "vanguard", "visual_color_hex": "#3366FF", "scale_multiplier": 1.2, "explosion_radius": 300.0, "explosion_damage_scale": 1.1, "description": "焰术师进入过热炉心并放大闭合爆燃", "f_role_id": "pyro", "f_internal_cd": 0.85, "f_q_line_amp": 1.6, "f_q_closure_amp": 2.1, "f_special_value_1": 1.3, "f_special_value_2": 240.0, "f_special_value_3": 0.22, "f_bond_o_payload": "tag:inkborn|lv2:0.12|lv3:0.24|axis:line", "f_bond_m_payload": "tag:blaster|lv2:0.16|lv3:0.32|axis:closure", "f_bond_t_payload": "tag:vanguard|lv2:0.10|lv3:0.20|axis:tempo" }
[PlayerBase] ultimate script loaded: (res://scenes/skills/players/f_roles/skill_pyro_f.gd):<GDScript#-9223371721577329873>
[PlayerBase] ultimate node created
[PlayerBase] ultimate load complete: 炼狱化身
[SkillDrawingBase] _ready(): skill_pyro_q, skill_owner=PlayerGeneric:<Area2D#3322559862976>
[SkillDrawingBase] Line2D 创建成功: skill_pyro_q
[Arena] 生成角色成功: pyro 在位置 (500.0, 300.0)
[PlayerBase] Bond stat modifiers applied:
  HP: 98 -> 98
  Speed: 500
  EnergyRegen: 1.6
  PickupRange: 150
  Damage: 10
[Arena] ✅ 角色切换后羁绊属性已重新应用
[Arena] ===== 角色切换结束 =====
[PlayerBase] SkillManager already exists (created by child: @Node@4335), loaded=3, skip auto create
[Arena] 玩家死亡信号已连接
[RangeBehavior] ========== 开始远程攻击 ==========
[RangeBehavior] 武器名称: 激光1级
[RangeBehavior] 武器位置: (500.0, 285.0)
[RangeBehavior] 武器旋转: -49.7913857851922度
[RangeBehavior] Muzzle 位置: (538.7344, 239.1781)
[RangeBehavior] 生成子弹:
  - 子弹场景: res://scenes/projectiles/projectile_laser.tscn
  - 生成位置: (538.7344, 239.1781)
  - 角度偏移: 0.0度
  - 速度: (1291.145, -1527.398)
  - 伤害: 11.0
[Projectile] 子弹初始化:
  - 位置: (538.7344, 239.1781)
  - 速度: (1291.145, -1527.398)
  - 伤害: 11.0
  - 暴击: false
  - 击退: 0.5
  - 发射者: PlayerGeneric
  - Hitbox 碰撞层: 4
  - Hitbox 碰撞掩码: 8
[RangeBehavior] 发射 single x1
[skill_pyro_q] ===== 鏉╂稑鍙嗙憴鍕灊濡€崇础 ===== 鐠ч鍋? (500.0002, 299.364), line_2d閺堝鏅? true
[Projectile] ========== 子弹命中！==========
[Projectile] 子弹位置: (575.6528, 195.503)
[Projectile] 目标: CLIEnemy_(90_0, -120_0)
[Projectile] 目标位置: (583.215, 187.7907)
[Projectile] 子弹销毁
[RangeBehavior] 攻击结束
[PlayerBase] Q released -> release_skill('q')
[skill_pyro_q] ===== 退出规划模式 ===== 点数: 65, 闭合: false
[skill_pyro_q] 最终闭合判定: false
[skill_pyro_q] 閻㈢喐鍨氬鈧弨鎹愮熅瀵板嫭鏅ラ弸婊愮礉閸樼喎顫愰悙瑙勬殶: 65, 閸氬牆鑻熺痪鎸庮唽閺? 6
[skill_pyro_q] open-path effects spawned
[PlayerBase] E pressed -> execute_skill('e')
[RangeBehavior] ========== 开始远程攻击 ==========
[RangeBehavior] 武器名称: 激光1级
[RangeBehavior] 武器位置: (775.9537, 332.4293)
[RangeBehavior] 武器旋转: -166.442243431021度
[RangeBehavior] Muzzle 位置: (717.6257, 318.3638)
[RangeBehavior] 生成子弹:
  - 子弹场景: res://scenes/projectiles/projectile_laser.tscn
  - 生成位置: (717.6257, 318.3638)
  - 角度偏移: 0.0度
  - 速度: (-1944.268, -468.8509)
  - 伤害: 11.0
[Projectile] 子弹初始化:
  - 位置: (717.6257, 318.3638)
  - 速度: (-1944.268, -468.8509)
  - 伤害: 11.0
  - 暴击: false
  - 击退: 0.5
  - 发射者: PlayerGeneric
  - Hitbox 碰撞层: 4
  - Hitbox 碰撞掩码: 8
[RangeBehavior] 发射 single x1
[ExplosionArea] 检测到 0 个重叠区域
[ExplosionArea] 共击中 0 个敌人
[HealthComponent] 血量归零，触发死亡信号
[Projectile] ========== 子弹命中！==========
[Projectile] 子弹位置: (630.7955, 297.4251)
[Projectile] 目标: CLIEnemy_(180_0, 0_0)
[Projectile] 目标位置: (643.2797, 298.4272)
[Projectile] 子弹销毁
[PlayerBase] F pressed, ultimate_skill = UltimateSkill:<Node#3324355023545>
[PlayerBase] try activate ultimate, energy: 100.0%
[RangeBehavior] 攻击结束
[DebugSwitcher] record saved: d:/Godot/Production/PolyLash_Project/.godot_cli/Roaming/Godot/app_userdata/PolyLash/qa_reports/input_recordings/player_ops_20260315_121335_820_pyro.json
[DebugSwitcher] test mode disabled
[BackgroundManager] 地图纹理大小: (994.000000, 460.000000)
[BackgroundManager] 初始化完成 - 瓦片大小: 2000, 已生成: 25 个瓦片
[ChestManager] 初始化完成 - 生成 2 个宝箱（分散布局）
[ChestManager] 初始化完成 - 预生成 2 个宝箱位置
[ChestIndicator] indicator_show_range = 3000 (from map_config.csv)
[ExitConfirmDialog] _ready() called
[Arena] _ready() 开始
[Arena] 已添加到 arena 组
[Arena] 已启用波末战利品模式，禁用旧宝箱流程
[Arena] 暂停菜单已初始化
[Arena] 商店面板已连接
[Arena] WaveRewardSystem 已创建
[Arena] WaveRewardPanel 已添加到 GameUI
[Arena] WildcardPanel 已添加到 GameUI
[Arena] BattleFlowController 已初始化
[Arena] Spawner 波次完成信号已连接
[Arena] 准备初始化玩家...
[Arena] _init_player_from_selection 开始
[Arena] selected_player_ids: ["pyro"]
[Arena] selected_player_weapons: { "pyro": "laser" }
WARNING: [ConfigManager] game_config 缺少键 'enable_wave_recruit_mode'，使用默认值: 1
   at: push_warning (core/variant/variant_utility.cpp:1034)
   GDScript backtrace (most recent call first):
       [0] get_game_setting (res://autoloads/config_manager.gd:590)
       [1] is_wave_recruit_mode_enabled (res://autoloads/global.gd:298)
       [2] enter_wave_recruit_mode (res://autoloads/global.gd:303)
       [3] _init_player_from_selection (res://scenes/arena/arena_core.gd:467)
       [4] _ready (res://scenes/arena/arena_core.gd:117)
[Arena] 场景中没有默认玩家，直接生成选择的角色
[Arena] _spawn_player 开始: player_id=pyro, pos=(500.0, 300.0)
[Arena] Global.selected_player_weapons = { "pyro": "laser" }
[Arena] visual_config: { "player_id": "pyro", "sprite_path": "res://assets/sprites/Players/Player_10.png", "scene_path": "res://scenes/unit/players/player_generic.tscn", "scale_x": 1.0, "scale_y": 1.0, "color_r": 1.0, "color_g": 1.0, "color_b": 1.0, "color_a": 1.0, "z_index": 1.0 }
[Arena] 创建角色: pyro
[PlayerFactory] 设置 player_id: pyro
[PlayerFactory] 已加载脚本: res://scenes/unit/players/player_pyro.gd (player_id=pyro)
[PlayerFactory] 成功创建角色: pyro
[Arena] 警告: player_id 不匹配，重新设置:  -> pyro
[PlayerBase] player pyro has no equipped item
[ItemWeapon] 尝试加载武器场景: res://scenes/weapons/range/weapon_range_beam.tscn
[ItemWeapon] 成功加载武器场景: res://scenes/weapons/range/weapon_range_beam.tscn
[Player] weapon added: 激光1级 (laser_1)
[Weapon] _ready() - Sprite2D 初始化:
  - 可见性: true
  - z_index: 2
  - 缩放: (1.0, 1.0)
  - 位置: (27.0, 0.0)
  - Sprite2D 全局位置: (527.0, 300.0)
  - Weapon 全局位置: (500.0, 300.0)
[Player] weapon node added to scene
[Player] weapon position: (0.0, 0.0)
[Player] weapon global position: (500.0, 300.0)
[Player] weapon visible: true
[Player] weapon z_index: 0
[Weapon] 加载贴图: res://assets/sprites/Weapons/Range/WeaponLaser.png
[Weapon] Sprite2D 可见性: true
[Weapon] Sprite2D 位置: (27.0, 0.0)
[Weapon] Sprite2D 缩放: (1.0, 1.0)
[Weapon] 贴图大小: (200.0, 100.0)
[Weapon] 动态创建枪口节点，偏移: (24.0, 0.0)
[Weapon] 武器设置完成: 激光1级 (laser_1)
  - 类型: RANGE
  - 等级: 1
  - 形状类型: straight
  - 子弹模式: single
  - 碰撞体位置/缩放: (0.0, 0.0) / (1.0, 1.0)
  - 基础场景: res://scenes/weapons/range/weapon_range_beam.tscn
[Player] weapon position after layout: (0.0, -15.0)
[Player] weapon global position after layout: (500.0, 285.0)
[PlayerBase] player pyro loaded 1 weapons
[PlayerBase] death signal connected
[PlayerBase] start loading ultimate, player_id = pyro
[PlayerBase] ultimate config loaded: { "ult_id": "pyro_ult", "name": "炼狱化身", "duration": 10.0, "energy_cost": 40.0, "bonus_bond_tag": "vanguard", "visual_color_hex": "#3366FF", "scale_multiplier": 1.2, "explosion_radius": 300.0, "explosion_damage_scale": 1.1, "description": "焰术师进入过热炉心并放大闭合爆燃", "f_role_id": "pyro", "f_internal_cd": 0.85, "f_q_line_amp": 1.6, "f_q_closure_amp": 2.1, "f_special_value_1": 1.3, "f_special_value_2": 240.0, "f_special_value_3": 0.22, "f_bond_o_payload": "tag:inkborn|lv2:0.12|lv3:0.24|axis:line", "f_bond_m_payload": "tag:blaster|lv2:0.16|lv3:0.32|axis:closure", "f_bond_t_payload": "tag:vanguard|lv2:0.10|lv3:0.20|axis:tempo" }
[PlayerBase] ultimate script loaded: (res://scenes/skills/players/f_roles/skill_pyro_f.gd):<GDScript#-9223371721577329873>
[PlayerBase] ultimate node created
[PlayerBase] ultimate load complete: 炼狱化身
[SkillDrawingBase] _ready(): skill_pyro_q, skill_owner=PlayerGeneric:<Area2D#3345829861212>
[SkillDrawingBase] Line2D 创建成功: skill_pyro_q
[Arena] 生成角色成功: pyro 在位置 (500.0, 300.0)
[Arena] 玩家初始化完成
[CharacterSlot] 加载角色图标: pyro -> res://assets/sprites/Players/Player_10.png
[SquadHUD] 初始化 1 个角色卡槽
[Arena] 小队 HUD 初始化完成
[Arena] ===== _init_bond_hud() 开始 =====
[Arena] ✅ 找到 GameUI 节点: /root/Arena/GameUI
[Arena] ✅ BondHUD 场景加载成功
[Arena] ✅ BondHUD 实例化成功
[Arena] ✅ BondHUD 已添加到 GameUI
[Arena] BondHUD 路径: /root/Arena/GameUI/BondHUD
[Arena] BondHUD 可见性: true
[Arena] _ready() 完成，飘字保护已解除
[PlayerBase] SkillManager already exists (created by child: @Node@4448), loaded=3, skip auto create
[Arena] ===== 角色切换开始 =====
[Arena] 收到角色切换请求: pyro
[Arena] 跳过自动保存（QEF测试模式）: character_switch
[Arena] 当前玩家: pyro
[Arena] 当前玩家位置: (500.0, 300.0)
[Arena] 不清理旧玩家的技能效果（默认行为）
[Arena] 调用 player.queue_free()
[Arena] 等待一帧...
[DebugSwitcher] test mode enabled: wave_time=999, key8 toggles recording
[Arena] 玩家死亡信号已连接
[Arena] 触发 BondManager 重新计算羁绊...
[Arena] 当前队伍: ["butcher", "pyro", "weaver"]
[Arena] ✅ 羁绊计算完成
[PlayerBase] Bond stat modifiers applied:
  HP: 98 -> 98
  Speed: 500
  EnergyRegen: 1.6
  PickupRange: 150
  Damage: 10
[Arena] ✅ 羁绊属性已应用到玩家
[Arena] ===== _init_bond_hud() 完成 =====
[Arena] 玩家死亡信号已连接
[Arena] 等待完成，开始生成新角色
[Arena] _spawn_player 开始: player_id=pyro, pos=(500.0, 300.0)
[Arena] Global.selected_player_weapons = { "butcher": "punch", "pyro": "laser", "weaver": "laser" }
[Arena] visual_config: { "player_id": "pyro", "sprite_path": "res://assets/sprites/Players/Player_10.png", "scene_path": "res://scenes/unit/players/player_generic.tscn", "scale_x": 1.0, "scale_y": 1.0, "color_r": 1.0, "color_g": 1.0, "color_b": 1.0, "color_a": 1.0, "z_index": 1.0 }
[Arena] 创建角色: pyro
[PlayerFactory] 设置 player_id: pyro
[PlayerFactory] 已加载脚本: res://scenes/unit/players/player_pyro.gd (player_id=pyro)
[PlayerFactory] 成功创建角色: pyro
[Arena] 警告: player_id 不匹配，重新设置:  -> pyro
[PlayerBase] player pyro has no equipped item
[ItemWeapon] 尝试加载武器场景: res://scenes/weapons/range/weapon_range_beam.tscn
[ItemWeapon] 成功加载武器场景: res://scenes/weapons/range/weapon_range_beam.tscn
[Player] weapon added: 激光1级 (laser_1)
[Weapon] _ready() - Sprite2D 初始化:
  - 可见性: true
  - z_index: 2
  - 缩放: (1.0, 1.0)
  - 位置: (27.0, 0.0)
  - Sprite2D 全局位置: (527.0, 300.0)
  - Weapon 全局位置: (500.0, 300.0)
[Player] weapon node added to scene
[Player] weapon position: (0.0, 0.0)
[Player] weapon global position: (500.0, 300.0)
[Player] weapon visible: true
[Player] weapon z_index: 0
[Weapon] 加载贴图: res://assets/sprites/Weapons/Range/WeaponLaser.png
[Weapon] Sprite2D 可见性: true
[Weapon] Sprite2D 位置: (27.0, 0.0)
[Weapon] Sprite2D 缩放: (1.0, 1.0)
[Weapon] 贴图大小: (200.0, 100.0)
[Weapon] 动态创建枪口节点，偏移: (24.0, 0.0)
[Weapon] 武器设置完成: 激光1级 (laser_1)
  - 类型: RANGE
  - 等级: 1
  - 形状类型: straight
  - 子弹模式: single
  - 碰撞体位置/缩放: (0.0, 0.0) / (1.0, 1.0)
  - 基础场景: res://scenes/weapons/range/weapon_range_beam.tscn
[Player] weapon position after layout: (0.0, -15.0)
[Player] weapon global position after layout: (500.0, 285.0)
[PlayerBase] player pyro loaded 1 weapons
[PlayerBase] death signal connected
[PlayerBase] start loading ultimate, player_id = pyro
[PlayerBase] ultimate config loaded: { "ult_id": "pyro_ult", "name": "炼狱化身", "duration": 10.0, "energy_cost": 40.0, "bonus_bond_tag": "vanguard", "visual_color_hex": "#3366FF", "scale_multiplier": 1.2, "explosion_radius": 300.0, "explosion_damage_scale": 1.1, "description": "焰术师进入过热炉心并放大闭合爆燃", "f_role_id": "pyro", "f_internal_cd": 0.85, "f_q_line_amp": 1.6, "f_q_closure_amp": 2.1, "f_special_value_1": 1.3, "f_special_value_2": 240.0, "f_special_value_3": 0.22, "f_bond_o_payload": "tag:inkborn|lv2:0.12|lv3:0.24|axis:line", "f_bond_m_payload": "tag:blaster|lv2:0.16|lv3:0.32|axis:closure", "f_bond_t_payload": "tag:vanguard|lv2:0.10|lv3:0.20|axis:tempo" }
[PlayerBase] ultimate script loaded: (res://scenes/skills/players/f_roles/skill_pyro_f.gd):<GDScript#-9223371721577329873>
[PlayerBase] ultimate node created
[PlayerBase] ultimate load complete: 炼狱化身
[SkillDrawingBase] _ready(): skill_pyro_q, skill_owner=PlayerGeneric:<Area2D#3353329276764>
[SkillDrawingBase] Line2D 创建成功: skill_pyro_q
[Arena] 生成角色成功: pyro 在位置 (500.0, 300.0)
[PlayerBase] Bond stat modifiers applied:
  HP: 98 -> 98
  Speed: 500
  EnergyRegen: 1.6
  PickupRange: 150
  Damage: 10
[Arena] ✅ 角色切换后羁绊属性已重新应用
[Arena] ===== 角色切换结束 =====
[PlayerBase] SkillManager already exists (created by child: @Node@4459), loaded=3, skip auto create
[Arena] 玩家死亡信号已连接
[DebugSwitcher] replay started: d:/Godot/Production/PolyLash_Project/.godot_cli/Roaming/Godot/app_userdata/PolyLash/qa_reports/input_recordings/player_ops_20260315_121335_820_pyro.json
[Arena] ===== 角色切换开始 =====
[Arena] 收到角色切换请求: pyro
[Arena] 跳过自动保存（QEF测试模式）: character_switch
[Arena] 当前玩家: pyro
[Arena] 当前玩家位置: (500.0, 300.0)
[Arena] 不清理旧玩家的技能效果（默认行为）
[Arena] 调用 player.queue_free()
[Arena] 等待一帧...
[Arena] 等待完成，开始生成新角色
[Arena] _spawn_player 开始: player_id=pyro, pos=(500.0, 300.0)
[Arena] Global.selected_player_weapons = { "butcher": "punch", "pyro": "laser", "weaver": "laser" }
[Arena] visual_config: { "player_id": "pyro", "sprite_path": "res://assets/sprites/Players/Player_10.png", "scene_path": "res://scenes/unit/players/player_generic.tscn", "scale_x": 1.0, "scale_y": 1.0, "color_r": 1.0, "color_g": 1.0, "color_b": 1.0, "color_a": 1.0, "z_index": 1.0 }
[Arena] 创建角色: pyro
[PlayerFactory] 设置 player_id: pyro
[PlayerFactory] 已加载脚本: res://scenes/unit/players/player_pyro.gd (player_id=pyro)
[PlayerFactory] 成功创建角色: pyro
[Arena] 警告: player_id 不匹配，重新设置:  -> pyro
[PlayerBase] player pyro has no equipped item
[ItemWeapon] 尝试加载武器场景: res://scenes/weapons/range/weapon_range_beam.tscn
[ItemWeapon] 成功加载武器场景: res://scenes/weapons/range/weapon_range_beam.tscn
[Player] weapon added: 激光1级 (laser_1)
[Weapon] _ready() - Sprite2D 初始化:
  - 可见性: true
  - z_index: 2
  - 缩放: (1.0, 1.0)
  - 位置: (27.0, 0.0)
  - Sprite2D 全局位置: (527.0, 300.0)
  - Weapon 全局位置: (500.0, 300.0)
[Player] weapon node added to scene
[Player] weapon position: (0.0, 0.0)
[Player] weapon global position: (500.0, 300.0)
[Player] weapon visible: true
[Player] weapon z_index: 0
[Weapon] 加载贴图: res://assets/sprites/Weapons/Range/WeaponLaser.png
[Weapon] Sprite2D 可见性: true
[Weapon] Sprite2D 位置: (27.0, 0.0)
[Weapon] Sprite2D 缩放: (1.0, 1.0)
[Weapon] 贴图大小: (200.0, 100.0)
[Weapon] 动态创建枪口节点，偏移: (24.0, 0.0)
[Weapon] 武器设置完成: 激光1级 (laser_1)
  - 类型: RANGE
  - 等级: 1
  - 形状类型: straight
  - 子弹模式: single
  - 碰撞体位置/缩放: (0.0, 0.0) / (1.0, 1.0)
  - 基础场景: res://scenes/weapons/range/weapon_range_beam.tscn
[Player] weapon position after layout: (0.0, -15.0)
[Player] weapon global position after layout: (500.0, 285.0)
[PlayerBase] player pyro loaded 1 weapons
[PlayerBase] death signal connected
[PlayerBase] start loading ultimate, player_id = pyro
[PlayerBase] ultimate config loaded: { "ult_id": "pyro_ult", "name": "炼狱化身", "duration": 10.0, "energy_cost": 40.0, "bonus_bond_tag": "vanguard", "visual_color_hex": "#3366FF", "scale_multiplier": 1.2, "explosion_radius": 300.0, "explosion_damage_scale": 1.1, "description": "焰术师进入过热炉心并放大闭合爆燃", "f_role_id": "pyro", "f_internal_cd": 0.85, "f_q_line_amp": 1.6, "f_q_closure_amp": 2.1, "f_special_value_1": 1.3, "f_special_value_2": 240.0, "f_special_value_3": 0.22, "f_bond_o_payload": "tag:inkborn|lv2:0.12|lv3:0.24|axis:line", "f_bond_m_payload": "tag:blaster|lv2:0.16|lv3:0.32|axis:closure", "f_bond_t_payload": "tag:vanguard|lv2:0.10|lv3:0.20|axis:tempo" }
[PlayerBase] ultimate script loaded: (res://scenes/skills/players/f_roles/skill_pyro_f.gd):<GDScript#-9223371721577329873>
[PlayerBase] ultimate node created
[PlayerBase] ultimate load complete: 炼狱化身
[SkillDrawingBase] _ready(): skill_pyro_q, skill_owner=PlayerGeneric:<Area2D#3361013241691>
[SkillDrawingBase] Line2D 创建成功: skill_pyro_q
[Arena] 生成角色成功: pyro 在位置 (500.0, 300.0)
[PlayerBase] Bond stat modifiers applied:
  HP: 98 -> 98
  Speed: 500
  EnergyRegen: 2.0
  PickupRange: 150
  Damage: 10
[Arena] ✅ 角色切换后羁绊属性已重新应用
[Arena] ===== 角色切换结束 =====
[PlayerBase] SkillManager already exists (created by child: @Node@4469), loaded=3, skip auto create
[Arena] 玩家死亡信号已连接
[RangeBehavior] ========== 开始远程攻击 ==========
[RangeBehavior] 武器名称: 激光1级
[RangeBehavior] 武器位置: (500.0, 285.0)
[RangeBehavior] 武器旋转: -48.3559976254519度
[RangeBehavior] Muzzle 位置: (539.87, 240.1627)
[RangeBehavior] 生成子弹:
  - 子弹场景: res://scenes/projectiles/projectile_laser.tscn
  - 生成位置: (539.87, 240.1627)
  - 角度偏移: 0.0度
  - 速度: (1329.001, -1494.576)
  - 伤害: 11.0
[Projectile] 子弹初始化:
  - 位置: (539.87, 240.1627)
  - 速度: (1329.001, -1494.576)
  - 伤害: 11.0
  - 暴击: false
  - 击退: 0.5
  - 发射者: PlayerGeneric
  - Hitbox 碰撞层: 4
  - Hitbox 碰撞掩码: 8
[RangeBehavior] 发射 single x1
[skill_pyro_q] ===== 鏉╂稑鍙嗙憴鍕灊濡€崇础 ===== 鐠ч鍋? (500.0002, 299.364), line_2d閺堝鏅? true
[Projectile] ========== 子弹命中！==========
[Projectile] 子弹位置: (577.8758, 197.4215)
[Projectile] 目标: CLIEnemy_(90_0, -120_0)
[Projectile] 目标位置: (582.4533, 188.7872)
[Projectile] 子弹销毁
[RangeBehavior] 攻击结束
[PlayerBase] Q released -> release_skill('q')
[skill_pyro_q] ===== 退出规划模式 ===== 点数: 73, 闭合: true
[skill_pyro_q] 最终闭合判定: true
[PolygonUtils] 交叉点数量: 1
[PolygonUtils] 排序后: ["[0,4]"]
[PolygonUtils] 提取完成，共 0 个区域
[PlayerBase] E pressed -> execute_skill('e')
[HealthComponent] 血量归零，触发死亡信号
[RangeBehavior] ========== 开始远程攻击 ==========
[RangeBehavior] 武器名称: 激光1级
[RangeBehavior] 武器位置: (775.9537, 332.4293)
[RangeBehavior] 武器旋转: 165.056398048426度
[RangeBehavior] Muzzle 位置: (717.9829, 347.9014)
[RangeBehavior] 生成子弹:
  - 子弹场景: res://scenes/projectiles/projectile_laser.tscn
  - 生成位置: (717.9829, 347.9014)
  - 角度偏移: 0.0度
  - 速度: (-1932.36, 515.7363)
  - 伤害: 11.0
[Projectile] 子弹初始化:
  - 位置: (717.9829, 347.9014)
  - 速度: (-1932.36, 515.7363)
  - 伤害: 11.0
  - 暴击: false
  - 击退: 0.5
  - 发射者: PlayerGeneric
  - Hitbox 碰撞层: 4
  - Hitbox 碰撞掩码: 8
[RangeBehavior] 发射 single x1
[ExplosionArea] 检测到 0 个重叠区域
[ExplosionArea] 共击中 0 个敌人
[Projectile] ========== 子弹命中！==========
[Projectile] 子弹位置: (610.6029, 376.5607)
[Projectile] 目标: CLIEnemy_(120_0, 90_0)
[Projectile] 目标位置: (624.454, 373.3761)
[Projectile] 子弹销毁
[RangeBehavior] 攻击结束
[PlayerBase] F pressed, ultimate_skill = UltimateSkill:<Node#3362808404935>
[PlayerBase] try activate ultimate, energy: 100.0%
[DebugSwitcher] replay finished
[DebugSwitcher] test mode disabled
WARNING: ObjectDB instances leaked at exit (run with --verbose for details).
   at: cleanup (core/object/object.cpp:2641)
