Godot Engine v4.6.1.stable.official.14d19694e - https://godotengine.org

ERROR: Failed to read the root certificate store.
   at: get_system_ca_certificates (platform/windows/os_windows.cpp:2570)
=== 配置管理器初始化 ===
[ConfigManager] 加载配置: res://config/player/player_config.csv - 32 条记录
[ConfigManager] 加载配置: res://config/player/player_visual.csv - 32 条记录
[ConfigManager] 加载配置: res://config/player/player_weapons.csv - 32 条记录
[ConfigManager] 加载配置: res://config/player/player_skill_bindings.csv - 32 条记录
[ConfigManager] 加载配置: res://config/player/player_available_weapons.csv - 32 条记录
[ConfigManager] 加载宽表技能参数: res://config/player/skill_params_wide.csv - 71 个技能, 102 条描述
[ConfigManager] 加载配置: res://config/enemy/enemy_config.csv - 12 条记录
[ConfigManager] 加载配置: res://config/enemy/enemy_visual.csv - 12 条记录
[ConfigManager] 加载配置: res://config/enemy/enemy_weapons.csv - 5 条记录
[ConfigManager] 加载配置: res://config/weapon/weapon_config_optimized.csv - 35 条记录
[ConfigManager] 加载配置: res://config/wave/wave_config.csv - 4 条记录
[ConfigManager] 加载波次单位配置: res://config/wave/wave_units_config.csv - 4 个波次
[ConfigManager] 加载配置: res://config/system/input_config.csv - 16 条记录
[ConfigManager] 加载配置: res://config/item/upgrade_attributes.csv - 4 条记录
[ConfigManager] 加载配置: res://config/item/chest_config.csv - 4 条记录
[ConfigManager] 加载配置: res://config/wave/wave_chest_config.csv - 5 条记录
[ConfigManager] 加载 key-value 配置: res://config/system/game_config.csv - 53 条记录
[ConfigManager] 加载 key-value 配置: res://config/system/camera_config.csv - 8 条记录
[ConfigManager] 加载 key-value 配置: res://config/system/map_config.csv - 15 条记录
[ConfigManager] 加载新格式道具配置: res://config/item/item_config.csv - 59 条记录
[ConfigManager] 加载护符配置: res://config/item/emblem_config.csv - 14 条记录
[ConfigManager] 加载致谢配置: res://config/system/credits_config.csv - 4 条记录
=== 配置加载完成 ===
[ConfigManager] 加载配置: res://config/audio/ui_sounds.csv - 12 条记录
[ConfigManager] 加载配置: res://config/audio/combat_sounds.csv - 18 条记录
[ConfigManager] 加载配置: res://config/audio/skill_sounds.csv - 10 条记录
[ConfigManager] 加载配置: res://config/audio/environment_sounds.csv - 25 条记录
[SoundManager] 初始化完成: 65 条配置, 93 个音频缓存, 1 个音效组
=== 升级管理器初始化 ===
[EliteConfigManager] 加载精英敌人: EliteConfig(enemy_glutton: 吞噬者)
[EliteConfigManager] 加载精英能力配置: EliteAbilityConfig(enemy_glutton)
[EliteConfigManager] 加载进化阶段: EvolutionStage(enemy_glutton Stage 1)
[EliteConfigManager] 加载进化阶段: EvolutionStage(enemy_glutton Stage 2)
[EliteConfigManager] 加载进化阶段: EvolutionStage(enemy_glutton Stage 3)
[EliteConfigManager] 加载进化阶段: EvolutionStage(enemy_glutton Stage 4)
[EliteConfigManager] 加载进化阶段: EvolutionStage(enemy_glutton Stage 5)
[EliteConfigManager] 加载波次精英配置: WaveEliteConfig(wave_1_to_5: enemy_glutton x0)
[EliteConfigManager] 加载波次精英配置: WaveEliteConfig(wave_6_to_10: enemy_glutton x1)
[EliteConfigManager] 加载波次精英配置: WaveEliteConfig(wave_11_to_15: enemy_glutton x2)
[EliteConfigManager] 加载波次精英配置: WaveEliteConfig(wave_16_to_20: enemy_glutton x3)
[EliteConfigManager] 加载精英生成配置: EliteSpawnConfig(wave_1_to_5: enemy_glutton, 间隔999.0-999.0s, 最多0个)
[EliteConfigManager] 加载精英生成配置: EliteSpawnConfig(wave_6_to_10: enemy_glutton, 间隔20.0-30.0s, 最多1个)
[EliteConfigManager] 加载精英生成配置: EliteSpawnConfig(wave_11_to_15: enemy_glutton, 间隔15.0-25.0s, 最多2个)
[EliteConfigManager] 加载精英生成配置: EliteSpawnConfig(wave_16_to_20: enemy_glutton, 间隔12.0-22.0s, 最多3个)
[EliteConfigManager] 初始化完成

=== 精英敌人配置 ===
  enemy_glutton: 吞噬者 (血量88, 伤害9, 护甲0.0, 速度158.0)

=== 进化阶段配置 ===
  enemy_glutton:
    Stage 1: 血量x1.00, 伤害x1.00, 护甲x1.00, 速度x1.00, 吞噬1个敌人 - 初始阶段
    Stage 2: 血量x1.00, 伤害x1.20, 护甲x1.00, 速度x1.07, 吞噬5个敌人 - 酸液射手
    Stage 3: 血量x1.40, 伤害x1.44, 护甲x1.00, 速度x1.13, 吞噬5个敌人 - 巨型怪物
    Stage 4: 血量x1.88, 伤害x1.73, 护甲x1.00, 速度x1.20, 吞噬5个敌人 - 过度进食
    Stage 5: 血量x1.46, 伤害x2.07, 护甲x1.00, 速度x1.27, 吞噬5个敌人 - 终极形态

=== 波次精英配置 ===
  wave_1_to_5:
    enemy_glutton: 生成0个, 权重0.0, 初始阶段1, 允许进化false
  wave_6_to_10:
    enemy_glutton: 生成1个, 权重2.0, 初始阶段1, 允许进化true
  wave_11_to_15:
    enemy_glutton: 生成2个, 权重3.0, 初始阶段1, 允许进化true
  wave_16_to_20:
    enemy_glutton: 生成3个, 权重4.0, 初始阶段1, 允许进化true

=== 精英生成配置 ===
  wave_1_to_5:
    enemy_glutton: 生成间隔999.0-999.0s, 最多0个 [禁用]
  wave_6_to_10:
    enemy_glutton: 生成间隔20.0-30.0s, 最多1个 [启用]
  wave_11_to_15:
    enemy_glutton: 生成间隔15.0-25.0s, 最多2个 [启用]
  wave_16_to_20:
    enemy_glutton: 生成间隔12.0-22.0s, 最多3个 [启用]
[PlayerFactory] 已初始化
[EquipmentManager] 装备数据文件不存在，使用默认值
[EquipmentManager] 初始化完成
[WarehouseManager] 加载了 59 个道具配置（委托 ConfigManager）
[WarehouseManager] 初始化完成（局内模式），容量: 48
[BondUILoader] 加载了 11 个羁绊配置
[BondUILoader] 初始化完成，加载了 11 个羁绊配置
[ResonanceRuntimeService] init complete, players=32
[RunTelemetryService] 恢复采样 run_id=run_1773543240_1504
[ShopManager] 通过 ConfigRepository 加载了 18 行商店配置数据
[ShopManager] 初始化完成，加载了 13 个商店配置项
[ShopAttributeManager] 通过 ConfigRepository 加载了 32 个属性配置
[ShopAttributeManager] 通过 ConfigRepository 加载了 5 个波次配置
[ShopAttributeManager] 初始化完成: 32个属性, 5个波次配置
[AbilityManager] 加载了 5 个敌人的能力配置
[AbilityManager] 初始化完成，已注册 3 个能力类型
[WeaponConfigLoader] 加载表头: 46 个字段
[WeaponConfigLoader] 加载完成: 35 个武器基础配置
[BackgroundManager] 地图纹理大小: (994.000000, 460.000000)
[BackgroundManager] 初始化完成 - 瓦片大小: 2000, 已生成: 25 个瓦片
[ChestManager] 初始化完成 - 生成 2 个宝箱（分散布局）
[ChestManager] 初始化完成 - 预生成 2 个宝箱位置
[ChestIndicator] indicator_show_range = 3000 (from map_config.csv)
[ExitConfirmDialog] _ready() called
[Arena] _ready() 开始
[Arena] 已添加到 arena 组
[Arena] 已启用波末战利品模式，禁用旧宝箱流程
[Arena] 暂停菜单已初始化
[Arena] 商店面板已连接
[Arena] WaveRewardSystem 已创建
[Arena] WaveRewardPanel 已添加到 GameUI
[Arena] WildcardPanel 已添加到 GameUI
[Arena] BattleFlowController 已初始化
[Arena] Spawner 波次完成信号已连接
[Arena] 准备初始化玩家...
[Arena] _init_player_from_selection 开始
[Arena] selected_player_ids: ["butcher"]
[Arena] selected_player_weapons: { "butcher": "punch" }
WARNING: [ConfigManager] game_config 缺少键 'enable_wave_recruit_mode'，使用默认值: 1
   at: push_warning (core/variant/variant_utility.cpp:1034)
   GDScript backtrace (most recent call first):
       [0] get_game_setting (res://autoloads/config_manager.gd:590)
       [1] is_wave_recruit_mode_enabled (res://autoloads/global.gd:298)
       [2] enter_wave_recruit_mode (res://autoloads/global.gd:303)
       [3] _init_player_from_selection (res://scenes/arena/arena_core.gd:467)
       [4] _ready (res://scenes/arena/arena_core.gd:117)
[Arena] 场景中没有默认玩家，直接生成选择的角色
[Arena] _spawn_player 开始: player_id=butcher, pos=(500.0, 300.0)
[Arena] Global.selected_player_weapons = { "butcher": "punch" }
[Arena] visual_config: { "player_id": "butcher", "sprite_path": "res://assets/sprites/Players/Player_5.png", "scene_path": "res://scenes/unit/players/player_generic.tscn", "scale_x": 1.0, "scale_y": 1.0, "color_r": 1.0, "color_g": 1.0, "color_b": 1.0, "color_a": 1.0, "z_index": 1.0 }
[Arena] 创建角色: butcher
[PlayerFactory] 设置 player_id: butcher
[PlayerFactory] 已加载脚本: res://scenes/unit/players/player_butcher.gd (player_id=butcher)
[PlayerFactory] 成功创建角色: butcher
[Arena] 警告: player_id 不匹配，重新设置:  -> butcher
[PlayerBase] player butcher has no equipped item
[WeaponConfigLoader] DEBUG punch row keys:
  - weapon_base_id: punch
  - display_name_template: 拳头%d级
  - type: melee
  - max_level: 4
  - base_damage: 10
  - base_accuracy: 1
  - base_cooldown: 0.8
  - base_crit_chance: 0.05
  - base_crit_damage: 1.5
  - base_max_range: 180
  - base_knockback: 1.5
  - base_life_steal: 0
  - base_recoil: 15
  - base_recoil_duration: 0.08
  - base_attack_duration: 0.3
  - base_back_duration: 0.15
  - base_projectile_speed: 0
  - base_scene_path: res://scenes/weapons/melee/weapon_melee_point.tscn
  - projectile_scene: 
  - sprite_texture_template: res://assets/sprites/Weapons/Melee/Weapon_Punch.png
  - icon_path_template: res://assets/sprites/Weapons/Melee/Weapon_Punch.png
  - muzzle_offset: 0|0
  - hitbox_offset: 30|0
  - hitbox_scale: 1.2|1.0
  - animation_frames_path: res://anims/punch_frames.tres
  - vfx_attack_scene: res://scenes/vfx/melee_punch_attack.tscn
  - vfx_hit_scene: res://scenes/vfx/melee_punch_hit.tscn
  - audio_attack: res://assets/audio/Punch.mp3
  - shape_type: point
  - bullet_mode: 
  - effect_type: 
  - base_sector_angle: 0
  - base_bullet_count: 1
  - base_spread_angle: 0
  - base_pierce_count: 0
  - param1: 0
  - param2: 0
  - param3: 0
  - item_cost_base: 1
  - resource_path: 
  - damage_scale: 0.5
  - cooldown_scale: -0.1
  - range_scale: 10
  - knockback_scale: 0.1
  - pierce_scale: 0
  - bullet_count_scale: 0
[WeaponConfigLoader] DEBUG punch:
  - base_max_range: 180.0
  - range_scale: 10.0
  - level: 1
  - max_range: 180.0
  - row['base_max_range']: 180
[WeaponConfigLoader] 创建武器 Stats: punch_1 (punch Lv.1)
[ItemWeapon] 尝试加载武器场景: res://scenes/weapons/melee/weapon_melee_point.tscn
[ItemWeapon] 成功加载武器场景: res://scenes/weapons/melee/weapon_melee_point.tscn
[Player] weapon added: 拳头1级 (punch_1)
[Weapon] _ready() - Sprite2D 初始化:
  - 可见性: true
  - z_index: 2
  - 缩放: (1.0, 1.0)
  - 位置: (27.0, 0.0)
  - Sprite2D 全局位置: (527.0, 300.0)
  - Weapon 全局位置: (500.0, 300.0)
[Player] weapon node added to scene
[Player] weapon position: (0.0, 0.0)
[Player] weapon global position: (500.0, 300.0)
[Player] weapon visible: true
[Player] weapon z_index: 0
[Weapon] 加载贴图: res://assets/sprites/Weapons/Melee/Weapon_Punch.png
[Weapon] Sprite2D 可见性: true
[Weapon] Sprite2D 位置: (27.0, 0.0)
[Weapon] Sprite2D 缩放: (1.0, 1.0)
[Weapon] 贴图大小: (200.0, 100.0)
[Weapon] 武器设置完成: 拳头1级 (punch_1)
  - 类型: MELEE
  - 等级: 1
  - 形状类型: point
  - 子弹模式: 未指定
  - 碰撞体: 由 MeleeBehavior 动态创建
  - 基础场景: res://scenes/weapons/melee/weapon_melee_point.tscn
[Player] weapon position after layout: (0.0, -15.0)
[Player] weapon global position after layout: (500.0, 285.0)
[PlayerBase] player butcher loaded 1 weapons
[PlayerBase] death signal connected
[PlayerBase] start loading ultimate, player_id = butcher
[PlayerBase] ultimate config loaded: { "ult_id": "butcher_ult", "name": "血之狂怒", "duration": 10.0, "energy_cost": 40.0, "bonus_bond_tag": "vanguard", "visual_color_hex": "#FF3333", "scale_multiplier": 1.2, "explosion_radius": 220.0, "explosion_damage_scale": 1.3, "description": "屠夫进入血锯屠场窗口并强化画线屠杀", "f_role_id": "butcher", "f_internal_cd": 0.9, "f_q_line_amp": 1.55, "f_q_closure_amp": 2.05, "f_special_value_1": 1.35, "f_special_value_2": 220.0, "f_special_value_3": 0.3, "f_bond_o_payload": "tag:colossus|lv2:0.12|lv3:0.24|axis:line", "f_bond_m_payload": "tag:architect|lv2:0.16|lv3:0.32|axis:closure", "f_bond_t_payload": "tag:vanguard|lv2:0.10|lv3:0.20|axis:tempo" }
[PlayerBase] ultimate script loaded: (res://scenes/skills/players/f_roles/skill_butcher_f.gd):<GDScript#-9223371857053349509>
[PlayerBase] ultimate node created
[PlayerBase] ultimate load complete: 血之狂怒
[Arena] 生成角色成功: butcher 在位置 (500.0, 300.0)
[Arena] 玩家初始化完成
[CharacterSlot] 加载角色图标: butcher -> res://assets/sprites/Players/Player_5.png
[SquadHUD] 初始化 1 个角色卡槽
[Arena] 小队 HUD 初始化完成
[Arena] ===== _init_bond_hud() 开始 =====
[Arena] ✅ 找到 GameUI 节点: /root/Arena/GameUI
[Arena] ✅ BondHUD 场景加载成功
[Arena] ✅ BondHUD 实例化成功
[Arena] ✅ BondHUD 已添加到 GameUI
[Arena] BondHUD 路径: /root/Arena/GameUI/BondHUD
[Arena] BondHUD 可见性: true
[Arena] _ready() 完成，飘字保护已解除
[PlayerBase] SkillManager already exists (created by child: @Node@116), loaded=3, skip auto create
[Arena] ===== 角色切换开始 =====
[Arena] 收到角色切换请求: butcher
[Arena] 跳过自动保存（QEF测试模式）: character_switch
[Arena] 当前玩家: butcher
[Arena] 当前玩家位置: (500.0, 300.0)
[Arena] 不清理旧玩家的技能效果（默认行为）
[Arena] 调用 player.queue_free()
[Arena] 等待一帧...
[DebugSwitcher] test mode enabled: wave_time=999, key8 toggles recording
[Arena] 玩家死亡信号已连接
[Arena] 触发 BondManager 重新计算羁绊...
[Arena] 当前队伍: ["butcher", "pyro", "weaver"]
[Arena] ✅ 羁绊计算完成
[PlayerBase] Bond stat modifiers applied:
  HP: 158 -> 158
  Speed: 450
  EnergyRegen: 0.7
  PickupRange: 150
  Damage: 10
[Arena] ✅ 羁绊属性已应用到玩家
[Arena] ===== _init_bond_hud() 完成 =====
[Arena] 玩家死亡信号已连接
[Arena] 等待完成，开始生成新角色
[Arena] _spawn_player 开始: player_id=butcher, pos=(500.0, 300.0)
[Arena] Global.selected_player_weapons = { "butcher": "punch", "pyro": "laser", "weaver": "laser" }
[Arena] visual_config: { "player_id": "butcher", "sprite_path": "res://assets/sprites/Players/Player_5.png", "scene_path": "res://scenes/unit/players/player_generic.tscn", "scale_x": 1.0, "scale_y": 1.0, "color_r": 1.0, "color_g": 1.0, "color_b": 1.0, "color_a": 1.0, "z_index": 1.0 }
[Arena] 创建角色: butcher
[PlayerFactory] 设置 player_id: butcher
[PlayerFactory] 已加载脚本: res://scenes/unit/players/player_butcher.gd (player_id=butcher)
[PlayerFactory] 成功创建角色: butcher
[Arena] 警告: player_id 不匹配，重新设置:  -> butcher
[PlayerBase] player butcher has no equipped item
[ItemWeapon] 尝试加载武器场景: res://scenes/weapons/melee/weapon_melee_point.tscn
[ItemWeapon] 成功加载武器场景: res://scenes/weapons/melee/weapon_melee_point.tscn
[Player] weapon added: 拳头1级 (punch_1)
[Weapon] _ready() - Sprite2D 初始化:
  - 可见性: true
  - z_index: 2
  - 缩放: (1.0, 1.0)
  - 位置: (27.0, 0.0)
  - Sprite2D 全局位置: (527.0, 300.0)
  - Weapon 全局位置: (500.0, 300.0)
[Player] weapon node added to scene
[Player] weapon position: (0.0, 0.0)
[Player] weapon global position: (500.0, 300.0)
[Player] weapon visible: true
[Player] weapon z_index: 0
[Weapon] 加载贴图: res://assets/sprites/Weapons/Melee/Weapon_Punch.png
[Weapon] Sprite2D 可见性: true
[Weapon] Sprite2D 位置: (27.0, 0.0)
[Weapon] Sprite2D 缩放: (1.0, 1.0)
[Weapon] 贴图大小: (200.0, 100.0)
[Weapon] 武器设置完成: 拳头1级 (punch_1)
  - 类型: MELEE
  - 等级: 1
  - 形状类型: point
  - 子弹模式: 未指定
  - 碰撞体: 由 MeleeBehavior 动态创建
  - 基础场景: res://scenes/weapons/melee/weapon_melee_point.tscn
[Player] weapon position after layout: (0.0, -15.0)
[Player] weapon global position after layout: (500.0, 285.0)
[PlayerBase] player butcher loaded 1 weapons
[PlayerBase] death signal connected
[PlayerBase] start loading ultimate, player_id = butcher
[PlayerBase] ultimate config loaded: { "ult_id": "butcher_ult", "name": "血之狂怒", "duration": 10.0, "energy_cost": 40.0, "bonus_bond_tag": "vanguard", "visual_color_hex": "#FF3333", "scale_multiplier": 1.2, "explosion_radius": 220.0, "explosion_damage_scale": 1.3, "description": "屠夫进入血锯屠场窗口并强化画线屠杀", "f_role_id": "butcher", "f_internal_cd": 0.9, "f_q_line_amp": 1.55, "f_q_closure_amp": 2.05, "f_special_value_1": 1.35, "f_special_value_2": 220.0, "f_special_value_3": 0.3, "f_bond_o_payload": "tag:colossus|lv2:0.12|lv3:0.24|axis:line", "f_bond_m_payload": "tag:architect|lv2:0.16|lv3:0.32|axis:closure", "f_bond_t_payload": "tag:vanguard|lv2:0.10|lv3:0.20|axis:tempo" }
[PlayerBase] ultimate script loaded: (res://scenes/skills/players/f_roles/skill_butcher_f.gd):<GDScript#-9223371857053349509>
[PlayerBase] ultimate node created
[PlayerBase] ultimate load complete: 血之狂怒
[Arena] 生成角色成功: butcher 在位置 (500.0, 300.0)
[PlayerBase] Bond stat modifiers applied:
  HP: 158 -> 158
  Speed: 450
  EnergyRegen: 0.7
  PickupRange: 150
  Damage: 10
[Arena] ✅ 角色切换后羁绊属性已重新应用
[Arena] ===== 角色切换结束 =====
[PlayerBase] SkillManager already exists (created by child: @Node@129), loaded=3, skip auto create
[Arena] 玩家死亡信号已连接
[PlayerBase] E pressed -> execute_skill('e')
[ExplosionArea] 检测到 3 个重叠区域
[ExplosionArea] 区域 1: HurtboxComponent -> 父节点: CLIEnemy_(180_0, 0_0) (类型: Area2D)
[ExplosionArea]   ⚠️ 使用备用伤害方案
[ExplosionArea]   ✅ 造成伤害(备用): 0.0 -> CLIEnemy_(180_0, 0_0)
[ExplosionArea] 区域 2: HurtboxComponent -> 父节点: CLIEnemy_(120_0, 90_0) (类型: Area2D)
[ExplosionArea]   ⚠️ 使用备用伤害方案
[ExplosionArea]   ✅ 造成伤害(备用): 0.0 -> CLIEnemy_(120_0, 90_0)
[ExplosionArea] 区域 3: HurtboxComponent -> 父节点: CLIEnemy_(90_0, -120_0) (类型: Area2D)
[ExplosionArea]   ⚠️ 使用备用伤害方案
[ExplosionArea]   ✅ 造成伤害(备用): 0.0 -> CLIEnemy_(90_0, -120_0)
[ExplosionArea] 共击中 3 个敌人
[PlayerBase] F pressed, ultimate_skill = UltimateSkill:<Node#195555232117>
[PlayerBase] try activate ultimate, energy: 100.0%
[HealthComponent] 血量归零，触发死亡信号
[HealthComponent] 血量归零，触发死亡信号
[HealthComponent] 血量归零，触发死亡信号
[HealthComponent] 已经死亡，忽略伤害
[HealthComponent] 已经死亡，忽略伤害
[HealthComponent] 已经死亡，忽略伤害
[DebugSwitcher] test mode disabled
[BackgroundManager] 地图纹理大小: (994.000000, 460.000000)
[BackgroundManager] 初始化完成 - 瓦片大小: 2000, 已生成: 25 个瓦片
[ChestManager] 初始化完成 - 生成 2 个宝箱（分散布局）
[ChestManager] 初始化完成 - 预生成 2 个宝箱位置
[ChestIndicator] indicator_show_range = 3000 (from map_config.csv)
[ExitConfirmDialog] _ready() called
[Arena] _ready() 开始
[Arena] 已添加到 arena 组
[Arena] 已启用波末战利品模式，禁用旧宝箱流程
[Arena] 暂停菜单已初始化
[Arena] 商店面板已连接
[Arena] WaveRewardSystem 已创建
[Arena] WaveRewardPanel 已添加到 GameUI
[Arena] WildcardPanel 已添加到 GameUI
[Arena] BattleFlowController 已初始化
[Arena] Spawner 波次完成信号已连接
[Arena] 准备初始化玩家...
[Arena] _init_player_from_selection 开始
[Arena] selected_player_ids: ["weaver"]
[Arena] selected_player_weapons: { "weaver": "laser" }
WARNING: [ConfigManager] game_config 缺少键 'enable_wave_recruit_mode'，使用默认值: 1
   at: push_warning (core/variant/variant_utility.cpp:1034)
   GDScript backtrace (most recent call first):
       [0] get_game_setting (res://autoloads/config_manager.gd:590)
       [1] is_wave_recruit_mode_enabled (res://autoloads/global.gd:298)
       [2] enter_wave_recruit_mode (res://autoloads/global.gd:303)
       [3] _init_player_from_selection (res://scenes/arena/arena_core.gd:467)
       [4] _ready (res://scenes/arena/arena_core.gd:117)
[Arena] 场景中没有默认玩家，直接生成选择的角色
[Arena] _spawn_player 开始: player_id=weaver, pos=(500.0, 300.0)
[Arena] Global.selected_player_weapons = { "weaver": "laser" }
[Arena] visual_config: { "player_id": "weaver", "sprite_path": "res://assets/sprites/Players/Player_8.png", "scene_path": "res://scenes/unit/players/player_generic.tscn", "scale_x": 1.0, "scale_y": 1.0, "color_r": 1.0, "color_g": 1.0, "color_b": 1.0, "color_a": 1.0, "z_index": 1.0 }
[Arena] 创建角色: weaver
[PlayerFactory] 设置 player_id: weaver
[PlayerFactory] 已加载脚本: res://scenes/unit/players/player_weaver.gd (player_id=weaver)
[PlayerFactory] 成功创建角色: weaver
[Arena] 警告: player_id 不匹配，重新设置:  -> weaver
[PlayerBase] player weaver has no equipped item
[WeaponConfigLoader] 创建武器 Stats: laser_1 (laser Lv.1)
[ItemWeapon] 尝试加载武器场景: res://scenes/weapons/range/weapon_range_beam.tscn
[ItemWeapon] 成功加载武器场景: res://scenes/weapons/range/weapon_range_beam.tscn
[Player] weapon added: 激光1级 (laser_1)
[Weapon] _ready() - Sprite2D 初始化:
  - 可见性: true
  - z_index: 2
  - 缩放: (1.0, 1.0)
  - 位置: (27.0, 0.0)
  - Sprite2D 全局位置: (527.0, 300.0)
  - Weapon 全局位置: (500.0, 300.0)
[Player] weapon node added to scene
[Player] weapon position: (0.0, 0.0)
[Player] weapon global position: (500.0, 300.0)
[Player] weapon visible: true
[Player] weapon z_index: 0
[Weapon] 加载贴图: res://assets/sprites/Weapons/Range/WeaponLaser.png
[Weapon] Sprite2D 可见性: true
[Weapon] Sprite2D 位置: (27.0, 0.0)
[Weapon] Sprite2D 缩放: (1.0, 1.0)
[Weapon] 贴图大小: (200.0, 100.0)
[Weapon] 动态创建枪口节点，偏移: (24.0, 0.0)
[Weapon] 武器设置完成: 激光1级 (laser_1)
  - 类型: RANGE
  - 等级: 1
  - 形状类型: straight
  - 子弹模式: single
  - 碰撞体位置/缩放: (0.0, 0.0) / (1.0, 1.0)
  - 基础场景: res://scenes/weapons/range/weapon_range_beam.tscn
[Player] weapon position after layout: (0.0, -15.0)
[Player] weapon global position after layout: (500.0, 285.0)
[PlayerBase] player weaver loaded 1 weapons
[PlayerBase] death signal connected
[PlayerBase] start loading ultimate, player_id = weaver
[PlayerBase] ultimate config loaded: { "ult_id": "weaver_ult", "name": "万丝归巢", "duration": 10.0, "energy_cost": 40.0, "bonus_bond_tag": "assist", "visual_color_hex": "#FFAA33", "scale_multiplier": 1.3, "explosion_radius": 200.0, "explosion_damage_scale": 1.2, "description": "织网者启动万丝归巢并强化闭合禁行", "f_role_id": "weaver", "f_internal_cd": 1.0, "f_q_line_amp": 1.42, "f_q_closure_amp": 1.92, "f_special_value_1": 1.05, "f_special_value_2": 250.0, "f_special_value_3": 0.35, "f_bond_o_payload": "tag:inkborn|lv2:0.12|lv3:0.24|axis:line", "f_bond_m_payload": "tag:hexer|lv2:0.16|lv3:0.32|axis:closure", "f_bond_t_payload": "tag:assist|lv2:0.10|lv3:0.20|axis:tempo" }
[PlayerBase] ultimate script loaded: (res://scenes/skills/players/f_roles/skill_weaver_f.gd):<GDScript#-9223371815580071458>
[PlayerBase] ultimate node created
[PlayerBase] ultimate load complete: 万丝归巢
[Arena] 生成角色成功: weaver 在位置 (500.0, 300.0)
[Arena] 玩家初始化完成
[CharacterSlot] 加载角色图标: weaver -> res://assets/sprites/Players/Player_8.png
[SquadHUD] 初始化 1 个角色卡槽
[Arena] 小队 HUD 初始化完成
[Arena] ===== _init_bond_hud() 开始 =====
[Arena] ✅ 找到 GameUI 节点: /root/Arena/GameUI
[Arena] ✅ BondHUD 场景加载成功
[Arena] ✅ BondHUD 实例化成功
[Arena] ✅ BondHUD 已添加到 GameUI
[Arena] BondHUD 路径: /root/Arena/GameUI/BondHUD
[Arena] BondHUD 可见性: true
[Arena] _ready() 完成，飘字保护已解除
[PlayerBase] SkillManager already exists (created by child: @Node@205), loaded=3, skip auto create
[Arena] ===== 角色切换开始 =====
[Arena] 收到角色切换请求: weaver
[Arena] 跳过自动保存（QEF测试模式）: character_switch
[Arena] 当前玩家: weaver
[Arena] 当前玩家位置: (500.0, 300.0)
[Arena] 不清理旧玩家的技能效果（默认行为）
[Arena] 调用 player.queue_free()
[Arena] 等待一帧...
[DebugSwitcher] test mode enabled: wave_time=999, key8 toggles recording
[Arena] 玩家死亡信号已连接
[Arena] 触发 BondManager 重新计算羁绊...
[Arena] 当前队伍: ["butcher", "pyro", "weaver"]
[Arena] ✅ 羁绊计算完成
[PlayerBase] Bond stat modifiers applied:
  HP: 103 -> 103
  Speed: 510
  EnergyRegen: 1.0
  PickupRange: 150
  Damage: 10
[Arena] ✅ 羁绊属性已应用到玩家
[Arena] ===== _init_bond_hud() 完成 =====
[Arena] 玩家死亡信号已连接
[Arena] 等待完成，开始生成新角色
[Arena] _spawn_player 开始: player_id=weaver, pos=(500.0, 300.0)
[Arena] Global.selected_player_weapons = { "butcher": "punch", "pyro": "laser", "weaver": "laser" }
[Arena] visual_config: { "player_id": "weaver", "sprite_path": "res://assets/sprites/Players/Player_8.png", "scene_path": "res://scenes/unit/players/player_generic.tscn", "scale_x": 1.0, "scale_y": 1.0, "color_r": 1.0, "color_g": 1.0, "color_b": 1.0, "color_a": 1.0, "z_index": 1.0 }
[Arena] 创建角色: weaver
[PlayerFactory] 设置 player_id: weaver
[PlayerFactory] 已加载脚本: res://scenes/unit/players/player_weaver.gd (player_id=weaver)
[PlayerFactory] 成功创建角色: weaver
[Arena] 警告: player_id 不匹配，重新设置:  -> weaver
[PlayerBase] player weaver has no equipped item
[ItemWeapon] 尝试加载武器场景: res://scenes/weapons/range/weapon_range_beam.tscn
[ItemWeapon] 成功加载武器场景: res://scenes/weapons/range/weapon_range_beam.tscn
[Player] weapon added: 激光1级 (laser_1)
[Weapon] _ready() - Sprite2D 初始化:
  - 可见性: true
  - z_index: 2
  - 缩放: (1.0, 1.0)
  - 位置: (27.0, 0.0)
  - Sprite2D 全局位置: (527.0, 300.0)
  - Weapon 全局位置: (500.0, 300.0)
[Player] weapon node added to scene
[Player] weapon position: (0.0, 0.0)
[Player] weapon global position: (500.0, 300.0)
[Player] weapon visible: true
[Player] weapon z_index: 0
[Weapon] 加载贴图: res://assets/sprites/Weapons/Range/WeaponLaser.png
[Weapon] Sprite2D 可见性: true
[Weapon] Sprite2D 位置: (27.0, 0.0)
[Weapon] Sprite2D 缩放: (1.0, 1.0)
[Weapon] 贴图大小: (200.0, 100.0)
[Weapon] 动态创建枪口节点，偏移: (24.0, 0.0)
[Weapon] 武器设置完成: 激光1级 (laser_1)
  - 类型: RANGE
  - 等级: 1
  - 形状类型: straight
  - 子弹模式: single
  - 碰撞体位置/缩放: (0.0, 0.0) / (1.0, 1.0)
  - 基础场景: res://scenes/weapons/range/weapon_range_beam.tscn
[Player] weapon position after layout: (0.0, -15.0)
[Player] weapon global position after layout: (500.0, 285.0)
[PlayerBase] player weaver loaded 1 weapons
[PlayerBase] death signal connected
[PlayerBase] start loading ultimate, player_id = weaver
[PlayerBase] ultimate config loaded: { "ult_id": "weaver_ult", "name": "万丝归巢", "duration": 10.0, "energy_cost": 40.0, "bonus_bond_tag": "assist", "visual_color_hex": "#FFAA33", "scale_multiplier": 1.3, "explosion_radius": 200.0, "explosion_damage_scale": 1.2, "description": "织网者启动万丝归巢并强化闭合禁行", "f_role_id": "weaver", "f_internal_cd": 1.0, "f_q_line_amp": 1.42, "f_q_closure_amp": 1.92, "f_special_value_1": 1.05, "f_special_value_2": 250.0, "f_special_value_3": 0.35, "f_bond_o_payload": "tag:inkborn|lv2:0.12|lv3:0.24|axis:line", "f_bond_m_payload": "tag:hexer|lv2:0.16|lv3:0.32|axis:closure", "f_bond_t_payload": "tag:assist|lv2:0.10|lv3:0.20|axis:tempo" }
[PlayerBase] ultimate script loaded: (res://scenes/skills/players/f_roles/skill_weaver_f.gd):<GDScript#-9223371815580071458>
[PlayerBase] ultimate node created
[PlayerBase] ultimate load complete: 万丝归巢
[Arena] 生成角色成功: weaver 在位置 (500.0, 300.0)
[PlayerBase] Bond stat modifiers applied:
  HP: 103 -> 103
  Speed: 510
  EnergyRegen: 1.0
  PickupRange: 150
  Damage: 10
[Arena] ✅ 角色切换后羁绊属性已重新应用
[Arena] ===== 角色切换结束 =====
[PlayerBase] SkillManager already exists (created by child: @Node@216), loaded=3, skip auto create
[Arena] 玩家死亡信号已连接
[RangeBehavior] ========== 开始远程攻击 ==========
[RangeBehavior] 武器名称: 激光1级
[RangeBehavior] 武器位置: (500.0, 285.0)
[RangeBehavior] 武器旋转: -49.9132944165932度
[RangeBehavior] Muzzle 位置: (538.6368, 239.0957)
[RangeBehavior] 生成子弹:
  - 子弹场景: res://scenes/projectiles/projectile_laser.tscn
  - 生成位置: (538.6368, 239.0957)
  - 角度偏移: 0.0度
  - 速度: (1287.892, -1530.142)
  - 伤害: 11.0
[Projectile] 子弹初始化:
  - 位置: (538.6368, 239.0957)
  - 速度: (1287.892, -1530.142)
  - 伤害: 11.0
  - 暴击: false
  - 击退: 0.5
  - 发射者: PlayerGeneric
  - Hitbox 碰撞层: 4
  - Hitbox 碰撞掩码: 8
[RangeBehavior] 发射 single x1
[Projectile] ========== 子弹命中！==========
[Projectile] 子弹位置: (577.2603, 193.2089)
[Projectile] 目标: CLIEnemy_(90_0, -120_0)
[Projectile] 目标位置: (585.5468, 184.6554)
[Projectile] 子弹销毁
[RangeBehavior] 攻击结束
[PolygonUtils] 交叉点数量: 1
[PolygonUtils] 排序后: ["[0,4]"]
[PolygonUtils] 单交叉点区域: 点数=4
[PolygonUtils] 提取完成，共 1 个区域
[PlayerBase] E pressed -> execute_skill('e')
[HealthComponent] 血量归零，触发死亡信号
[HealthComponent] 血量归零，触发死亡信号
[ExplosionArea] 检测到 1 个重叠区域
[ExplosionArea] 区域 1: HurtboxComponent -> 父节点: CLIEnemy_(120_0, 90_0) (类型: Area2D)
[ExplosionArea]   ⚠️ 使用备用伤害方案
[ExplosionArea]   ✅ 造成伤害(备用): 0.0 -> CLIEnemy_(120_0, 90_0)
[ExplosionArea] 共击中 1 个敌人
[ExplosionArea] 检测到 1 个重叠区域
[ExplosionArea] 区域 1: HurtboxComponent -> 父节点: CLIEnemy_(180_0, 0_0) (类型: Area2D)
[ExplosionArea]   ⚠️ 使用备用伤害方案
[ExplosionArea]   ✅ 造成伤害(备用): 0.0 -> CLIEnemy_(180_0, 0_0)
[ExplosionArea] 共击中 1 个敌人
[ExplosionArea] 检测到 1 个重叠区域
[ExplosionArea] 区域 1: HurtboxComponent -> 父节点: CLIEnemy_(90_0, -120_0) (类型: Area2D)
[ExplosionArea]   ⚠️ 使用备用伤害方案
[ExplosionArea]   ✅ 造成伤害(备用): 0.0 -> CLIEnemy_(90_0, -120_0)
[ExplosionArea] 共击中 1 个敌人
[HealthComponent] 已经死亡，忽略伤害
[PlayerBase] F pressed, ultimate_skill = UltimateSkill:<Node#231911459297>
[PlayerBase] try activate ultimate, energy: 100.0%
[RangeBehavior] ========== 开始远程攻击 ==========
[RangeBehavior] 武器名称: 激光1级
[RangeBehavior] 武器位置: (500.0, 282.3739)
[RangeBehavior] 武器旋转: -47.3360625521668度
[RangeBehavior] Muzzle 位置: (547.7805, 230.5292)
[RangeBehavior] 生成子弹:
  - 子弹场景: res://scenes/projectiles/projectile_laser.tscn
  - 生成位置: (547.7805, 230.5292)
  - 角度偏移: 0.0度
  - 速度: (1355.394, -1470.683)
  - 伤害: 11.0
[Projectile] 子弹初始化:
  - 位置: (547.7805, 230.5292)
  - 速度: (1355.394, -1470.683)
  - 伤害: 11.0
  - 暴击: false
  - 击退: 0.5
  - 发射者: PlayerGeneric
  - Hitbox 碰撞层: 4
  - Hitbox 碰撞掩码: 8
[RangeBehavior] 发射 single x1
[HealthComponent] 血量归零，触发死亡信号
[Projectile] ========== 子弹命中！==========
[Projectile] 子弹位置: (580.0936, 195.4675)
[Projectile] 目标: CLIEnemy_(90_0, -120_0)
[Projectile] 目标位置: (542.7841, 236.9786)
[Projectile] 子弹销毁
[Projectile] ✓ 生成爆炸: 伤害=1.0, 半径=200.0
[Projectile] 爆炸伤害: 13.2 (基础:11.0 × 倍率:1.2)
[ExplosionArea] 检测到 3 个重叠区域
[ExplosionArea] 区域 1: HurtboxComponent -> 父节点: CLIEnemy_(90_0, -120_0) (类型: Area2D)
[ExplosionArea]   ⚠️ 使用备用伤害方案
[ExplosionArea]   ✅ 造成伤害(备用): 13.2 -> CLIEnemy_(90_0, -120_0)
[ExplosionArea] 区域 2: HurtboxComponent -> 父节点: CLIEnemy_(180_0, 0_0) (类型: Area2D)
[ExplosionArea]   ⚠️ 使用备用伤害方案
[ExplosionArea]   ✅ 造成伤害(备用): 13.2 -> CLIEnemy_(180_0, 0_0)
[ExplosionArea] 区域 3: HurtboxComponent -> 父节点: CLIEnemy_(120_0, 90_0) (类型: Area2D)
[ExplosionArea]   ⚠️ 使用备用伤害方案
[ExplosionArea]   ✅ 造成伤害(备用): 13.2 -> CLIEnemy_(120_0, 90_0)
[ExplosionArea] 共击中 3 个敌人
[HealthComponent] 已经死亡，忽略伤害
[DebugSwitcher] test mode disabled
[BackgroundManager] 地图纹理大小: (994.000000, 460.000000)
[BackgroundManager] 初始化完成 - 瓦片大小: 2000, 已生成: 25 个瓦片
[ChestManager] 初始化完成 - 生成 2 个宝箱（分散布局）
[ChestManager] 初始化完成 - 预生成 2 个宝箱位置
[ChestIndicator] indicator_show_range = 3000 (from map_config.csv)
[ExitConfirmDialog] _ready() called
[Arena] _ready() 开始
[Arena] 已添加到 arena 组
[Arena] 已启用波末战利品模式，禁用旧宝箱流程
[Arena] 暂停菜单已初始化
[Arena] 商店面板已连接
[Arena] WaveRewardSystem 已创建
[Arena] WaveRewardPanel 已添加到 GameUI
[Arena] WildcardPanel 已添加到 GameUI
[Arena] BattleFlowController 已初始化
[Arena] Spawner 波次完成信号已连接
[Arena] 准备初始化玩家...
[Arena] _init_player_from_selection 开始
[Arena] selected_player_ids: ["lurewarden"]
[Arena] selected_player_weapons: { "lurewarden": "pistol" }
WARNING: [ConfigManager] game_config 缺少键 'enable_wave_recruit_mode'，使用默认值: 1
   at: push_warning (core/variant/variant_utility.cpp:1034)
   GDScript backtrace (most recent call first):
       [0] get_game_setting (res://autoloads/config_manager.gd:590)
       [1] is_wave_recruit_mode_enabled (res://autoloads/global.gd:298)
       [2] enter_wave_recruit_mode (res://autoloads/global.gd:303)
       [3] _init_player_from_selection (res://scenes/arena/arena_core.gd:467)
       [4] _ready (res://scenes/arena/arena_core.gd:117)
[Arena] 场景中没有默认玩家，直接生成选择的角色
[Arena] _spawn_player 开始: player_id=lurewarden, pos=(500.0, 300.0)
[Arena] Global.selected_player_weapons = { "lurewarden": "pistol" }
[Arena] visual_config: { "player_id": "lurewarden", "sprite_path": "res://assets/sprites/Players/Player_7.png", "scene_path": "res://scenes/unit/players/player_generic.tscn", "scale_x": 1.0, "scale_y": 1.0, "color_r": 1.0, "color_g": 1.0, "color_b": 1.0, "color_a": 1.0, "z_index": 1.0 }
[Arena] 创建角色: lurewarden
[PlayerFactory] 设置 player_id: lurewarden
[PlayerFactory] 已加载脚本: res://scenes/unit/players/player_lurewarden.gd (player_id=lurewarden)
[PlayerFactory] 成功创建角色: lurewarden
[Arena] 警告: player_id 不匹配，重新设置:  -> lurewarden
[PlayerBase] player lurewarden has no equipped item
[WeaponConfigLoader] 创建武器 Stats: pistol_1 (pistol Lv.1)
[ItemWeapon] 尝试加载武器场景: res://scenes/weapons/range/weapon_range_physical.tscn
[ItemWeapon] 成功加载武器场景: res://scenes/weapons/range/weapon_range_physical.tscn
[Player] weapon added: 手枪1级 (pistol_1)
[Weapon] _ready() - Sprite2D 初始化:
  - 可见性: true
  - z_index: 2
  - 缩放: (1.0, 1.0)
  - 位置: (27.0, 0.0)
  - Sprite2D 全局位置: (527.0, 300.0)
  - Weapon 全局位置: (500.0, 300.0)
[Player] weapon node added to scene
[Player] weapon position: (0.0, 0.0)
[Player] weapon global position: (500.0, 300.0)
[Player] weapon visible: true
[Player] weapon z_index: 0
[Weapon] 加载贴图: res://assets/sprites/Weapons/Range/WeaponPistol.png
[Weapon] Sprite2D 可见性: true
[Weapon] Sprite2D 位置: (27.0, 0.0)
[Weapon] Sprite2D 缩放: (1.0, 1.0)
[Weapon] 贴图大小: (200.0, 100.0)
[Weapon] 动态创建枪口节点，偏移: (20.0, -2.0)
[Weapon] 武器设置完成: 手枪1级 (pistol_1)
  - 类型: RANGE
  - 等级: 1
  - 形状类型: straight
  - 子弹模式: single
  - 碰撞体位置/缩放: (0.0, 0.0) / (1.0, 1.0)
  - 基础场景: res://scenes/weapons/range/weapon_range_physical.tscn
[Player] weapon position after layout: (0.0, -15.0)
[Player] weapon global position after layout: (500.0, 285.0)
[PlayerBase] player lurewarden loaded 1 weapons
[PlayerBase] death signal connected
[PlayerBase] start loading ultimate, player_id = lurewarden
[PlayerBase] ultimate config loaded: { "ult_id": "lurewarden_ult", "name": "诱猎号令", "duration": 10.0, "energy_cost": 40.0, "bonus_bond_tag": "commander", "visual_color_hex": "#66FF33", "scale_multiplier": 1.2, "explosion_radius": 280.0, "explosion_damage_scale": 1.0, "description": "诱猎师开启诱猎号令并强化诱饵围捕", "f_role_id": "lurewarden", "f_internal_cd": 0.95, "f_q_line_amp": 1.48, "f_q_closure_amp": 1.96, "f_special_value_1": 1.18, "f_special_value_2": 250.0, "f_special_value_3": 0.3, "f_bond_o_payload": "tag:alchemist|lv2:0.12|lv3:0.24|axis:line", "f_bond_m_payload": "tag:architect|lv2:0.16|lv3:0.32|axis:closure", "f_bond_t_payload": "tag:commander|lv2:0.10|lv3:0.20|axis:tempo" }
[PlayerBase] ultimate script loaded: (res://scenes/skills/players/f_roles/skill_lurewarden_f.gd):<GDScript#-9223371775381861870>
[PlayerBase] ultimate node created
[PlayerBase] ultimate load complete: 诱猎号令
[SkillDrawingBase] _ready(): skill_lurewarden_q, skill_owner=PlayerGeneric:<Area2D#258939553810>
[SkillDrawingBase] Line2D 创建成功: skill_lurewarden_q
[Arena] 生成角色成功: lurewarden 在位置 (500.0, 300.0)
[Arena] 玩家初始化完成
[CharacterSlot] 加载角色图标: lurewarden -> res://assets/sprites/Players/Player_7.png
[SquadHUD] 初始化 1 个角色卡槽
[Arena] 小队 HUD 初始化完成
[Arena] ===== _init_bond_hud() 开始 =====
[Arena] ✅ 找到 GameUI 节点: /root/Arena/GameUI
[Arena] ✅ BondHUD 场景加载成功
[Arena] ✅ BondHUD 实例化成功
[Arena] ✅ BondHUD 已添加到 GameUI
[Arena] BondHUD 路径: /root/Arena/GameUI/BondHUD
[Arena] BondHUD 可见性: true
[Arena] _ready() 完成，飘字保护已解除
[PlayerBase] SkillManager already exists (created by child: @Node@336), loaded=3, skip auto create
[Arena] ===== 角色切换开始 =====
[Arena] 收到角色切换请求: lurewarden
[Arena] 跳过自动保存（QEF测试模式）: character_switch
[Arena] 当前玩家: lurewarden
[Arena] 当前玩家位置: (500.0, 300.0)
[Arena] 不清理旧玩家的技能效果（默认行为）
[Arena] 调用 player.queue_free()
[Arena] 等待一帧...
[DebugSwitcher] test mode enabled: wave_time=999, key8 toggles recording
[Arena] 玩家死亡信号已连接
[Arena] 触发 BondManager 重新计算羁绊...
[Arena] 当前队伍: ["sapper", "spiritcaller", "lurewarden"]
[Arena] ✅ 羁绊计算完成
[PlayerBase] Bond stat modifiers applied:
  HP: 108 -> 141
  Speed: 640
  EnergyRegen: 0.7
  PickupRange: 225
  Damage: 10
[Arena] ✅ 羁绊属性已应用到玩家
[Arena] ===== _init_bond_hud() 完成 =====
[Arena] 玩家死亡信号已连接
[Arena] 等待完成，开始生成新角色
[Arena] _spawn_player 开始: player_id=lurewarden, pos=(500.0, 300.0)
[Arena] Global.selected_player_weapons = { "sapper": "pistol", "spiritcaller": "punch", "lurewarden": "pistol" }
[Arena] visual_config: { "player_id": "lurewarden", "sprite_path": "res://assets/sprites/Players/Player_7.png", "scene_path": "res://scenes/unit/players/player_generic.tscn", "scale_x": 1.0, "scale_y": 1.0, "color_r": 1.0, "color_g": 1.0, "color_b": 1.0, "color_a": 1.0, "z_index": 1.0 }
[Arena] 创建角色: lurewarden
[PlayerFactory] 设置 player_id: lurewarden
[PlayerFactory] 已加载脚本: res://scenes/unit/players/player_lurewarden.gd (player_id=lurewarden)
[PlayerFactory] 成功创建角色: lurewarden
[Arena] 警告: player_id 不匹配，重新设置:  -> lurewarden
[PlayerBase] player lurewarden has no equipped item
[ItemWeapon] 尝试加载武器场景: res://scenes/weapons/range/weapon_range_physical.tscn
[ItemWeapon] 成功加载武器场景: res://scenes/weapons/range/weapon_range_physical.tscn
[Player] weapon added: 手枪1级 (pistol_1)
[Weapon] _ready() - Sprite2D 初始化:
  - 可见性: true
  - z_index: 2
  - 缩放: (1.0, 1.0)
  - 位置: (27.0, 0.0)
  - Sprite2D 全局位置: (527.0, 300.0)
  - Weapon 全局位置: (500.0, 300.0)
[Player] weapon node added to scene
[Player] weapon position: (0.0, 0.0)
[Player] weapon global position: (500.0, 300.0)
[Player] weapon visible: true
[Player] weapon z_index: 0
[Weapon] 加载贴图: res://assets/sprites/Weapons/Range/WeaponPistol.png
[Weapon] Sprite2D 可见性: true
[Weapon] Sprite2D 位置: (27.0, 0.0)
[Weapon] Sprite2D 缩放: (1.0, 1.0)
[Weapon] 贴图大小: (200.0, 100.0)
[Weapon] 动态创建枪口节点，偏移: (20.0, -2.0)
[Weapon] 武器设置完成: 手枪1级 (pistol_1)
  - 类型: RANGE
  - 等级: 1
  - 形状类型: straight
  - 子弹模式: single
  - 碰撞体位置/缩放: (0.0, 0.0) / (1.0, 1.0)
  - 基础场景: res://scenes/weapons/range/weapon_range_physical.tscn
[Player] weapon position after layout: (0.0, -15.0)
[Player] weapon global position after layout: (500.0, 285.0)
[PlayerBase] player lurewarden loaded 1 weapons
[PlayerBase] death signal connected
[PlayerBase] start loading ultimate, player_id = lurewarden
[PlayerBase] ultimate config loaded: { "ult_id": "lurewarden_ult", "name": "诱猎号令", "duration": 10.0, "energy_cost": 40.0, "bonus_bond_tag": "commander", "visual_color_hex": "#66FF33", "scale_multiplier": 1.2, "explosion_radius": 280.0, "explosion_damage_scale": 1.0, "description": "诱猎师开启诱猎号令并强化诱饵围捕", "f_role_id": "lurewarden", "f_internal_cd": 0.95, "f_q_line_amp": 1.48, "f_q_closure_amp": 1.96, "f_special_value_1": 1.18, "f_special_value_2": 250.0, "f_special_value_3": 0.3, "f_bond_o_payload": "tag:alchemist|lv2:0.12|lv3:0.24|axis:line", "f_bond_m_payload": "tag:architect|lv2:0.16|lv3:0.32|axis:closure", "f_bond_t_payload": "tag:commander|lv2:0.10|lv3:0.20|axis:tempo" }
[PlayerBase] ultimate script loaded: (res://scenes/skills/players/f_roles/skill_lurewarden_f.gd):<GDScript#-9223371775381861870>
[PlayerBase] ultimate node created
[PlayerBase] ultimate load complete: 诱猎号令
[SkillDrawingBase] _ready(): skill_lurewarden_q, skill_owner=PlayerGeneric:<Area2D#275280562877>
[SkillDrawingBase] Line2D 创建成功: skill_lurewarden_q
[Arena] 生成角色成功: lurewarden 在位置 (500.0, 300.0)
[PlayerBase] Bond stat modifiers applied:
  HP: 108 -> 141
  Speed: 640
  EnergyRegen: 0.7
  PickupRange: 225
  Damage: 10
[Arena] ✅ 角色切换后羁绊属性已重新应用
[Arena] ===== 角色切换结束 =====
[PlayerBase] SkillManager already exists (created by child: @Node@357), loaded=3, skip auto create
[Arena] 玩家死亡信号已连接
[RangeBehavior] ========== 开始远程攻击 ==========
[RangeBehavior] 武器名称: 手枪1级
[RangeBehavior] 武器位置: (500.0, 285.0)
[RangeBehavior] 武器旋转: -47.5023025263758度
[RangeBehavior] Muzzle 位置: (533.778, 248.1348)
[RangeBehavior] 生成子弹:
  - 子弹场景: res://scenes/projectiles/projectile_pistol.tscn
  - 生成位置: (533.778, 248.1348)
  - 角度偏移: 0.0度
  - 速度: (1216.009, -1327.148)
  - 伤害: 11.0
[Projectile] 子弹初始化:
  - 位置: (533.778, 248.1348)
  - 速度: (1216.009, -1327.148)
  - 伤害: 11.0
  - 暴击: false
  - 击退: 1.0
  - 发射者: PlayerGeneric
  - Hitbox 碰撞层: 4
  - Hitbox 碰撞掩码: 8
[RangeBehavior] 发射 single x1
[skill_lurewarden_q] ===== 鏉╂稑鍙嗙憴鍕灊濡€崇础 ===== 鐠ч鍋? (500.0002, 299.364), line_2d閺堝鏅? true
[Projectile] ========== 子弹命中！==========
[Projectile] 子弹位置: (579.2927, 198.4508)
[Projectile] 目标: CLIEnemy_(90_0, -120_0)
[Projectile] 目标位置: (581.4609, 189.7318)
[Projectile] 子弹销毁
[RangeBehavior] 攻击结束
[PlayerBase] Q released -> release_skill('q')
[skill_lurewarden_q] ===== 退出规划模式 ===== 点数: 87, 闭合: false
[skill_lurewarden_q] 最终闭合判定: false
[skill_lurewarden_q] 閻㈢喐鍨氬鈧弨鎹愮熅瀵板嫭鏅ラ弸婊愮礉閸樼喎顫愰悙瑙勬殶: 87, 閸氬牆鑻熺痪鎸庮唽閺? 9
[skill_lurewarden_q] [P0-2] 线段持续加成: 5.0s -> 8.0s (+3.0s)
[skill_lurewarden_q] [P0-2] 线段持续加成: 5.0s -> 8.0s (+3.0s)
[skill_lurewarden_q] [P0-2] 线段持续加成: 5.0s -> 8.0s (+3.0s)
[skill_lurewarden_q] [P0-2] 线段持续加成: 5.0s -> 8.0s (+3.0s)
[skill_lurewarden_q] [P0-2] 线段持续加成: 5.0s -> 8.0s (+3.0s)
[skill_lurewarden_q] [P0-2] 线段持续加成: 5.0s -> 8.0s (+3.0s)
[skill_lurewarden_q] [P0-2] 线段持续加成: 5.0s -> 8.0s (+3.0s)
[skill_lurewarden_q] [P0-2] 线段持续加成: 5.0s -> 8.0s (+3.0s)
[skill_lurewarden_q] [P0-2] 线段持续加成: 5.0s -> 8.0s (+3.0s)
[skill_lurewarden_q] [P0-2] 线段持续加成: 5.0s -> 8.0s (+3.0s)
[skill_lurewarden_q] open-path effects spawned
[skill_lurewarden_q] [P0-2] 线段持续加成: 5.0s -> 8.0s (+3.0s)
[skill_lurewarden_q] ===== 鏉╂稑鍙嗙憴鍕灊濡€崇础 ===== 鐠ч鍋? (711.3931, 327.4982), line_2d閺堝鏅? true
[RangeBehavior] ========== 开始远程攻击 ==========
[RangeBehavior] 武器名称: 手枪1级
[RangeBehavior] 武器位置: (740.2817, 313.1011)
[RangeBehavior] 武器旋转: -173.167343310464度
[RangeBehavior] Muzzle 位置: (690.6252, 307.25)
[RangeBehavior] 生成子弹:
  - 子弹场景: res://scenes/projectiles/projectile_pistol.tscn
  - 生成位置: (690.6252, 307.25)
  - 角度偏移: 0.0度
  - 速度: (-1787.216, -214.1458)
  - 伤害: 11.0
[Projectile] 子弹初始化:
  - 位置: (690.6252, 307.25)
  - 速度: (-1787.216, -214.1458)
  - 伤害: 11.0
  - 暴击: false
  - 击退: 1.0
  - 发射者: PlayerGeneric
  - Hitbox 碰撞层: 4
  - Hitbox 碰撞掩码: 8
[RangeBehavior] 发射 single x1
[Projectile] ========== 子弹命中！==========
[Projectile] 子弹位置: (683.7299, 306.4235)
[Projectile] 目标: CLIEnemy_(180_0, 0_0)
[Projectile] 目标位置: (662.2584, 303.6774)
[Projectile] 子弹销毁
[RangeBehavior] 攻击结束
[PlayerBase] Q released -> release_skill('q')
[skill_lurewarden_q] ===== 退出规划模式 ===== 点数: 129, 闭合: true
[skill_lurewarden_q] 最终闭合判定: true
[PolygonUtils] 交叉点数量: 3
[PolygonUtils] 排序后: ["[101,113]", "[102,112]", "[105,109]"]
[PolygonUtils] 多交叉点(3个)
[PolygonUtils] 提取完成，共 0 个区域
[PlayerBase] E pressed -> execute_skill('e')
[HealthComponent] 血量归零，触发死亡信号
[ExplosionArea] 检测到 0 个重叠区域
[ExplosionArea] 共击中 0 个敌人
[PlayerBase] F pressed, ultimate_skill = UltimateSkill:<Node#277075725497>
[PlayerBase] try activate ultimate, energy: 100.0%
[RangeBehavior] ========== 开始远程攻击 ==========
[RangeBehavior] 武器名称: 手枪1级
[RangeBehavior] 武器位置: (862.3241, 442.017)
[RangeBehavior] 武器旋转: -158.13200690938度
[RangeBehavior] Muzzle 位置: (884.5616, 386.6098)
[RangeBehavior] 生成子弹:
  - 子弹场景: res://scenes/projectiles/projectile_pistol.tscn
  - 生成位置: (884.5616, 386.6098)
  - 角度偏移: 0.0度
  - 速度: (-1670.48, -670.4449)
  - 伤害: 11.0
[Projectile] 子弹初始化:
  - 位置: (884.5616, 386.6098)
  - 速度: (-1670.48, -670.4449)
  - 伤害: 11.0
  - 暴击: false
  - 击退: 1.0
  - 发射者: PlayerGeneric
  - Hitbox 碰撞层: 4
  - Hitbox 碰撞掩码: 8
[RangeBehavior] 发射 single x1
[DebugSwitcher] test mode disabled
[Arena] 清理了 1 个残留投射物
[BackgroundManager] 地图纹理大小: (994.000000, 460.000000)
[BackgroundManager] 初始化完成 - 瓦片大小: 2000, 已生成: 25 个瓦片
[ChestManager] 初始化完成 - 生成 2 个宝箱（分散布局）
[ChestManager] 初始化完成 - 预生成 2 个宝箱位置
[ChestIndicator] indicator_show_range = 3000 (from map_config.csv)
[ExitConfirmDialog] _ready() called
[Arena] _ready() 开始
[Arena] 已添加到 arena 组
[Arena] 已启用波末战利品模式，禁用旧宝箱流程
[Arena] 暂停菜单已初始化
[Arena] 商店面板已连接
[Arena] WaveRewardSystem 已创建
[Arena] WaveRewardPanel 已添加到 GameUI
[Arena] WildcardPanel 已添加到 GameUI
[Arena] BattleFlowController 已初始化
[Arena] Spawner 波次完成信号已连接
[Arena] 准备初始化玩家...
[Arena] _init_player_from_selection 开始
[Arena] selected_player_ids: ["pyro"]
[Arena] selected_player_weapons: { "pyro": "laser" }
WARNING: [ConfigManager] game_config 缺少键 'enable_wave_recruit_mode'，使用默认值: 1
   at: push_warning (core/variant/variant_utility.cpp:1034)
   GDScript backtrace (most recent call first):
       [0] get_game_setting (res://autoloads/config_manager.gd:590)
       [1] is_wave_recruit_mode_enabled (res://autoloads/global.gd:298)
       [2] enter_wave_recruit_mode (res://autoloads/global.gd:303)
       [3] _init_player_from_selection (res://scenes/arena/arena_core.gd:467)
       [4] _ready (res://scenes/arena/arena_core.gd:117)
[Arena] 场景中没有默认玩家，直接生成选择的角色
[Arena] _spawn_player 开始: player_id=pyro, pos=(500.0, 300.0)
[Arena] Global.selected_player_weapons = { "pyro": "laser" }
[Arena] visual_config: { "player_id": "pyro", "sprite_path": "res://assets/sprites/Players/Player_10.png", "scene_path": "res://scenes/unit/players/player_generic.tscn", "scale_x": 1.0, "scale_y": 1.0, "color_r": 1.0, "color_g": 1.0, "color_b": 1.0, "color_a": 1.0, "z_index": 1.0 }
[Arena] 创建角色: pyro
[PlayerFactory] 设置 player_id: pyro
[PlayerFactory] 已加载脚本: res://scenes/unit/players/player_pyro.gd (player_id=pyro)
[PlayerFactory] 成功创建角色: pyro
[Arena] 警告: player_id 不匹配，重新设置:  -> pyro
[PlayerBase] player pyro has no equipped item
[ItemWeapon] 尝试加载武器场景: res://scenes/weapons/range/weapon_range_beam.tscn
[ItemWeapon] 成功加载武器场景: res://scenes/weapons/range/weapon_range_beam.tscn
[Player] weapon added: 激光1级 (laser_1)
[Weapon] _ready() - Sprite2D 初始化:
  - 可见性: true
  - z_index: 2
  - 缩放: (1.0, 1.0)
  - 位置: (27.0, 0.0)
  - Sprite2D 全局位置: (527.0, 300.0)
  - Weapon 全局位置: (500.0, 300.0)
[Player] weapon node added to scene
[Player] weapon position: (0.0, 0.0)
[Player] weapon global position: (500.0, 300.0)
[Player] weapon visible: true
[Player] weapon z_index: 0
[Weapon] 加载贴图: res://assets/sprites/Weapons/Range/WeaponLaser.png
[Weapon] Sprite2D 可见性: true
[Weapon] Sprite2D 位置: (27.0, 0.0)
[Weapon] Sprite2D 缩放: (1.0, 1.0)
[Weapon] 贴图大小: (200.0, 100.0)
[Weapon] 动态创建枪口节点，偏移: (24.0, 0.0)
[Weapon] 武器设置完成: 激光1级 (laser_1)
  - 类型: RANGE
  - 等级: 1
  - 形状类型: straight
  - 子弹模式: single
  - 碰撞体位置/缩放: (0.0, 0.0) / (1.0, 1.0)
  - 基础场景: res://scenes/weapons/range/weapon_range_beam.tscn
[Player] weapon position after layout: (0.0, -15.0)
[Player] weapon global position after layout: (500.0, 285.0)
[PlayerBase] player pyro loaded 1 weapons
[PlayerBase] death signal connected
[PlayerBase] start loading ultimate, player_id = pyro
[PlayerBase] ultimate config loaded: { "ult_id": "pyro_ult", "name": "炼狱化身", "duration": 10.0, "energy_cost": 40.0, "bonus_bond_tag": "vanguard", "visual_color_hex": "#3366FF", "scale_multiplier": 1.2, "explosion_radius": 300.0, "explosion_damage_scale": 1.1, "description": "焰术师进入过热炉心并放大闭合爆燃", "f_role_id": "pyro", "f_internal_cd": 0.85, "f_q_line_amp": 1.6, "f_q_closure_amp": 2.1, "f_special_value_1": 1.3, "f_special_value_2": 240.0, "f_special_value_3": 0.22, "f_bond_o_payload": "tag:inkborn|lv2:0.12|lv3:0.24|axis:line", "f_bond_m_payload": "tag:blaster|lv2:0.16|lv3:0.32|axis:closure", "f_bond_t_payload": "tag:vanguard|lv2:0.10|lv3:0.20|axis:tempo" }
[PlayerBase] ultimate script loaded: (res://scenes/skills/players/f_roles/skill_pyro_f.gd):<GDScript#-9223371721912874193>
[PlayerBase] ultimate node created
[PlayerBase] ultimate load complete: 炼狱化身
[SkillDrawingBase] _ready(): skill_pyro_q, skill_owner=PlayerGeneric:<Area2D#312576314305>
[SkillDrawingBase] Line2D 创建成功: skill_pyro_q
[Arena] 生成角色成功: pyro 在位置 (500.0, 300.0)
[Arena] 玩家初始化完成
[CharacterSlot] 加载角色图标: pyro -> res://assets/sprites/Players/Player_10.png
[SquadHUD] 初始化 1 个角色卡槽
[Arena] 小队 HUD 初始化完成
[Arena] ===== _init_bond_hud() 开始 =====
[Arena] ✅ 找到 GameUI 节点: /root/Arena/GameUI
[Arena] ✅ BondHUD 场景加载成功
[Arena] ✅ BondHUD 实例化成功
[Arena] ✅ BondHUD 已添加到 GameUI
[Arena] BondHUD 路径: /root/Arena/GameUI/BondHUD
[Arena] BondHUD 可见性: true
[Arena] _ready() 完成，飘字保护已解除
[PlayerBase] SkillManager already exists (created by child: @Node@492), loaded=3, skip auto create
[Arena] ===== 角色切换开始 =====
[Arena] 收到角色切换请求: pyro
[Arena] 跳过自动保存（QEF测试模式）: character_switch
[Arena] 当前玩家: pyro
[Arena] 当前玩家位置: (500.0, 300.0)
[Arena] 不清理旧玩家的技能效果（默认行为）
[Arena] 调用 player.queue_free()
[Arena] 等待一帧...
[DebugSwitcher] test mode enabled: wave_time=999, key8 toggles recording
[Arena] 玩家死亡信号已连接
[Arena] 触发 BondManager 重新计算羁绊...
[Arena] 当前队伍: ["butcher", "pyro", "weaver"]
[Arena] ✅ 羁绊计算完成
[PlayerBase] Bond stat modifiers applied:
  HP: 98 -> 98
  Speed: 500
  EnergyRegen: 1.6
  PickupRange: 150
  Damage: 10
[Arena] ✅ 羁绊属性已应用到玩家
[Arena] ===== _init_bond_hud() 完成 =====
[Arena] 玩家死亡信号已连接
[Arena] 等待完成，开始生成新角色
[Arena] _spawn_player 开始: player_id=pyro, pos=(500.0, 300.0)
[Arena] Global.selected_player_weapons = { "butcher": "punch", "pyro": "laser", "weaver": "laser" }
[Arena] visual_config: { "player_id": "pyro", "sprite_path": "res://assets/sprites/Players/Player_10.png", "scene_path": "res://scenes/unit/players/player_generic.tscn", "scale_x": 1.0, "scale_y": 1.0, "color_r": 1.0, "color_g": 1.0, "color_b": 1.0, "color_a": 1.0, "z_index": 1.0 }
[Arena] 创建角色: pyro
[PlayerFactory] 设置 player_id: pyro
[PlayerFactory] 已加载脚本: res://scenes/unit/players/player_pyro.gd (player_id=pyro)
[PlayerFactory] 成功创建角色: pyro
[Arena] 警告: player_id 不匹配，重新设置:  -> pyro
[PlayerBase] player pyro has no equipped item
[ItemWeapon] 尝试加载武器场景: res://scenes/weapons/range/weapon_range_beam.tscn
[ItemWeapon] 成功加载武器场景: res://scenes/weapons/range/weapon_range_beam.tscn
[Player] weapon added: 激光1级 (laser_1)
[Weapon] _ready() - Sprite2D 初始化:
  - 可见性: true
  - z_index: 2
  - 缩放: (1.0, 1.0)
  - 位置: (27.0, 0.0)
  - Sprite2D 全局位置: (527.0, 300.0)
  - Weapon 全局位置: (500.0, 300.0)
[Player] weapon node added to scene
[Player] weapon position: (0.0, 0.0)
[Player] weapon global position: (500.0, 300.0)
[Player] weapon visible: true
[Player] weapon z_index: 0
[Weapon] 加载贴图: res://assets/sprites/Weapons/Range/WeaponLaser.png
[Weapon] Sprite2D 可见性: true
[Weapon] Sprite2D 位置: (27.0, 0.0)
[Weapon] Sprite2D 缩放: (1.0, 1.0)
[Weapon] 贴图大小: (200.0, 100.0)
[Weapon] 动态创建枪口节点，偏移: (24.0, 0.0)
[Weapon] 武器设置完成: 激光1级 (laser_1)
  - 类型: RANGE
  - 等级: 1
  - 形状类型: straight
  - 子弹模式: single
  - 碰撞体位置/缩放: (0.0, 0.0) / (1.0, 1.0)
  - 基础场景: res://scenes/weapons/range/weapon_range_beam.tscn
[Player] weapon position after layout: (0.0, -15.0)
[Player] weapon global position after layout: (500.0, 285.0)
[PlayerBase] player pyro loaded 1 weapons
[PlayerBase] death signal connected
[PlayerBase] start loading ultimate, player_id = pyro
[PlayerBase] ultimate config loaded: { "ult_id": "pyro_ult", "name": "炼狱化身", "duration": 10.0, "energy_cost": 40.0, "bonus_bond_tag": "vanguard", "visual_color_hex": "#3366FF", "scale_multiplier": 1.2, "explosion_radius": 300.0, "explosion_damage_scale": 1.1, "description": "焰术师进入过热炉心并放大闭合爆燃", "f_role_id": "pyro", "f_internal_cd": 0.85, "f_q_line_amp": 1.6, "f_q_closure_amp": 2.1, "f_special_value_1": 1.3, "f_special_value_2": 240.0, "f_special_value_3": 0.22, "f_bond_o_payload": "tag:inkborn|lv2:0.12|lv3:0.24|axis:line", "f_bond_m_payload": "tag:blaster|lv2:0.16|lv3:0.32|axis:closure", "f_bond_t_payload": "tag:vanguard|lv2:0.10|lv3:0.20|axis:tempo" }
[PlayerBase] ultimate script loaded: (res://scenes/skills/players/f_roles/skill_pyro_f.gd):<GDScript#-9223371721912874193>
[PlayerBase] ultimate node created
[PlayerBase] ultimate load complete: 炼狱化身
[SkillDrawingBase] _ready(): skill_pyro_q, skill_owner=PlayerGeneric:<Area2D#325712873578>
[SkillDrawingBase] Line2D 创建成功: skill_pyro_q
[Arena] 生成角色成功: pyro 在位置 (500.0, 300.0)
[PlayerBase] Bond stat modifiers applied:
  HP: 98 -> 98
  Speed: 500
  EnergyRegen: 1.6
  PickupRange: 150
  Damage: 10
[Arena] ✅ 角色切换后羁绊属性已重新应用
[Arena] ===== 角色切换结束 =====
[PlayerBase] SkillManager already exists (created by child: @Node@513), loaded=3, skip auto create
[Arena] 玩家死亡信号已连接
[RangeBehavior] ========== 开始远程攻击 ==========
[RangeBehavior] 武器名称: 激光1级
[RangeBehavior] 武器位置: (500.0, 285.0)
[RangeBehavior] 武器旋转: -48.5346139024369度
[RangeBehavior] Muzzle 位置: (539.73, 240.0387)
[RangeBehavior] 生成子弹:
  - 子弹场景: res://scenes/projectiles/projectile_laser.tscn
  - 生成位置: (539.73, 240.0387)
  - 角度偏移: 0.0度
  - 速度: (1324.335, -1498.712)
  - 伤害: 11.0
[Projectile] 子弹初始化:
  - 位置: (539.73, 240.0387)
  - 速度: (1324.335, -1498.712)
  - 伤害: 11.0
  - 暴击: false
  - 击退: 0.5
  - 发射者: PlayerGeneric
  - Hitbox 碰撞层: 4
  - Hitbox 碰撞掩码: 8
[RangeBehavior] 发射 single x1
[skill_pyro_q] ===== 鏉╂稑鍙嗙憴鍕灊濡€崇础 ===== 鐠ч鍋? (500.0002, 299.364), line_2d閺堝鏅? true
[Projectile] ========== 子弹命中！==========
[Projectile] 子弹位置: (577.3868, 197.4262)
[Projectile] 目标: CLIEnemy_(90_0, -120_0)
[Projectile] 目标位置: (582.6078, 188.5923)
[Projectile] 子弹销毁
[RangeBehavior] 攻击结束
[PlayerBase] Q released -> release_skill('q')
[skill_pyro_q] ===== 退出规划模式 ===== 点数: 65, 闭合: false
[skill_pyro_q] 最终闭合判定: false
[skill_pyro_q] 閻㈢喐鍨氬鈧弨鎹愮熅瀵板嫭鏅ラ弸婊愮礉閸樼喎顫愰悙瑙勬殶: 65, 閸氬牆鑻熺痪鎸庮唽閺? 7
[skill_pyro_q] open-path effects spawned
[skill_pyro_q] ===== 鏉╂稑鍙嗙憴鍕灊濡€崇础 ===== 鐠ч鍋? (500.0002, 299.364), line_2d閺堝鏅? true
[RangeBehavior] ========== 开始远程攻击 ==========
[RangeBehavior] 武器名称: 激光1级
[RangeBehavior] 武器位置: (500.0, 285.0)
[RangeBehavior] 武器旋转: 46.3283774231582度
[RangeBehavior] Muzzle 位置: (541.4315, 328.3986)
[RangeBehavior] 生成子弹:
  - 子弹场景: res://scenes/projectiles/projectile_laser.tscn
  - 生成位置: (541.4315, 328.3986)
  - 角度偏移: 0.0度
  - 速度: (1381.049, 1446.618)
  - 伤害: 11.0
[Projectile] 子弹初始化:
  - 位置: (541.4315, 328.3986)
  - 速度: (1381.049, 1446.618)
  - 伤害: 11.0
  - 暴击: false
  - 击退: 0.5
  - 发射者: PlayerGeneric
  - Hitbox 碰撞层: 4
  - Hitbox 碰撞掩码: 8
[RangeBehavior] 发射 single x1
[Projectile] ========== 子弹命中！==========
[Projectile] 子弹位置: (545.5054, 332.6657)
[Projectile] 目标: CLIEnemy_(120_0, 90_0)
[Projectile] 目标位置: (552.4506, 351.8059)
[Projectile] 子弹销毁
[RangeBehavior] 攻击结束
[PlayerBase] Q released -> release_skill('q')
[skill_pyro_q] ===== 退出规划模式 ===== 点数: 109, 闭合: true
[skill_pyro_q] 最终闭合判定: true
[skill_pyro_q] detected 1 closed polygons
[ExplosionArea] 检测到 0 个重叠区域
[ExplosionArea] 共击中 0 个敌人
[HealthComponent] 血量归零，触发死亡信号
[PlayerBase] E pressed -> execute_skill('e')
[HealthComponent] 已经死亡，忽略伤害
[RangeBehavior] ========== 开始远程攻击 ==========
[RangeBehavior] 武器名称: 激光1级
[RangeBehavior] 武器位置: (501.0, 285.0)
[RangeBehavior] 武器旋转: 10.4742325497716度
[RangeBehavior] Muzzle 位置: (560.0002, 295.9076)
[RangeBehavior] 生成子弹:
  - 子弹场景: res://scenes/projectiles/projectile_laser.tscn
  - 生成位置: (560.0002, 295.9076)
  - 角度偏移: 0.0度
  - 速度: (1966.673, 363.5866)
  - 伤害: 11.0
[Projectile] 子弹初始化:
  - 位置: (560.0002, 295.9076)
  - 速度: (1966.673, 363.5866)
  - 伤害: 11.0
  - 暴击: false
  - 击退: 0.5
  - 发射者: PlayerGeneric
  - Hitbox 碰撞层: 4
  - Hitbox 碰撞掩码: 8
[RangeBehavior] 发射 single x1
[ExplosionArea] 检测到 2 个重叠区域
[ExplosionArea] 区域 1: HurtboxComponent -> 父节点: CLIEnemy_(120_0, 90_0) (类型: Area2D)
[ExplosionArea]   ⚠️ 使用备用伤害方案
[ExplosionArea]   ✅ 造成伤害(备用): 0.0 -> CLIEnemy_(120_0, 90_0)
[ExplosionArea] 区域 2: HurtboxComponent -> 父节点: CLIEnemy_(180_0, 0_0) (类型: Area2D)
[ExplosionArea]   ⚠️ 使用备用伤害方案
[ExplosionArea]   ✅ 造成伤害(备用): 0.0 -> CLIEnemy_(180_0, 0_0)
[ExplosionArea] 共击中 2 个敌人
[Projectile] ========== 子弹命中！==========
[Projectile] 子弹位置: (617.6979, 306.5745)
[Projectile] 目标: CLIEnemy_(180_0, 0_0)
[Projectile] 目标位置: (559.8975, 296.9369)
[Projectile] 子弹销毁
[RangeBehavior] 攻击结束
[PlayerBase] F pressed, ultimate_skill = UltimateSkill:<Node#327508035585>
[PlayerBase] try activate ultimate, energy: 100.0%
[DebugSwitcher] test mode disabled
[BackgroundManager] 地图纹理大小: (994.000000, 460.000000)
[BackgroundManager] 初始化完成 - 瓦片大小: 2000, 已生成: 25 个瓦片
[ChestManager] 初始化完成 - 生成 2 个宝箱（分散布局）
[ChestManager] 初始化完成 - 预生成 2 个宝箱位置
[ChestIndicator] indicator_show_range = 3000 (from map_config.csv)
[ExitConfirmDialog] _ready() called
[Arena] _ready() 开始
[Arena] 已添加到 arena 组
[Arena] 已启用波末战利品模式，禁用旧宝箱流程
[Arena] 暂停菜单已初始化
[Arena] 商店面板已连接
[Arena] WaveRewardSystem 已创建
[Arena] WaveRewardPanel 已添加到 GameUI
[Arena] WildcardPanel 已添加到 GameUI
[Arena] BattleFlowController 已初始化
[Arena] Spawner 波次完成信号已连接
[Arena] 准备初始化玩家...
[Arena] _init_player_from_selection 开始
[Arena] selected_player_ids: ["glacier"]
[Arena] selected_player_weapons: { "glacier": "punch" }
WARNING: [ConfigManager] game_config 缺少键 'enable_wave_recruit_mode'，使用默认值: 1
   at: push_warning (core/variant/variant_utility.cpp:1034)
   GDScript backtrace (most recent call first):
       [0] get_game_setting (res://autoloads/config_manager.gd:590)
       [1] is_wave_recruit_mode_enabled (res://autoloads/global.gd:298)
       [2] enter_wave_recruit_mode (res://autoloads/global.gd:303)
       [3] _init_player_from_selection (res://scenes/arena/arena_core.gd:467)
       [4] _ready (res://scenes/arena/arena_core.gd:117)
[Arena] 场景中没有默认玩家，直接生成选择的角色
[Arena] _spawn_player 开始: player_id=glacier, pos=(500.0, 300.0)
[Arena] Global.selected_player_weapons = { "glacier": "punch" }
[Arena] visual_config: { "player_id": "glacier", "sprite_path": "res://assets/sprites/Players/Player_1.png", "scene_path": "res://scenes/unit/players/player_generic.tscn", "scale_x": 1.0, "scale_y": 1.0, "color_r": 1.0, "color_g": 1.0, "color_b": 1.0, "color_a": 1.0, "z_index": 1.0 }
[Arena] 创建角色: glacier
[PlayerFactory] 设置 player_id: glacier
[PlayerFactory] 已加载脚本: res://scenes/unit/players/player_glacier.gd (player_id=glacier)
[PlayerFactory] 成功创建角色: glacier
[Arena] 警告: player_id 不匹配，重新设置:  -> glacier
[PlayerBase] player glacier has no equipped item
[ItemWeapon] 尝试加载武器场景: res://scenes/weapons/melee/weapon_melee_point.tscn
[ItemWeapon] 成功加载武器场景: res://scenes/weapons/melee/weapon_melee_point.tscn
[Player] weapon added: 拳头1级 (punch_1)
[Weapon] _ready() - Sprite2D 初始化:
  - 可见性: true
  - z_index: 2
  - 缩放: (1.0, 1.0)
  - 位置: (27.0, 0.0)
  - Sprite2D 全局位置: (527.0, 300.0)
  - Weapon 全局位置: (500.0, 300.0)
[Player] weapon node added to scene
[Player] weapon position: (0.0, 0.0)
[Player] weapon global position: (500.0, 300.0)
[Player] weapon visible: true
[Player] weapon z_index: 0
[Weapon] 加载贴图: res://assets/sprites/Weapons/Melee/Weapon_Punch.png
[Weapon] Sprite2D 可见性: true
[Weapon] Sprite2D 位置: (27.0, 0.0)
[Weapon] Sprite2D 缩放: (1.0, 1.0)
[Weapon] 贴图大小: (200.0, 100.0)
[Weapon] 武器设置完成: 拳头1级 (punch_1)
  - 类型: MELEE
  - 等级: 1
  - 形状类型: point
  - 子弹模式: 未指定
  - 碰撞体: 由 MeleeBehavior 动态创建
  - 基础场景: res://scenes/weapons/melee/weapon_melee_point.tscn
[Player] weapon position after layout: (0.0, -15.0)
[Player] weapon global position after layout: (500.0, 285.0)
[PlayerBase] player glacier loaded 1 weapons
[PlayerBase] death signal connected
[PlayerBase] start loading ultimate, player_id = glacier
[PlayerBase] ultimate config loaded: { "ult_id": "glacier_ult", "name": "极夜冰环", "duration": 10.0, "energy_cost": 40.0, "bonus_bond_tag": "vanguard", "visual_color_hex": "#66CCFF", "scale_multiplier": 1.2, "explosion_radius": 230.0, "explosion_damage_scale": 1.1, "description": "冰河释放极夜冰环并强化冻结碎裂", "f_role_id": "glacier", "f_internal_cd": 1.05, "f_q_line_amp": 1.4, "f_q_closure_amp": 1.9, "f_special_value_1": 1.1, "f_special_value_2": 240.0, "f_special_value_3": 0.34, "f_bond_o_payload": "tag:colossus|lv2:0.12|lv3:0.24|axis:line", "f_bond_m_payload": "tag:architect|lv2:0.16|lv3:0.32|axis:closure", "f_bond_t_payload": "tag:vanguard|lv2:0.10|lv3:0.20|axis:tempo" }
[PlayerBase] ultimate script loaded: (res://scenes/skills/players/f_roles/skill_glacier_f.gd):<GDScript#-9223371677251926058>
[PlayerBase] ultimate node created
[PlayerBase] ultimate load complete: 极夜冰环
[SkillDrawingBase] _ready(): skill_glacier_q, skill_owner=PlayerGeneric:<Area2D#357505699068>
[SkillDrawingBase] Line2D 创建成功: skill_glacier_q
[Arena] 生成角色成功: glacier 在位置 (500.0, 300.0)
[Arena] 玩家初始化完成
[CharacterSlot] 加载角色图标: glacier -> res://assets/sprites/Players/Player_1.png
[SquadHUD] 初始化 1 个角色卡槽
[Arena] 小队 HUD 初始化完成
[Arena] ===== _init_bond_hud() 开始 =====
[Arena] ✅ 找到 GameUI 节点: /root/Arena/GameUI
[Arena] ✅ BondHUD 场景加载成功
[Arena] ✅ BondHUD 实例化成功
[Arena] ✅ BondHUD 已添加到 GameUI
[Arena] BondHUD 路径: /root/Arena/GameUI/BondHUD
[Arena] BondHUD 可见性: true
[Arena] _ready() 完成，飘字保护已解除
[PlayerBase] SkillManager already exists (created by child: @Node@660), loaded=3, skip auto create
[Arena] ===== 角色切换开始 =====
[Arena] 收到角色切换请求: glacier
[Arena] 跳过自动保存（QEF测试模式）: character_switch
[Arena] 当前玩家: glacier
[Arena] 当前玩家位置: (500.0, 300.0)
[Arena] 不清理旧玩家的技能效果（默认行为）
[Arena] 调用 player.queue_free()
[Arena] 等待一帧...
[DebugSwitcher] test mode enabled: wave_time=999, key8 toggles recording
[Arena] 玩家死亡信号已连接
[Arena] 触发 BondManager 重新计算羁绊...
[Arena] 当前队伍: ["glacier", "arcstriker", "runeblazer"]
[Arena] ✅ 羁绊计算完成
[PlayerBase] Bond stat modifiers applied:
  HP: 158 -> 158
  Speed: 400
  EnergyRegen: 0.5
  PickupRange: 150
  Damage: 10
[Arena] ✅ 羁绊属性已应用到玩家
[Arena] ===== _init_bond_hud() 完成 =====
[Arena] 玩家死亡信号已连接
[Arena] 等待完成，开始生成新角色
[Arena] _spawn_player 开始: player_id=glacier, pos=(500.0, 300.0)
[Arena] Global.selected_player_weapons = { "glacier": "punch", "arcstriker": "punch", "runeblazer": "punch" }
[Arena] visual_config: { "player_id": "glacier", "sprite_path": "res://assets/sprites/Players/Player_1.png", "scene_path": "res://scenes/unit/players/player_generic.tscn", "scale_x": 1.0, "scale_y": 1.0, "color_r": 1.0, "color_g": 1.0, "color_b": 1.0, "color_a": 1.0, "z_index": 1.0 }
[Arena] 创建角色: glacier
[PlayerFactory] 设置 player_id: glacier
[PlayerFactory] 已加载脚本: res://scenes/unit/players/player_glacier.gd (player_id=glacier)
[PlayerFactory] 成功创建角色: glacier
[Arena] 警告: player_id 不匹配，重新设置:  -> glacier
[PlayerBase] player glacier has no equipped item
[ItemWeapon] 尝试加载武器场景: res://scenes/weapons/melee/weapon_melee_point.tscn
[ItemWeapon] 成功加载武器场景: res://scenes/weapons/melee/weapon_melee_point.tscn
[Player] weapon added: 拳头1级 (punch_1)
[Weapon] _ready() - Sprite2D 初始化:
  - 可见性: true
  - z_index: 2
  - 缩放: (1.0, 1.0)
  - 位置: (27.0, 0.0)
  - Sprite2D 全局位置: (527.0, 300.0)
  - Weapon 全局位置: (500.0, 300.0)
[Player] weapon node added to scene
[Player] weapon position: (0.0, 0.0)
[Player] weapon global position: (500.0, 300.0)
[Player] weapon visible: true
[Player] weapon z_index: 0
[Weapon] 加载贴图: res://assets/sprites/Weapons/Melee/Weapon_Punch.png
[Weapon] Sprite2D 可见性: true
[Weapon] Sprite2D 位置: (27.0, 0.0)
[Weapon] Sprite2D 缩放: (1.0, 1.0)
[Weapon] 贴图大小: (200.0, 100.0)
[Weapon] 武器设置完成: 拳头1级 (punch_1)
  - 类型: MELEE
  - 等级: 1
  - 形状类型: point
  - 子弹模式: 未指定
  - 碰撞体: 由 MeleeBehavior 动态创建
  - 基础场景: res://scenes/weapons/melee/weapon_melee_point.tscn
[Player] weapon position after layout: (0.0, -15.0)
[Player] weapon global position after layout: (500.0, 285.0)
[PlayerBase] player glacier loaded 1 weapons
[PlayerBase] death signal connected
[PlayerBase] start loading ultimate, player_id = glacier
[PlayerBase] ultimate config loaded: { "ult_id": "glacier_ult", "name": "极夜冰环", "duration": 10.0, "energy_cost": 40.0, "bonus_bond_tag": "vanguard", "visual_color_hex": "#66CCFF", "scale_multiplier": 1.2, "explosion_radius": 230.0, "explosion_damage_scale": 1.1, "description": "冰河释放极夜冰环并强化冻结碎裂", "f_role_id": "glacier", "f_internal_cd": 1.05, "f_q_line_amp": 1.4, "f_q_closure_amp": 1.9, "f_special_value_1": 1.1, "f_special_value_2": 240.0, "f_special_value_3": 0.34, "f_bond_o_payload": "tag:colossus|lv2:0.12|lv3:0.24|axis:line", "f_bond_m_payload": "tag:architect|lv2:0.16|lv3:0.32|axis:closure", "f_bond_t_payload": "tag:vanguard|lv2:0.10|lv3:0.20|axis:tempo" }
[PlayerBase] ultimate script loaded: (res://scenes/skills/players/f_roles/skill_glacier_f.gd):<GDScript#-9223371677251926058>
[PlayerBase] ultimate node created
[PlayerBase] ultimate load complete: 极夜冰环
[SkillDrawingBase] _ready(): skill_glacier_q, skill_owner=PlayerGeneric:<Area2D#369216195556>
[SkillDrawingBase] Line2D 创建成功: skill_glacier_q
[Arena] 生成角色成功: glacier 在位置 (500.0, 300.0)
[PlayerBase] Bond stat modifiers applied:
  HP: 158 -> 158
  Speed: 400
  EnergyRegen: 0.5
  PickupRange: 150
  Damage: 10
[Arena] ✅ 角色切换后羁绊属性已重新应用
[Arena] ===== 角色切换结束 =====
[PlayerBase] SkillManager already exists (created by child: @Node@679), loaded=3, skip auto create
[Arena] 玩家死亡信号已连接
[skill_glacier_q] ===== 鏉╂稑鍙嗙憴鍕灊濡€崇础 ===== 鐠ч鍋? (500.0002, 299.364), line_2d閺堝鏅? true
[PlayerBase] Q released -> release_skill('q')
[skill_glacier_q] ===== 退出规划模式 ===== 点数: 65, 闭合: false
[skill_glacier_q] 最终闭合判定: false
[skill_glacier_q] 閻㈢喐鍨氬鈧弨鎹愮熅瀵板嫭鏅ラ弸婊愮礉閸樼喎顫愰悙瑙勬殶: 65, 閸氬牆鑻熺痪鎸庮唽閺? 6
[skill_glacier_q] open-path effects spawned
[ExplosionArea] 检测到 0 个重叠区域
[ExplosionArea] 共击中 0 个敌人
[ExplosionArea] 检测到 0 个重叠区域
[ExplosionArea] 共击中 0 个敌人
[ExplosionArea] 检测到 0 个重叠区域
[ExplosionArea] 共击中 0 个敌人
[ExplosionArea] 检测到 0 个重叠区域
[ExplosionArea] 共击中 0 个敌人
[HealthComponent] 血量归零，触发死亡信号
[HealthComponent] 已经死亡，忽略伤害
[skill_glacier_q] ===== 鏉╂稑鍙嗙憴鍕灊濡€崇础 ===== 鐠ч鍋? (498.6282, 298.5836), line_2d閺堝鏅? true
[HealthComponent] 已经死亡，忽略伤害
[HealthComponent] 已经死亡，忽略伤害
[HealthComponent] 已经死亡，忽略伤害
[HealthComponent] 已经死亡，忽略伤害
[HealthComponent] 已经死亡，忽略伤害
[HealthComponent] 已经死亡，忽略伤害
[ExplosionArea] 检测到 0 个重叠区域
[ExplosionArea] 共击中 0 个敌人
[ExplosionArea] 检测到 1 个重叠区域
[ExplosionArea] 区域 1: HurtboxComponent -> 父节点: CLIEnemy_(120_0, 90_0) (类型: Area2D)
[ExplosionArea]   ⚠️ 使用备用伤害方案
[ExplosionArea]   ✅ 造成伤害(备用): 0.0 -> CLIEnemy_(120_0, 90_0)
[ExplosionArea] 共击中 1 个敌人
[HealthComponent] 已经死亡，忽略伤害
[PlayerBase] Q released -> release_skill('q')
[skill_glacier_q] ===== 退出规划模式 ===== 点数: 109, 闭合: true
[skill_glacier_q] 最终闭合判定: true
[skill_glacier_q] detected 1 closed polygons
[PlayerBase] E pressed -> execute_skill('e')
[HealthComponent] 血量归零，触发死亡信号
[HealthComponent] 血量归零，触发死亡信号
[HealthComponent] 已经死亡，忽略伤害
[ExplosionArea] 检测到 0 个重叠区域
[ExplosionArea] 共击中 0 个敌人
[ExplosionArea] 检测到 0 个重叠区域
[ExplosionArea] 共击中 0 个敌人
[ExplosionArea] 检测到 0 个重叠区域
[ExplosionArea] 共击中 0 个敌人
[ExplosionArea] 检测到 0 个重叠区域
[ExplosionArea] 共击中 0 个敌人
[ExplosionArea] 检测到 0 个重叠区域
[ExplosionArea] 共击中 0 个敌人
[HealthComponent] 已经死亡，忽略伤害
[ExplosionArea] 检测到 0 个重叠区域
[ExplosionArea] 共击中 0 个敌人
[PlayerBase] F pressed, ultimate_skill = UltimateSkill:<Node#370944248374>
[PlayerBase] try activate ultimate, energy: 100.0%
[HealthComponent] 已经死亡，忽略伤害
[HealthComponent] 已经死亡，忽略伤害
[HealthComponent] 已经死亡，忽略伤害
[DebugSwitcher] test mode disabled
[BackgroundManager] 地图纹理大小: (994.000000, 460.000000)
[BackgroundManager] 初始化完成 - 瓦片大小: 2000, 已生成: 25 个瓦片
[ChestManager] 初始化完成 - 生成 2 个宝箱（分散布局）
[ChestManager] 初始化完成 - 预生成 2 个宝箱位置
[ChestIndicator] indicator_show_range = 3000 (from map_config.csv)
[ExitConfirmDialog] _ready() called
[Arena] _ready() 开始
[Arena] 已添加到 arena 组
[Arena] 已启用波末战利品模式，禁用旧宝箱流程
[Arena] 暂停菜单已初始化
[Arena] 商店面板已连接
[Arena] WaveRewardSystem 已创建
[Arena] WaveRewardPanel 已添加到 GameUI
[Arena] WildcardPanel 已添加到 GameUI
[Arena] BattleFlowController 已初始化
[Arena] Spawner 波次完成信号已连接
[Arena] 准备初始化玩家...
[Arena] _init_player_from_selection 开始
[Arena] selected_player_ids: ["quartermaster"]
[Arena] selected_player_weapons: { "quartermaster": "punch" }
WARNING: [ConfigManager] game_config 缺少键 'enable_wave_recruit_mode'，使用默认值: 1
   at: push_warning (core/variant/variant_utility.cpp:1034)
   GDScript backtrace (most recent call first):
       [0] get_game_setting (res://autoloads/config_manager.gd:590)
       [1] is_wave_recruit_mode_enabled (res://autoloads/global.gd:298)
       [2] enter_wave_recruit_mode (res://autoloads/global.gd:303)
       [3] _init_player_from_selection (res://scenes/arena/arena_core.gd:467)
       [4] _ready (res://scenes/arena/arena_core.gd:117)
[Arena] 场景中没有默认玩家，直接生成选择的角色
[Arena] _spawn_player 开始: player_id=quartermaster, pos=(500.0, 300.0)
[Arena] Global.selected_player_weapons = { "quartermaster": "punch" }
[Arena] visual_config: { "player_id": "quartermaster", "sprite_path": "res://assets/sprites/Players/Player_15.png", "scene_path": "res://scenes/unit/players/player_generic.tscn", "scale_x": 1.0, "scale_y": 1.0, "color_r": 1.0, "color_g": 1.0, "color_b": 1.0, "color_a": 1.0, "z_index": 1.0 }
[Arena] 创建角色: quartermaster
[PlayerFactory] 设置 player_id: quartermaster
[PlayerFactory] 已加载脚本: res://scenes/unit/players/player_quartermaster.gd (player_id=quartermaster)
[PlayerFactory] 成功创建角色: quartermaster
[Arena] 警告: player_id 不匹配，重新设置:  -> quartermaster
[PlayerBase] player quartermaster has no equipped item
[ItemWeapon] 尝试加载武器场景: res://scenes/weapons/melee/weapon_melee_point.tscn
[ItemWeapon] 成功加载武器场景: res://scenes/weapons/melee/weapon_melee_point.tscn
[Player] weapon added: 拳头1级 (punch_1)
[Weapon] _ready() - Sprite2D 初始化:
  - 可见性: true
  - z_index: 2
  - 缩放: (1.0, 1.0)
  - 位置: (27.0, 0.0)
  - Sprite2D 全局位置: (527.0, 300.0)
  - Weapon 全局位置: (500.0, 300.0)
[Player] weapon node added to scene
[Player] weapon position: (0.0, 0.0)
[Player] weapon global position: (500.0, 300.0)
[Player] weapon visible: true
[Player] weapon z_index: 0
[Weapon] 加载贴图: res://assets/sprites/Weapons/Melee/Weapon_Punch.png
[Weapon] Sprite2D 可见性: true
[Weapon] Sprite2D 位置: (27.0, 0.0)
[Weapon] Sprite2D 缩放: (1.0, 1.0)
[Weapon] 贴图大小: (200.0, 100.0)
[Weapon] 武器设置完成: 拳头1级 (punch_1)
  - 类型: MELEE
  - 等级: 1
  - 形状类型: point
  - 子弹模式: 未指定
  - 碰撞体: 由 MeleeBehavior 动态创建
  - 基础场景: res://scenes/weapons/melee/weapon_melee_point.tscn
[Player] weapon position after layout: (0.0, -15.0)
[Player] weapon global position after layout: (500.0, 285.0)
[PlayerBase] player quartermaster loaded 1 weapons
[PlayerBase] death signal connected
[PlayerBase] start loading ultimate, player_id = quartermaster
[PlayerBase] ultimate config loaded: { "ult_id": "quartermaster_ult", "name": "火力链路", "duration": 10.0, "energy_cost": 40.0, "bonus_bond_tag": "assist", "visual_color_hex": "#999933", "scale_multiplier": 1.2, "explosion_radius": 240.0, "explosion_damage_scale": 1.1, "description": "军需官进入火力链路并增强压制节奏", "f_role_id": "quartermaster", "f_internal_cd": 0.95, "f_q_line_amp": 1.52, "f_q_closure_amp": 1.98, "f_special_value_1": 1.18, "f_special_value_2": 240.0, "f_special_value_3": 0.31, "f_bond_o_payload": "tag:alchemist|lv2:0.12|lv3:0.24|axis:line", "f_bond_m_payload": "tag:blaster|lv2:0.16|lv3:0.32|axis:closure", "f_bond_t_payload": "tag:assist|lv2:0.10|lv3:0.20|axis:tempo" }
[PlayerBase] ultimate script loaded: (res://scenes/skills/players/f_roles/skill_quartermaster_f.gd):<GDScript#-9223371555348673956>
[PlayerBase] ultimate node created
[PlayerBase] ultimate load complete: 火力链路
[SkillDrawingBase] _ready(): skill_quartermaster_q, skill_owner=PlayerGeneric:<Area2D#479207623403>
[SkillDrawingBase] Line2D 创建成功: skill_quartermaster_q
[Arena] 生成角色成功: quartermaster 在位置 (500.0, 300.0)
[Arena] 玩家初始化完成
[CharacterSlot] 加载角色图标: quartermaster -> res://assets/sprites/Players/Player_15.png
[SquadHUD] 初始化 1 个角色卡槽
[Arena] 小队 HUD 初始化完成
[Arena] ===== _init_bond_hud() 开始 =====
[Arena] ✅ 找到 GameUI 节点: /root/Arena/GameUI
[Arena] ✅ BondHUD 场景加载成功
[Arena] ✅ BondHUD 实例化成功
[Arena] ✅ BondHUD 已添加到 GameUI
[Arena] BondHUD 路径: /root/Arena/GameUI/BondHUD
[Arena] BondHUD 可见性: true
[Arena] _ready() 完成，飘字保护已解除
[PlayerBase] SkillManager already exists (created by child: @Node@1158), loaded=3, skip auto create
[Arena] ===== 角色切换开始 =====
[Arena] 收到角色切换请求: quartermaster
[Arena] 跳过自动保存（QEF测试模式）: character_switch
[Arena] 当前玩家: quartermaster
[Arena] 当前玩家位置: (500.0, 300.0)
[Arena] 不清理旧玩家的技能效果（默认行为）
[Arena] 调用 player.queue_free()
[Arena] 等待一帧...
[DebugSwitcher] test mode enabled: wave_time=999, key8 toggles recording
[Arena] 玩家死亡信号已连接
[Arena] 触发 BondManager 重新计算羁绊...
[Arena] 当前队伍: ["quartermaster", "paladin", "bloodsworn"]
[Arena] ✅ 羁绊计算完成
[PlayerBase] Bond stat modifiers applied:
  HP: 108 -> 108
  Speed: 500
  EnergyRegen: 0.7
  PickupRange: 150
  Damage: 10
[Arena] ✅ 羁绊属性已应用到玩家
[Arena] ===== _init_bond_hud() 完成 =====
[Arena] 玩家死亡信号已连接
[Arena] 等待完成，开始生成新角色
[Arena] _spawn_player 开始: player_id=quartermaster, pos=(500.0, 300.0)
[Arena] Global.selected_player_weapons = { "quartermaster": "punch", "paladin": "punch", "bloodsworn": "punch" }
[Arena] visual_config: { "player_id": "quartermaster", "sprite_path": "res://assets/sprites/Players/Player_15.png", "scene_path": "res://scenes/unit/players/player_generic.tscn", "scale_x": 1.0, "scale_y": 1.0, "color_r": 1.0, "color_g": 1.0, "color_b": 1.0, "color_a": 1.0, "z_index": 1.0 }
[Arena] 创建角色: quartermaster
[PlayerFactory] 设置 player_id: quartermaster
[PlayerFactory] 已加载脚本: res://scenes/unit/players/player_quartermaster.gd (player_id=quartermaster)
[PlayerFactory] 成功创建角色: quartermaster
[Arena] 警告: player_id 不匹配，重新设置:  -> quartermaster
[PlayerBase] player quartermaster has no equipped item
[ItemWeapon] 尝试加载武器场景: res://scenes/weapons/melee/weapon_melee_point.tscn
[ItemWeapon] 成功加载武器场景: res://scenes/weapons/melee/weapon_melee_point.tscn
[Player] weapon added: 拳头1级 (punch_1)
[Weapon] _ready() - Sprite2D 初始化:
  - 可见性: true
  - z_index: 2
  - 缩放: (1.0, 1.0)
  - 位置: (27.0, 0.0)
  - Sprite2D 全局位置: (527.0, 300.0)
  - Weapon 全局位置: (500.0, 300.0)
[Player] weapon node added to scene
[Player] weapon position: (0.0, 0.0)
[Player] weapon global position: (500.0, 300.0)
[Player] weapon visible: true
[Player] weapon z_index: 0
[Weapon] 加载贴图: res://assets/sprites/Weapons/Melee/Weapon_Punch.png
[Weapon] Sprite2D 可见性: true
[Weapon] Sprite2D 位置: (27.0, 0.0)
[Weapon] Sprite2D 缩放: (1.0, 1.0)
[Weapon] 贴图大小: (200.0, 100.0)
[Weapon] 武器设置完成: 拳头1级 (punch_1)
  - 类型: MELEE
  - 等级: 1
  - 形状类型: point
  - 子弹模式: 未指定
  - 碰撞体: 由 MeleeBehavior 动态创建
  - 基础场景: res://scenes/weapons/melee/weapon_melee_point.tscn
[Player] weapon position after layout: (0.0, -15.0)
[Player] weapon global position after layout: (500.0, 285.0)
[PlayerBase] player quartermaster loaded 1 weapons
[PlayerBase] death signal connected
[PlayerBase] start loading ultimate, player_id = quartermaster
[PlayerBase] ultimate config loaded: { "ult_id": "quartermaster_ult", "name": "火力链路", "duration": 10.0, "energy_cost": 40.0, "bonus_bond_tag": "assist", "visual_color_hex": "#999933", "scale_multiplier": 1.2, "explosion_radius": 240.0, "explosion_damage_scale": 1.1, "description": "军需官进入火力链路并增强压制节奏", "f_role_id": "quartermaster", "f_internal_cd": 0.95, "f_q_line_amp": 1.52, "f_q_closure_amp": 1.98, "f_special_value_1": 1.18, "f_special_value_2": 240.0, "f_special_value_3": 0.31, "f_bond_o_payload": "tag:alchemist|lv2:0.12|lv3:0.24|axis:line", "f_bond_m_payload": "tag:blaster|lv2:0.16|lv3:0.32|axis:closure", "f_bond_t_payload": "tag:assist|lv2:0.10|lv3:0.20|axis:tempo" }
[PlayerBase] ultimate script loaded: (res://scenes/skills/players/f_roles/skill_quartermaster_f.gd):<GDScript#-9223371555348673956>
[PlayerBase] ultimate node created
[PlayerBase] ultimate load complete: 火力链路
[SkillDrawingBase] _ready(): skill_quartermaster_q, skill_owner=PlayerGeneric:<Area2D#494692995255>
[SkillDrawingBase] Line2D 创建成功: skill_quartermaster_q
[Arena] 生成角色成功: quartermaster 在位置 (500.0, 300.0)
[PlayerBase] Bond stat modifiers applied:
  HP: 108 -> 108
  Speed: 500
  EnergyRegen: 0.7
  PickupRange: 150
  Damage: 10
[Arena] ✅ 角色切换后羁绊属性已重新应用
[Arena] ===== 角色切换结束 =====
[PlayerBase] SkillManager already exists (created by child: @Node@1179), loaded=3, skip auto create
[Arena] 玩家死亡信号已连接
[skill_quartermaster_q] ===== 鏉╂稑鍙嗙憴鍕灊濡€崇础 ===== 鐠ч鍋? (500.0002, 299.364), line_2d閺堝鏅? true
[HealthComponent] 血量归零，触发死亡信号
[PlayerBase] Q released -> release_skill('q')
[skill_quartermaster_q] ===== 退出规划模式 ===== 点数: 65, 闭合: false
[skill_quartermaster_q] 最终闭合判定: false
[skill_quartermaster_q] 閻㈢喐鍨氬鈧弨鎹愮熅瀵板嫭鏅ラ弸婊愮礉閸樼喎顫愰悙瑙勬殶: 65, 閸氬牆鑻熺痪鎸庮唽閺? 7
[HealthComponent] 已经死亡，忽略伤害
[skill_quartermaster_q] open-path effects spawned
[ExplosionArea] 检测到 0 个重叠区域
[ExplosionArea] 共击中 0 个敌人
[ExplosionArea] 检测到 0 个重叠区域
[ExplosionArea] 共击中 0 个敌人
[ExplosionArea] 检测到 1 个重叠区域
[ExplosionArea] 区域 1: HurtboxComponent -> 父节点: CLIEnemy_(120_0, 90_0) (类型: Area2D)
[ExplosionArea]   ⚠️ 使用备用伤害方案
[ExplosionArea]   ✅ 造成伤害(备用): 0.0 -> CLIEnemy_(120_0, 90_0)
[ExplosionArea] 共击中 1 个敌人
[ExplosionArea] 检测到 0 个重叠区域
[ExplosionArea] 共击中 0 个敌人
[ExplosionArea] 检测到 0 个重叠区域
[ExplosionArea] 共击中 0 个敌人
[ExplosionArea] 检测到 0 个重叠区域
[ExplosionArea] 共击中 0 个敌人
[ExplosionArea] 检测到 0 个重叠区域
[ExplosionArea] 共击中 0 个敌人
[ExplosionArea] 检测到 0 个重叠区域
[ExplosionArea] 共击中 0 个敌人
[ExplosionArea] 检测到 0 个重叠区域
[ExplosionArea] 共击中 0 个敌人
[ExplosionArea] 检测到 0 个重叠区域
[ExplosionArea] 共击中 0 个敌人
[ExplosionArea] 检测到 0 个重叠区域
[ExplosionArea] 共击中 0 个敌人
[HealthComponent] 已经死亡，忽略伤害
[HealthComponent] 已经死亡，忽略伤害
[skill_quartermaster_q] ===== 鏉╂稑鍙嗙憴鍕灊濡€崇础 ===== 鐠ч鍋? (500.6338, 299.3669), line_2d閺堝鏅? true
[HealthComponent] 已经死亡，忽略伤害
[HealthComponent] 已经死亡，忽略伤害
[ExplosionArea] 检测到 0 个重叠区域
[ExplosionArea] 共击中 0 个敌人
[ExplosionArea] 检测到 0 个重叠区域
[ExplosionArea] 共击中 0 个敌人
[ExplosionArea] 检测到 1 个重叠区域
[ExplosionArea] 区域 1: HurtboxComponent -> 父节点: CLIEnemy_(120_0, 90_0) (类型: Area2D)
[ExplosionArea]   ⚠️ 使用备用伤害方案
[ExplosionArea]   ✅ 造成伤害(备用): 0.0 -> CLIEnemy_(120_0, 90_0)
[ExplosionArea] 共击中 1 个敌人
[ExplosionArea] 检测到 0 个重叠区域
[ExplosionArea] 共击中 0 个敌人
[ExplosionArea] 检测到 0 个重叠区域
[ExplosionArea] 共击中 0 个敌人
[ExplosionArea] 检测到 0 个重叠区域
[ExplosionArea] 共击中 0 个敌人
[ExplosionArea] 检测到 0 个重叠区域
[ExplosionArea] 共击中 0 个敌人
[ExplosionArea] 检测到 0 个重叠区域
[ExplosionArea] 共击中 0 个敌人
[ExplosionArea] 检测到 0 个重叠区域
[ExplosionArea] 共击中 0 个敌人
[ExplosionArea] 检测到 0 个重叠区域
[ExplosionArea] 共击中 0 个敌人
[ExplosionArea] 检测到 0 个重叠区域
[ExplosionArea] 共击中 0 个敌人
[ExplosionArea] 检测到 0 个重叠区域
[ExplosionArea] 共击中 0 个敌人
[ExplosionArea] 检测到 0 个重叠区域
[ExplosionArea] 共击中 0 个敌人
[ExplosionArea] 检测到 0 个重叠区域
[ExplosionArea] 共击中 0 个敌人
[PlayerBase] Q released -> release_skill('q')
[skill_quartermaster_q] ===== 退出规划模式 ===== 点数: 109, 闭合: true
[skill_quartermaster_q] 最终闭合判定: true
[skill_quartermaster_q] detected 1 closed polygons
[ExplosionArea] 检测到 0 个重叠区域
[ExplosionArea] 共击中 0 个敌人
[ExplosionArea] 检测到 0 个重叠区域
[ExplosionArea] 共击中 0 个敌人
[ExplosionArea] 检测到 0 个重叠区域
[ExplosionArea] 共击中 0 个敌人
[ExplosionArea] 检测到 0 个重叠区域
[ExplosionArea] 共击中 0 个敌人
[ExplosionArea] 检测到 0 个重叠区域
[ExplosionArea] 共击中 0 个敌人
[ExplosionArea] 检测到 0 个重叠区域
[ExplosionArea] 共击中 0 个敌人
[ExplosionArea] 检测到 0 个重叠区域
[ExplosionArea] 共击中 0 个敌人
[PlayerBase] E pressed -> execute_skill('e')
[HealthComponent] 血量归零，触发死亡信号
[ExplosionArea] 检测到 0 个重叠区域
[ExplosionArea] 共击中 0 个敌人
[HealthComponent] 已经死亡，忽略伤害
[HealthComponent] 已经死亡，忽略伤害
[PlayerBase] F pressed, ultimate_skill = UltimateSkill:<Node#496421047892>
[PlayerBase] try activate ultimate, energy: 100.0%
[ExplosionArea] 检测到 0 个重叠区域
[ExplosionArea] 共击中 0 个敌人
[ExplosionArea] 检测到 0 个重叠区域
[ExplosionArea] 共击中 0 个敌人
[ExplosionArea] 检测到 0 个重叠区域
[ExplosionArea] 共击中 0 个敌人
[ExplosionArea] 检测到 0 个重叠区域
[ExplosionArea] 共击中 0 个敌人
[ExplosionArea] 检测到 0 个重叠区域
[ExplosionArea] 共击中 0 个敌人
[ExplosionArea] 检测到 0 个重叠区域
[ExplosionArea] 共击中 0 个敌人
[ExplosionArea] 检测到 0 个重叠区域
[ExplosionArea] 共击中 0 个敌人
[HealthComponent] 已经死亡，忽略伤害
[HealthComponent] 已经死亡，忽略伤害
[HealthComponent] 已经死亡，忽略伤害
[HealthComponent] 已经死亡，忽略伤害
[ExplosionArea] 检测到 0 个重叠区域
[ExplosionArea] 共击中 0 个敌人
[ExplosionArea] 检测到 0 个重叠区域
[ExplosionArea] 共击中 0 个敌人
[ExplosionArea] 检测到 0 个重叠区域
[ExplosionArea] 共击中 0 个敌人
[ExplosionArea] 检测到 0 个重叠区域
[ExplosionArea] 共击中 0 个敌人
[ExplosionArea] 检测到 0 个重叠区域
[ExplosionArea] 共击中 0 个敌人
[ExplosionArea] 检测到 0 个重叠区域
[ExplosionArea] 共击中 0 个敌人
[ExplosionArea] 检测到 0 个重叠区域
[ExplosionArea] 共击中 0 个敌人
[DebugSwitcher] test mode disabled
[BackgroundManager] 地图纹理大小: (994.000000, 460.000000)
[BackgroundManager] 初始化完成 - 瓦片大小: 2000, 已生成: 25 个瓦片
[ChestManager] 初始化完成 - 生成 2 个宝箱（分散布局）
[ChestManager] 初始化完成 - 预生成 2 个宝箱位置
[ChestIndicator] indicator_show_range = 3000 (from map_config.csv)
[ExitConfirmDialog] _ready() called
[Arena] _ready() 开始
[Arena] 已添加到 arena 组
[Arena] 已启用波末战利品模式，禁用旧宝箱流程
[Arena] 暂停菜单已初始化
[Arena] 商店面板已连接
[Arena] WaveRewardSystem 已创建
[Arena] WaveRewardPanel 已添加到 GameUI
[Arena] WildcardPanel 已添加到 GameUI
[Arena] BattleFlowController 已初始化
[Arena] Spawner 波次完成信号已连接
[Arena] 准备初始化玩家...
[Arena] _init_player_from_selection 开始
[Arena] selected_player_ids: ["wind"]
[Arena] selected_player_weapons: { "wind": "pistol" }
WARNING: [ConfigManager] game_config 缺少键 'enable_wave_recruit_mode'，使用默认值: 1
   at: push_warning (core/variant/variant_utility.cpp:1034)
   GDScript backtrace (most recent call first):
       [0] get_game_setting (res://autoloads/config_manager.gd:590)
       [1] is_wave_recruit_mode_enabled (res://autoloads/global.gd:298)
       [2] enter_wave_recruit_mode (res://autoloads/global.gd:303)
       [3] _init_player_from_selection (res://scenes/arena/arena_core.gd:467)
       [4] _ready (res://scenes/arena/arena_core.gd:117)
[Arena] 场景中没有默认玩家，直接生成选择的角色
[Arena] _spawn_player 开始: player_id=wind, pos=(500.0, 300.0)
[Arena] Global.selected_player_weapons = { "wind": "pistol" }
[Arena] visual_config: { "player_id": "wind", "sprite_path": "res://assets/sprites/Players/Player_2.png", "scene_path": "res://scenes/unit/players/player_generic.tscn", "scale_x": 1.0, "scale_y": 1.0, "color_r": 1.0, "color_g": 1.0, "color_b": 1.0, "color_a": 1.0, "z_index": 1.0 }
[Arena] 创建角色: wind
[PlayerFactory] 设置 player_id: wind
[PlayerFactory] 已加载脚本: res://scenes/unit/players/player_wind.gd (player_id=wind)
[PlayerFactory] 成功创建角色: wind
[Arena] 警告: player_id 不匹配，重新设置:  -> wind
[PlayerBase] player wind has no equipped item
[ItemWeapon] 尝试加载武器场景: res://scenes/weapons/range/weapon_range_physical.tscn
[ItemWeapon] 成功加载武器场景: res://scenes/weapons/range/weapon_range_physical.tscn
[Player] weapon added: 手枪1级 (pistol_1)
[Weapon] _ready() - Sprite2D 初始化:
  - 可见性: true
  - z_index: 2
  - 缩放: (1.0, 1.0)
  - 位置: (27.0, 0.0)
  - Sprite2D 全局位置: (527.0, 300.0)
  - Weapon 全局位置: (500.0, 300.0)
[Player] weapon node added to scene
[Player] weapon position: (0.0, 0.0)
[Player] weapon global position: (500.0, 300.0)
[Player] weapon visible: true
[Player] weapon z_index: 0
[Weapon] 加载贴图: res://assets/sprites/Weapons/Range/WeaponPistol.png
[Weapon] Sprite2D 可见性: true
[Weapon] Sprite2D 位置: (27.0, 0.0)
[Weapon] Sprite2D 缩放: (1.0, 1.0)
[Weapon] 贴图大小: (200.0, 100.0)
[Weapon] 动态创建枪口节点，偏移: (20.0, -2.0)
[Weapon] 武器设置完成: 手枪1级 (pistol_1)
  - 类型: RANGE
  - 等级: 1
  - 形状类型: straight
  - 子弹模式: single
  - 碰撞体位置/缩放: (0.0, 0.0) / (1.0, 1.0)
  - 基础场景: res://scenes/weapons/range/weapon_range_physical.tscn
[Player] weapon position after layout: (0.0, -15.0)
[Player] weapon global position after layout: (500.0, 285.0)
[PlayerBase] player wind loaded 1 weapons
[PlayerBase] death signal connected
[PlayerBase] start loading ultimate, player_id = wind
[PlayerBase] ultimate config loaded: { "ult_id": "wind_ult", "name": "风之升华", "duration": 10.0, "energy_cost": 40.0, "bonus_bond_tag": "commander", "visual_color_hex": "#33FF99", "scale_multiplier": 1.2, "explosion_radius": 260.0, "explosion_damage_scale": 0.9, "description": "风行者开启飓眼迁跃并强化牵引风切", "f_role_id": "wind", "f_internal_cd": 0.95, "f_q_line_amp": 1.5, "f_q_closure_amp": 1.95, "f_special_value_1": 1.15, "f_special_value_2": 260.0, "f_special_value_3": 0.28, "f_bond_o_payload": "tag:nomad|lv2:0.12|lv3:0.24|axis:line", "f_bond_m_payload": "tag:geometrist|lv2:0.16|lv3:0.32|axis:closure", "f_bond_t_payload": "tag:commander|lv2:0.10|lv3:0.20|axis:tempo" }
[PlayerBase] ultimate script loaded: (res://scenes/skills/players/f_roles/skill_wind_f.gd):<GDScript#-9223371341422392000>
[PlayerBase] ultimate node created
[PlayerBase] ultimate load complete: 风之升华
[SkillDrawingBase] _ready(): skill_wind_q, skill_owner=PlayerGeneric:<Area2D#693066795581>
[SkillDrawingBase] Line2D 创建成功: skill_wind_q
[Arena] 生成角色成功: wind 在位置 (500.0, 300.0)
[Arena] 玩家初始化完成
[CharacterSlot] 加载角色图标: wind -> res://assets/sprites/Players/Player_2.png
[SquadHUD] 初始化 1 个角色卡槽
[Arena] 小队 HUD 初始化完成
[Arena] ===== _init_bond_hud() 开始 =====
[Arena] ✅ 找到 GameUI 节点: /root/Arena/GameUI
[Arena] ✅ BondHUD 场景加载成功
[Arena] ✅ BondHUD 实例化成功
[Arena] ✅ BondHUD 已添加到 GameUI
[Arena] BondHUD 路径: /root/Arena/GameUI/BondHUD
[Arena] BondHUD 可见性: true
[Arena] _ready() 完成，飘字保护已解除
[PlayerBase] SkillManager already exists (created by child: @Node@2064), loaded=3, skip auto create
[ExplosionArea] 检测到 0 个重叠区域
[ExplosionArea] 共击中 0 个敌人
[Arena] ===== 角色切换开始 =====
[Arena] 收到角色切换请求: wind
[Arena] 跳过自动保存（QEF测试模式）: character_switch
[Arena] 当前玩家: wind
[Arena] 当前玩家位置: (500.0, 300.0)
[Arena] 不清理旧玩家的技能效果（默认行为）
[Arena] 调用 player.queue_free()
[Arena] 等待一帧...
[DebugSwitcher] test mode enabled: wave_time=999, key8 toggles recording
[Arena] 玩家死亡信号已连接
[Arena] 触发 BondManager 重新计算羁绊...
[Arena] 当前队伍: ["blacksmith", "medic", "wind"]
[Arena] ✅ 羁绊计算完成
[PlayerBase] Bond stat modifiers applied:
  HP: 93 -> 93
  Speed: 600
  EnergyRegen: 0.6
  PickupRange: 150
  Damage: 10
[Arena] ✅ 羁绊属性已应用到玩家
[Arena] ===== _init_bond_hud() 完成 =====
[Arena] 玩家死亡信号已连接
[Arena] 等待完成，开始生成新角色
[Arena] _spawn_player 开始: player_id=wind, pos=(500.0, 300.0)
[Arena] Global.selected_player_weapons = { "blacksmith": "punch", "medic": "punch", "wind": "pistol" }
[Arena] visual_config: { "player_id": "wind", "sprite_path": "res://assets/sprites/Players/Player_2.png", "scene_path": "res://scenes/unit/players/player_generic.tscn", "scale_x": 1.0, "scale_y": 1.0, "color_r": 1.0, "color_g": 1.0, "color_b": 1.0, "color_a": 1.0, "z_index": 1.0 }
[Arena] 创建角色: wind
[PlayerFactory] 设置 player_id: wind
[PlayerFactory] 已加载脚本: res://scenes/unit/players/player_wind.gd (player_id=wind)
[PlayerFactory] 成功创建角色: wind
[Arena] 警告: player_id 不匹配，重新设置:  -> wind
[PlayerBase] player wind has no equipped item
[ItemWeapon] 尝试加载武器场景: res://scenes/weapons/range/weapon_range_physical.tscn
[ItemWeapon] 成功加载武器场景: res://scenes/weapons/range/weapon_range_physical.tscn
[Player] weapon added: 手枪1级 (pistol_1)
[Weapon] _ready() - Sprite2D 初始化:
  - 可见性: true
  - z_index: 2
  - 缩放: (1.0, 1.0)
  - 位置: (27.0, 0.0)
  - Sprite2D 全局位置: (527.0, 300.0)
  - Weapon 全局位置: (500.0, 300.0)
[Player] weapon node added to scene
[Player] weapon position: (0.0, 0.0)
[Player] weapon global position: (500.0, 300.0)
[Player] weapon visible: true
[Player] weapon z_index: 0
[Weapon] 加载贴图: res://assets/sprites/Weapons/Range/WeaponPistol.png
[Weapon] Sprite2D 可见性: true
[Weapon] Sprite2D 位置: (27.0, 0.0)
[Weapon] Sprite2D 缩放: (1.0, 1.0)
[Weapon] 贴图大小: (200.0, 100.0)
[Weapon] 动态创建枪口节点，偏移: (20.0, -2.0)
[Weapon] 武器设置完成: 手枪1级 (pistol_1)
  - 类型: RANGE
  - 等级: 1
  - 形状类型: straight
  - 子弹模式: single
  - 碰撞体位置/缩放: (0.0, 0.0) / (1.0, 1.0)
  - 基础场景: res://scenes/weapons/range/weapon_range_physical.tscn
[Player] weapon position after layout: (0.0, -15.0)
[Player] weapon global position after layout: (500.0, 285.0)
[PlayerBase] player wind loaded 1 weapons
[PlayerBase] death signal connected
[PlayerBase] start loading ultimate, player_id = wind
[PlayerBase] ultimate config loaded: { "ult_id": "wind_ult", "name": "风之升华", "duration": 10.0, "energy_cost": 40.0, "bonus_bond_tag": "commander", "visual_color_hex": "#33FF99", "scale_multiplier": 1.2, "explosion_radius": 260.0, "explosion_damage_scale": 0.9, "description": "风行者开启飓眼迁跃并强化牵引风切", "f_role_id": "wind", "f_internal_cd": 0.95, "f_q_line_amp": 1.5, "f_q_closure_amp": 1.95, "f_special_value_1": 1.15, "f_special_value_2": 260.0, "f_special_value_3": 0.28, "f_bond_o_payload": "tag:nomad|lv2:0.12|lv3:0.24|axis:line", "f_bond_m_payload": "tag:geometrist|lv2:0.16|lv3:0.32|axis:closure", "f_bond_t_payload": "tag:commander|lv2:0.10|lv3:0.20|axis:tempo" }
[PlayerBase] ultimate script loaded: (res://scenes/skills/players/f_roles/skill_wind_f.gd):<GDScript#-9223371341422392000>
[PlayerBase] ultimate node created
[PlayerBase] ultimate load complete: 风之升华
[SkillDrawingBase] _ready(): skill_wind_q, skill_owner=PlayerGeneric:<Area2D#709810460495>
[SkillDrawingBase] Line2D 创建成功: skill_wind_q
[Arena] 生成角色成功: wind 在位置 (500.0, 300.0)
[PlayerBase] Bond stat modifiers applied:
  HP: 93 -> 93
  Speed: 600
  EnergyRegen: 0.6
  PickupRange: 150
  Damage: 10
[Arena] ✅ 角色切换后羁绊属性已重新应用
[Arena] ===== 角色切换结束 =====
[PlayerBase] SkillManager already exists (created by child: @Node@2084), loaded=3, skip auto create
[Arena] 玩家死亡信号已连接
[Arena] ===== 角色切换开始 =====
[Arena] 收到角色切换请求: wind
[Arena] 跳过自动保存（QEF测试模式）: character_switch
[Arena] 当前玩家: wind
[Arena] 当前玩家位置: (500.0, 300.0)
[Arena] 不清理旧玩家的技能效果（默认行为）
[Arena] 调用 player.queue_free()
[Arena] 等待一帧...
[DebugSwitcher] recording started: d:/Godot/Production/PolyLash_Project/.godot_cli/Roaming/Godot/app_userdata/PolyLash/qa_reports/input_recordings/player_ops_20260315_120547_546_wind.json
[Arena] 等待完成，开始生成新角色
[Arena] _spawn_player 开始: player_id=wind, pos=(500.0, 300.0)
[Arena] Global.selected_player_weapons = { "blacksmith": "punch", "medic": "punch", "wind": "pistol" }
[Arena] visual_config: { "player_id": "wind", "sprite_path": "res://assets/sprites/Players/Player_2.png", "scene_path": "res://scenes/unit/players/player_generic.tscn", "scale_x": 1.0, "scale_y": 1.0, "color_r": 1.0, "color_g": 1.0, "color_b": 1.0, "color_a": 1.0, "z_index": 1.0 }
[Arena] 创建角色: wind
[PlayerFactory] 设置 player_id: wind
[PlayerFactory] 已加载脚本: res://scenes/unit/players/player_wind.gd (player_id=wind)
[PlayerFactory] 成功创建角色: wind
[Arena] 警告: player_id 不匹配，重新设置:  -> wind
[PlayerBase] player wind has no equipped item
[ItemWeapon] 尝试加载武器场景: res://scenes/weapons/range/weapon_range_physical.tscn
[ItemWeapon] 成功加载武器场景: res://scenes/weapons/range/weapon_range_physical.tscn
[Player] weapon added: 手枪1级 (pistol_1)
[Weapon] _ready() - Sprite2D 初始化:
  - 可见性: true
  - z_index: 2
  - 缩放: (1.0, 1.0)
  - 位置: (27.0, 0.0)
  - Sprite2D 全局位置: (527.0, 300.0)
  - Weapon 全局位置: (500.0, 300.0)
[Player] weapon node added to scene
[Player] weapon position: (0.0, 0.0)
[Player] weapon global position: (500.0, 300.0)
[Player] weapon visible: true
[Player] weapon z_index: 0
[Weapon] 加载贴图: res://assets/sprites/Weapons/Range/WeaponPistol.png
[Weapon] Sprite2D 可见性: true
[Weapon] Sprite2D 位置: (27.0, 0.0)
[Weapon] Sprite2D 缩放: (1.0, 1.0)
[Weapon] 贴图大小: (200.0, 100.0)
[Weapon] 动态创建枪口节点，偏移: (20.0, -2.0)
[Weapon] 武器设置完成: 手枪1级 (pistol_1)
  - 类型: RANGE
  - 等级: 1
  - 形状类型: straight
  - 子弹模式: single
  - 碰撞体位置/缩放: (0.0, 0.0) / (1.0, 1.0)
  - 基础场景: res://scenes/weapons/range/weapon_range_physical.tscn
[Player] weapon position after layout: (0.0, -15.0)
[Player] weapon global position after layout: (500.0, 285.0)
[PlayerBase] player wind loaded 1 weapons
[PlayerBase] death signal connected
[PlayerBase] start loading ultimate, player_id = wind
[PlayerBase] ultimate config loaded: { "ult_id": "wind_ult", "name": "风之升华", "duration": 10.0, "energy_cost": 40.0, "bonus_bond_tag": "commander", "visual_color_hex": "#33FF99", "scale_multiplier": 1.2, "explosion_radius": 260.0, "explosion_damage_scale": 0.9, "description": "风行者开启飓眼迁跃并强化牵引风切", "f_role_id": "wind", "f_internal_cd": 0.95, "f_q_line_amp": 1.5, "f_q_closure_amp": 1.95, "f_special_value_1": 1.15, "f_special_value_2": 260.0, "f_special_value_3": 0.28, "f_bond_o_payload": "tag:nomad|lv2:0.12|lv3:0.24|axis:line", "f_bond_m_payload": "tag:geometrist|lv2:0.16|lv3:0.32|axis:closure", "f_bond_t_payload": "tag:commander|lv2:0.10|lv3:0.20|axis:tempo" }
[PlayerBase] ultimate script loaded: (res://scenes/skills/players/f_roles/skill_wind_f.gd):<GDScript#-9223371341422392000>
[PlayerBase] ultimate node created
[PlayerBase] ultimate load complete: 风之升华
[SkillDrawingBase] _ready(): skill_wind_q, skill_owner=PlayerGeneric:<Area2D#732929464143>
[SkillDrawingBase] Line2D 创建成功: skill_wind_q
[Arena] 生成角色成功: wind 在位置 (500.0, 300.0)
[PlayerBase] Bond stat modifiers applied:
  HP: 93 -> 93
  Speed: 600
  EnergyRegen: 0.6
  PickupRange: 150
  Damage: 10
[Arena] ✅ 角色切换后羁绊属性已重新应用
[Arena] ===== 角色切换结束 =====
[PlayerBase] SkillManager already exists (created by child: @Node@2094), loaded=3, skip auto create
[Arena] 玩家死亡信号已连接
[RangeBehavior] ========== 开始远程攻击 ==========
[RangeBehavior] 武器名称: 手枪1级
[RangeBehavior] 武器位置: (500.0, 285.0)
[RangeBehavior] 武器旋转: -49.4009209458155度
[RangeBehavior] Muzzle 位置: (532.5381, 247.0359)
[RangeBehavior] 生成子弹:
  - 子弹场景: res://scenes/projectiles/projectile_pistol.tscn
  - 生成位置: (532.5381, 247.0359)
  - 角度偏移: 0.0度
  - 速度: (1171.372, -1366.707)
  - 伤害: 11.0
[Projectile] 子弹初始化:
  - 位置: (532.5381, 247.0359)
  - 速度: (1171.372, -1366.707)
  - 伤害: 11.0
  - 暴击: false
  - 击退: 1.0
  - 发射者: PlayerGeneric
  - Hitbox 碰撞层: 4
  - Hitbox 碰撞掩码: 8
[RangeBehavior] 发射 single x1
[skill_wind_q] ===== 鏉╂稑鍙嗙憴鍕灊濡€崇础 ===== 鐠ч鍋? (500.0002, 299.364), line_2d閺堝鏅? true
[Projectile] ========== 子弹命中！==========
[Projectile] 子弹位置: (574.8489, 197.669)
[Projectile] 目标: CLIEnemy_(90_0, -120_0)
[Projectile] 目标位置: (580.4128, 190.4674)
[Projectile] 子弹销毁
[HealthComponent] 血量归零，触发死亡信号
[RangeBehavior] 攻击结束
[PlayerBase] Q released -> release_skill('q')
[skill_wind_q] ===== 退出规划模式 ===== 点数: 65, 闭合: false
[skill_wind_q] 最终闭合判定: false
[skill_wind_q] 閻㈢喐鍨氬鈧弨鎹愮熅瀵板嫭鏅ラ弸婊愮礉閸樼喎顫愰悙瑙勬殶: 65, 閸氬牆鑻熺痪鎸庮唽閺? 6
[HealthComponent] 已经死亡，忽略伤害
[HealthComponent] 已经死亡，忽略伤害
[skill_wind_q] open-path effects spawned
[HealthComponent] 已经死亡，忽略伤害
[PlayerBase] E pressed -> execute_skill('e')
[HealthComponent] 已经死亡，忽略伤害
[ExplosionArea] 检测到 0 个重叠区域
[ExplosionArea] 共击中 0 个敌人
[HealthComponent] 血量归零，触发死亡信号
[HealthComponent] 已经死亡，忽略伤害
[ExplosionArea] 检测到 0 个重叠区域
[ExplosionArea] 共击中 0 个敌人
[HealthComponent] 已经死亡，忽略伤害
[PlayerBase] F pressed, ultimate_skill = UltimateSkill:<Node#734724623204>
[PlayerBase] try activate ultimate, energy: 100.0%
[RangeBehavior] ========== 开始远程攻击 ==========
[RangeBehavior] 武器名称: 手枪1级
[RangeBehavior] 武器位置: (756.2428, 328.9637)
[RangeBehavior] 武器旋转: -43.9982003312004度
[RangeBehavior] Muzzle 位置: (792.3973, 294.0519)
[RangeBehavior] 生成子弹:
  - 子弹场景: res://scenes/projectiles/projectile_pistol.tscn
  - 生成位置: (792.3973, 294.0519)
  - 角度偏移: 0.0度
  - 速度: (1294.851, -1250.344)
  - 伤害: 11.0
[Projectile] 子弹初始化:
  - 位置: (792.3973, 294.0519)
  - 速度: (1294.851, -1250.344)
  - 伤害: 11.0
  - 暴击: false
  - 击退: 1.0
  - 发射者: PlayerGeneric
  - Hitbox 碰撞层: 4
  - Hitbox 碰撞掩码: 8
[RangeBehavior] 发射 single x1
[Projectile] ========== 子弹命中！==========
[Projectile] 子弹位置: (817.4263, 269.883)
[Projectile] 目标: CLIEnemy_(180_0, 0_0)
[Projectile] 目标位置: (802.1816, 286.1684)
[Projectile] 子弹销毁
[Projectile] ✓ 生成爆炸: 伤害=1.0, 半径=260.0
[Projectile] 爆炸伤害: 9.9 (基础:11.0 × 倍率:0.9)
[HealthComponent] 已经死亡，忽略伤害
[ExplosionArea] 检测到 2 个重叠区域
[ExplosionArea] 区域 1: HurtboxComponent -> 父节点: CLIEnemy_(180_0, 0_0) (类型: Area2D)
[ExplosionArea]   ⚠️ 使用备用伤害方案
[ExplosionArea]   ✅ 造成伤害(备用): 9.9 -> CLIEnemy_(180_0, 0_0)
[ExplosionArea] 区域 2: HurtboxComponent -> 父节点: CLIEnemy_(90_0, -120_0) (类型: Area2D)
[ExplosionArea]   ⚠️ 使用备用伤害方案
[ExplosionArea]   ✅ 造成伤害(备用): 9.9 -> CLIEnemy_(90_0, -120_0)
[ExplosionArea] 共击中 2 个敌人
[HealthComponent] 已经死亡，忽略伤害
[HealthComponent] 已经死亡，忽略伤害
[HealthComponent] 已经死亡，忽略伤害
[HealthComponent] 已经死亡，忽略伤害
[DebugSwitcher] record saved: d:/Godot/Production/PolyLash_Project/.godot_cli/Roaming/Godot/app_userdata/PolyLash/qa_reports/input_recordings/player_ops_20260315_120547_546_wind.json
[HealthComponent] 已经死亡，忽略伤害
[DebugSwitcher] test mode disabled
[BackgroundManager] 地图纹理大小: (994.000000, 460.000000)
[BackgroundManager] 初始化完成 - 瓦片大小: 2000, 已生成: 25 个瓦片
[ChestManager] 初始化完成 - 生成 2 个宝箱（分散布局）
[ChestManager] 初始化完成 - 预生成 2 个宝箱位置
[ChestIndicator] indicator_show_range = 3000 (from map_config.csv)
[ExitConfirmDialog] _ready() called
[Arena] _ready() 开始
[Arena] 已添加到 arena 组
[Arena] 已启用波末战利品模式，禁用旧宝箱流程
[Arena] 暂停菜单已初始化
[Arena] 商店面板已连接
[Arena] WaveRewardSystem 已创建
[Arena] WaveRewardPanel 已添加到 GameUI
[Arena] WildcardPanel 已添加到 GameUI
[Arena] BattleFlowController 已初始化
[Arena] Spawner 波次完成信号已连接
[Arena] 准备初始化玩家...
[Arena] _init_player_from_selection 开始
[Arena] selected_player_ids: ["wind"]
[Arena] selected_player_weapons: { "wind": "pistol" }
WARNING: [ConfigManager] game_config 缺少键 'enable_wave_recruit_mode'，使用默认值: 1
   at: push_warning (core/variant/variant_utility.cpp:1034)
   GDScript backtrace (most recent call first):
       [0] get_game_setting (res://autoloads/config_manager.gd:590)
       [1] is_wave_recruit_mode_enabled (res://autoloads/global.gd:298)
       [2] enter_wave_recruit_mode (res://autoloads/global.gd:303)
       [3] _init_player_from_selection (res://scenes/arena/arena_core.gd:467)
       [4] _ready (res://scenes/arena/arena_core.gd:117)
[Arena] 场景中没有默认玩家，直接生成选择的角色
[Arena] _spawn_player 开始: player_id=wind, pos=(500.0, 300.0)
[Arena] Global.selected_player_weapons = { "wind": "pistol" }
[Arena] visual_config: { "player_id": "wind", "sprite_path": "res://assets/sprites/Players/Player_2.png", "scene_path": "res://scenes/unit/players/player_generic.tscn", "scale_x": 1.0, "scale_y": 1.0, "color_r": 1.0, "color_g": 1.0, "color_b": 1.0, "color_a": 1.0, "z_index": 1.0 }
[Arena] 创建角色: wind
[PlayerFactory] 设置 player_id: wind
[PlayerFactory] 已加载脚本: res://scenes/unit/players/player_wind.gd (player_id=wind)
[PlayerFactory] 成功创建角色: wind
[Arena] 警告: player_id 不匹配，重新设置:  -> wind
[PlayerBase] player wind has no equipped item
[ItemWeapon] 尝试加载武器场景: res://scenes/weapons/range/weapon_range_physical.tscn
[ItemWeapon] 成功加载武器场景: res://scenes/weapons/range/weapon_range_physical.tscn
[Player] weapon added: 手枪1级 (pistol_1)
[Weapon] _ready() - Sprite2D 初始化:
  - 可见性: true
  - z_index: 2
  - 缩放: (1.0, 1.0)
  - 位置: (27.0, 0.0)
  - Sprite2D 全局位置: (527.0, 300.0)
  - Weapon 全局位置: (500.0, 300.0)
[Player] weapon node added to scene
[Player] weapon position: (0.0, 0.0)
[Player] weapon global position: (500.0, 300.0)
[Player] weapon visible: true
[Player] weapon z_index: 0
[Weapon] 加载贴图: res://assets/sprites/Weapons/Range/WeaponPistol.png
[Weapon] Sprite2D 可见性: true
[Weapon] Sprite2D 位置: (27.0, 0.0)
[Weapon] Sprite2D 缩放: (1.0, 1.0)
[Weapon] 贴图大小: (200.0, 100.0)
[Weapon] 动态创建枪口节点，偏移: (20.0, -2.0)
[Weapon] 武器设置完成: 手枪1级 (pistol_1)
  - 类型: RANGE
  - 等级: 1
  - 形状类型: straight
  - 子弹模式: single
  - 碰撞体位置/缩放: (0.0, 0.0) / (1.0, 1.0)
  - 基础场景: res://scenes/weapons/range/weapon_range_physical.tscn
[Player] weapon position after layout: (0.0, -15.0)
[Player] weapon global position after layout: (500.0, 285.0)
[PlayerBase] player wind loaded 1 weapons
[PlayerBase] death signal connected
[PlayerBase] start loading ultimate, player_id = wind
[PlayerBase] ultimate config loaded: { "ult_id": "wind_ult", "name": "风之升华", "duration": 10.0, "energy_cost": 40.0, "bonus_bond_tag": "commander", "visual_color_hex": "#33FF99", "scale_multiplier": 1.2, "explosion_radius": 260.0, "explosion_damage_scale": 0.9, "description": "风行者开启飓眼迁跃并强化牵引风切", "f_role_id": "wind", "f_internal_cd": 0.95, "f_q_line_amp": 1.5, "f_q_closure_amp": 1.95, "f_special_value_1": 1.15, "f_special_value_2": 260.0, "f_special_value_3": 0.28, "f_bond_o_payload": "tag:nomad|lv2:0.12|lv3:0.24|axis:line", "f_bond_m_payload": "tag:geometrist|lv2:0.16|lv3:0.32|axis:closure", "f_bond_t_payload": "tag:commander|lv2:0.10|lv3:0.20|axis:tempo" }
[PlayerBase] ultimate script loaded: (res://scenes/skills/players/f_roles/skill_wind_f.gd):<GDScript#-9223371341422392000>
[PlayerBase] ultimate node created
[PlayerBase] ultimate load complete: 风之升华
[SkillDrawingBase] _ready(): skill_wind_q, skill_owner=PlayerGeneric:<Area2D#818711365815>
[SkillDrawingBase] Line2D 创建成功: skill_wind_q
[Arena] 生成角色成功: wind 在位置 (500.0, 300.0)
[Arena] 玩家初始化完成
[CharacterSlot] 加载角色图标: wind -> res://assets/sprites/Players/Player_2.png
[SquadHUD] 初始化 1 个角色卡槽
[Arena] 小队 HUD 初始化完成
[Arena] ===== _init_bond_hud() 开始 =====
[Arena] ✅ 找到 GameUI 节点: /root/Arena/GameUI
[Arena] ✅ BondHUD 场景加载成功
[Arena] ✅ BondHUD 实例化成功
[Arena] ✅ BondHUD 已添加到 GameUI
[Arena] BondHUD 路径: /root/Arena/GameUI/BondHUD
[Arena] BondHUD 可见性: true
[Arena] _ready() 完成，飘字保护已解除
[PlayerBase] SkillManager already exists (created by child: @Node@2351), loaded=3, skip auto create
[Arena] ===== 角色切换开始 =====
[Arena] 收到角色切换请求: wind
[Arena] 跳过自动保存（QEF测试模式）: character_switch
[Arena] 当前玩家: wind
[Arena] 当前玩家位置: (500.0, 300.0)
[Arena] 不清理旧玩家的技能效果（默认行为）
[Arena] 调用 player.queue_free()
[Arena] 等待一帧...
[DebugSwitcher] test mode enabled: wave_time=999, key8 toggles recording
[Arena] 玩家死亡信号已连接
[Arena] 触发 BondManager 重新计算羁绊...
[Arena] 当前队伍: ["blacksmith", "medic", "wind"]
[Arena] ✅ 羁绊计算完成
[PlayerBase] Bond stat modifiers applied:
  HP: 93 -> 93
  Speed: 600
  EnergyRegen: 0.6
  PickupRange: 150
  Damage: 10
[Arena] ✅ 羁绊属性已应用到玩家
[Arena] ===== _init_bond_hud() 完成 =====
[Arena] 玩家死亡信号已连接
[Arena] 等待完成，开始生成新角色
[Arena] _spawn_player 开始: player_id=wind, pos=(500.0, 300.0)
[Arena] Global.selected_player_weapons = { "blacksmith": "punch", "medic": "punch", "wind": "pistol" }
[Arena] visual_config: { "player_id": "wind", "sprite_path": "res://assets/sprites/Players/Player_2.png", "scene_path": "res://scenes/unit/players/player_generic.tscn", "scale_x": 1.0, "scale_y": 1.0, "color_r": 1.0, "color_g": 1.0, "color_b": 1.0, "color_a": 1.0, "z_index": 1.0 }
[Arena] 创建角色: wind
[PlayerFactory] 设置 player_id: wind
[PlayerFactory] 已加载脚本: res://scenes/unit/players/player_wind.gd (player_id=wind)
[PlayerFactory] 成功创建角色: wind
[Arena] 警告: player_id 不匹配，重新设置:  -> wind
[PlayerBase] player wind has no equipped item
[ItemWeapon] 尝试加载武器场景: res://scenes/weapons/range/weapon_range_physical.tscn
[ItemWeapon] 成功加载武器场景: res://scenes/weapons/range/weapon_range_physical.tscn
[Player] weapon added: 手枪1级 (pistol_1)
[Weapon] _ready() - Sprite2D 初始化:
  - 可见性: true
  - z_index: 2
  - 缩放: (1.0, 1.0)
  - 位置: (27.0, 0.0)
  - Sprite2D 全局位置: (527.0, 300.0)
  - Weapon 全局位置: (500.0, 300.0)
[Player] weapon node added to scene
[Player] weapon position: (0.0, 0.0)
[Player] weapon global position: (500.0, 300.0)
[Player] weapon visible: true
[Player] weapon z_index: 0
[Weapon] 加载贴图: res://assets/sprites/Weapons/Range/WeaponPistol.png
[Weapon] Sprite2D 可见性: true
[Weapon] Sprite2D 位置: (27.0, 0.0)
[Weapon] Sprite2D 缩放: (1.0, 1.0)
[Weapon] 贴图大小: (200.0, 100.0)
[Weapon] 动态创建枪口节点，偏移: (20.0, -2.0)
[Weapon] 武器设置完成: 手枪1级 (pistol_1)
  - 类型: RANGE
  - 等级: 1
  - 形状类型: straight
  - 子弹模式: single
  - 碰撞体位置/缩放: (0.0, 0.0) / (1.0, 1.0)
  - 基础场景: res://scenes/weapons/range/weapon_range_physical.tscn
[Player] weapon position after layout: (0.0, -15.0)
[Player] weapon global position after layout: (500.0, 285.0)
[PlayerBase] player wind loaded 1 weapons
[PlayerBase] death signal connected
[PlayerBase] start loading ultimate, player_id = wind
[PlayerBase] ultimate config loaded: { "ult_id": "wind_ult", "name": "风之升华", "duration": 10.0, "energy_cost": 40.0, "bonus_bond_tag": "commander", "visual_color_hex": "#33FF99", "scale_multiplier": 1.2, "explosion_radius": 260.0, "explosion_damage_scale": 0.9, "description": "风行者开启飓眼迁跃并强化牵引风切", "f_role_id": "wind", "f_internal_cd": 0.95, "f_q_line_amp": 1.5, "f_q_closure_amp": 1.95, "f_special_value_1": 1.15, "f_special_value_2": 260.0, "f_special_value_3": 0.28, "f_bond_o_payload": "tag:nomad|lv2:0.12|lv3:0.24|axis:line", "f_bond_m_payload": "tag:geometrist|lv2:0.16|lv3:0.32|axis:closure", "f_bond_t_payload": "tag:commander|lv2:0.10|lv3:0.20|axis:tempo" }
[PlayerBase] ultimate script loaded: (res://scenes/skills/players/f_roles/skill_wind_f.gd):<GDScript#-9223371341422392000>
[PlayerBase] ultimate node created
[PlayerBase] ultimate load complete: 风之升华
[SkillDrawingBase] _ready(): skill_wind_q, skill_owner=PlayerGeneric:<Area2D#827838171319>
[SkillDrawingBase] Line2D 创建成功: skill_wind_q
[Arena] 生成角色成功: wind 在位置 (500.0, 300.0)
[PlayerBase] Bond stat modifiers applied:
  HP: 93 -> 93
  Speed: 600
  EnergyRegen: 0.6
  PickupRange: 150
  Damage: 10
[Arena] ✅ 角色切换后羁绊属性已重新应用
[Arena] ===== 角色切换结束 =====
[PlayerBase] SkillManager already exists (created by child: @Node@2363), loaded=3, skip auto create
[Arena] 玩家死亡信号已连接
[DebugSwitcher] replay started: d:/Godot/Production/PolyLash_Project/.godot_cli/Roaming/Godot/app_userdata/PolyLash/qa_reports/input_recordings/player_ops_20260315_120547_546_wind.json
[Arena] ===== 角色切换开始 =====
[Arena] 收到角色切换请求: wind
[Arena] 跳过自动保存（QEF测试模式）: character_switch
[Arena] 当前玩家: wind
[Arena] 当前玩家位置: (500.0, 300.0)
[Arena] 不清理旧玩家的技能效果（默认行为）
[Arena] 调用 player.queue_free()
[Arena] 等待一帧...
[Arena] 等待完成，开始生成新角色
[Arena] _spawn_player 开始: player_id=wind, pos=(500.0, 300.0)
[Arena] Global.selected_player_weapons = { "blacksmith": "punch", "medic": "punch", "wind": "pistol" }
[Arena] visual_config: { "player_id": "wind", "sprite_path": "res://assets/sprites/Players/Player_2.png", "scene_path": "res://scenes/unit/players/player_generic.tscn", "scale_x": 1.0, "scale_y": 1.0, "color_r": 1.0, "color_g": 1.0, "color_b": 1.0, "color_a": 1.0, "z_index": 1.0 }
[Arena] 创建角色: wind
[PlayerFactory] 设置 player_id: wind
[PlayerFactory] 已加载脚本: res://scenes/unit/players/player_wind.gd (player_id=wind)
[PlayerFactory] 成功创建角色: wind
[Arena] 警告: player_id 不匹配，重新设置:  -> wind
[PlayerBase] player wind has no equipped item
[ItemWeapon] 尝试加载武器场景: res://scenes/weapons/range/weapon_range_physical.tscn
[ItemWeapon] 成功加载武器场景: res://scenes/weapons/range/weapon_range_physical.tscn
[Player] weapon added: 手枪1级 (pistol_1)
[Weapon] _ready() - Sprite2D 初始化:
  - 可见性: true
  - z_index: 2
  - 缩放: (1.0, 1.0)
  - 位置: (27.0, 0.0)
  - Sprite2D 全局位置: (527.0, 300.0)
  - Weapon 全局位置: (500.0, 300.0)
[Player] weapon node added to scene
[Player] weapon position: (0.0, 0.0)
[Player] weapon global position: (500.0, 300.0)
[Player] weapon visible: true
[Player] weapon z_index: 0
[Weapon] 加载贴图: res://assets/sprites/Weapons/Range/WeaponPistol.png
[Weapon] Sprite2D 可见性: true
[Weapon] Sprite2D 位置: (27.0, 0.0)
[Weapon] Sprite2D 缩放: (1.0, 1.0)
[Weapon] 贴图大小: (200.0, 100.0)
[Weapon] 动态创建枪口节点，偏移: (20.0, -2.0)
[Weapon] 武器设置完成: 手枪1级 (pistol_1)
  - 类型: RANGE
  - 等级: 1
  - 形状类型: straight
  - 子弹模式: single
  - 碰撞体位置/缩放: (0.0, 0.0) / (1.0, 1.0)
  - 基础场景: res://scenes/weapons/range/weapon_range_physical.tscn
[Player] weapon position after layout: (0.0, -15.0)
[Player] weapon global position after layout: (500.0, 285.0)
[PlayerBase] player wind loaded 1 weapons
[PlayerBase] death signal connected
[PlayerBase] start loading ultimate, player_id = wind
[PlayerBase] ultimate config loaded: { "ult_id": "wind_ult", "name": "风之升华", "duration": 10.0, "energy_cost": 40.0, "bonus_bond_tag": "commander", "visual_color_hex": "#33FF99", "scale_multiplier": 1.2, "explosion_radius": 260.0, "explosion_damage_scale": 0.9, "description": "风行者开启飓眼迁跃并强化牵引风切", "f_role_id": "wind", "f_internal_cd": 0.95, "f_q_line_amp": 1.5, "f_q_closure_amp": 1.95, "f_special_value_1": 1.15, "f_special_value_2": 260.0, "f_special_value_3": 0.28, "f_bond_o_payload": "tag:nomad|lv2:0.12|lv3:0.24|axis:line", "f_bond_m_payload": "tag:geometrist|lv2:0.16|lv3:0.32|axis:closure", "f_bond_t_payload": "tag:commander|lv2:0.10|lv3:0.20|axis:tempo" }
[PlayerBase] ultimate script loaded: (res://scenes/skills/players/f_roles/skill_wind_f.gd):<GDScript#-9223371341422392000>
[PlayerBase] ultimate node created
[PlayerBase] ultimate load complete: 风之升华
[SkillDrawingBase] _ready(): skill_wind_q, skill_owner=PlayerGeneric:<Area2D#838844025308>
[SkillDrawingBase] Line2D 创建成功: skill_wind_q
[Arena] 生成角色成功: wind 在位置 (500.0, 300.0)
[PlayerBase] Bond stat modifiers applied:
  HP: 93 -> 93
  Speed: 600
  EnergyRegen: 0.6
  PickupRange: 150
  Damage: 10
[Arena] ✅ 角色切换后羁绊属性已重新应用
[Arena] ===== 角色切换结束 =====
[PlayerBase] SkillManager already exists (created by child: @Node@2373), loaded=3, skip auto create
[Arena] 玩家死亡信号已连接
[RangeBehavior] ========== 开始远程攻击 ==========
[RangeBehavior] 武器名称: 手枪1级
[RangeBehavior] 武器位置: (500.0, 285.0)
[RangeBehavior] 武器旋转: -50.5103485727007度
[RangeBehavior] Muzzle 位置: (531.7969, 246.413)
[RangeBehavior] 生成子弹:
  - 子弹场景: res://scenes/projectiles/projectile_pistol.tscn
  - 生成位置: (531.7969, 246.413)
  - 角度偏移: 0.0度
  - 速度: (1144.69, -1389.131)
  - 伤害: 11.0
[Projectile] 子弹初始化:
  - 位置: (531.7969, 246.413)
  - 速度: (1144.69, -1389.131)
  - 伤害: 17.0
  - 暴击: true
  - 击退: 1.0
  - 发射者: PlayerGeneric
  - Hitbox 碰撞层: 4
  - Hitbox 碰撞掩码: 8
[RangeBehavior] 发射 single x1
[skill_wind_q] ===== 鏉╂稑鍙嗙憴鍕灊濡€崇础 ===== 鐠ч鍋? (500.0002, 299.364), line_2d閺堝鏅? true
[Projectile] ========== 子弹命中！==========
[Projectile] 子弹位置: (572.1495, 197.4437)
[Projectile] 目标: CLIEnemy_(90_0, -120_0)
[Projectile] 目标位置: (580.7715, 190.0543)
[Projectile] 子弹销毁
[HealthComponent] 血量归零，触发死亡信号
[RangeBehavior] 攻击结束
[PlayerBase] Q released -> release_skill('q')
[skill_wind_q] ===== 退出规划模式 ===== 点数: 72, 闭合: true
[skill_wind_q] 最终闭合判定: true
[PolygonUtils] 交叉点数量: 1
[PolygonUtils] 排序后: ["[0,5]"]
[PolygonUtils] 提取完成，共 0 个区域
[PlayerBase] E pressed -> execute_skill('e')
[HealthComponent] 已经死亡，忽略伤害
[ExplosionArea] 检测到 1 个重叠区域
[ExplosionArea] 区域 1: HurtboxComponent -> 父节点: CLIEnemy_(180_0, 0_0) (类型: Area2D)
[ExplosionArea]   ⚠️ 使用备用伤害方案
[ExplosionArea]   ✅ 造成伤害(备用): 0.0 -> CLIEnemy_(180_0, 0_0)
[ExplosionArea] 共击中 1 个敌人
[RangeBehavior] ========== 开始远程攻击 ==========
[RangeBehavior] 武器名称: 手枪1级
[RangeBehavior] 武器位置: (756.2428, 329.0415)
[RangeBehavior] 武器旋转: 178.515613657016度
[RangeBehavior] Muzzle 位置: (706.2596, 330.3367)
[RangeBehavior] 生成子弹:
  - 子弹场景: res://scenes/projectiles/projectile_pistol.tscn
  - 生成位置: (706.2596, 330.3367)
  - 角度偏移: 0.0度
  - 速度: (-1799.396, 46.62815)
  - 伤害: 11.0
[Projectile] 子弹初始化:
  - 位置: (706.2596, 330.3367)
  - 速度: (-1799.396, 46.62815)
  - 伤害: 11.0
  - 暴击: false
  - 击退: 1.0
  - 发射者: PlayerGeneric
  - Hitbox 碰撞层: 4
  - Hitbox 碰撞掩码: 8
[RangeBehavior] 发射 single x1
[PlayerBase] F pressed, ultimate_skill = UltimateSkill:<Node#840639188772>
[PlayerBase] try activate ultimate, energy: 100.0%
[Projectile] ========== 子弹命中！==========
[Projectile] 子弹位置: (662.0976, 331.4811)
[Projectile] 目标: CLIEnemy_(180_0, 0_0)
[Projectile] 目标位置: (704.1235, 329.1797)
[Projectile] 子弹销毁
[Projectile] ✓ 生成爆炸: 伤害=1.0, 半径=260.0
[Projectile] 爆炸伤害: 9.9 (基础:11.0 × 倍率:0.9)
[ExplosionArea] 检测到 2 个重叠区域
[ExplosionArea] 区域 1: HurtboxComponent -> 父节点: CLIEnemy_(180_0, 0_0) (类型: Area2D)
[ExplosionArea]   ⚠️ 使用备用伤害方案
[ExplosionArea]   ✅ 造成伤害(备用): 9.9 -> CLIEnemy_(180_0, 0_0)
[ExplosionArea] 区域 2: HurtboxComponent -> 父节点: CLIEnemy_(90_0, -120_0) (类型: Area2D)
[ExplosionArea]   ⚠️ 使用备用伤害方案
[ExplosionArea]   ✅ 造成伤害(备用): 9.9 -> CLIEnemy_(90_0, -120_0)
[ExplosionArea] 共击中 2 个敌人
[ExplosionArea] 检测到 0 个重叠区域
[ExplosionArea] 共击中 0 个敌人
[HealthComponent] 血量归零，触发死亡信号
[DebugSwitcher] replay finished
[DebugSwitcher] test mode disabled
[BackgroundManager] 地图纹理大小: (994.000000, 460.000000)
[BackgroundManager] 初始化完成 - 瓦片大小: 2000, 已生成: 25 个瓦片
[ChestManager] 初始化完成 - 生成 2 个宝箱（分散布局）
[ChestManager] 初始化完成 - 预生成 2 个宝箱位置
[ChestIndicator] indicator_show_range = 3000 (from map_config.csv)
[ExitConfirmDialog] _ready() called
[Arena] _ready() 开始
[Arena] 已添加到 arena 组
[Arena] 已启用波末战利品模式，禁用旧宝箱流程
[Arena] 暂停菜单已初始化
[Arena] 商店面板已连接
[Arena] WaveRewardSystem 已创建
[Arena] WaveRewardPanel 已添加到 GameUI
[Arena] WildcardPanel 已添加到 GameUI
[Arena] BattleFlowController 已初始化
[Arena] Spawner 波次完成信号已连接
[Arena] 准备初始化玩家...
[Arena] _init_player_from_selection 开始
[Arena] selected_player_ids: ["lurewarden"]
[Arena] selected_player_weapons: { "lurewarden": "pistol" }
WARNING: [ConfigManager] game_config 缺少键 'enable_wave_recruit_mode'，使用默认值: 1
   at: push_warning (core/variant/variant_utility.cpp:1034)
   GDScript backtrace (most recent call first):
       [0] get_game_setting (res://autoloads/config_manager.gd:590)
       [1] is_wave_recruit_mode_enabled (res://autoloads/global.gd:298)
       [2] enter_wave_recruit_mode (res://autoloads/global.gd:303)
       [3] _init_player_from_selection (res://scenes/arena/arena_core.gd:467)
       [4] _ready (res://scenes/arena/arena_core.gd:117)
[Arena] 场景中没有默认玩家，直接生成选择的角色
[Arena] _spawn_player 开始: player_id=lurewarden, pos=(500.0, 300.0)
[Arena] Global.selected_player_weapons = { "lurewarden": "pistol" }
[Arena] visual_config: { "player_id": "lurewarden", "sprite_path": "res://assets/sprites/Players/Player_7.png", "scene_path": "res://scenes/unit/players/player_generic.tscn", "scale_x": 1.0, "scale_y": 1.0, "color_r": 1.0, "color_g": 1.0, "color_b": 1.0, "color_a": 1.0, "z_index": 1.0 }
[Arena] 创建角色: lurewarden
[PlayerFactory] 设置 player_id: lurewarden
[PlayerFactory] 已加载脚本: res://scenes/unit/players/player_lurewarden.gd (player_id=lurewarden)
[PlayerFactory] 成功创建角色: lurewarden
[Arena] 警告: player_id 不匹配，重新设置:  -> lurewarden
[PlayerBase] player lurewarden has no equipped item
[ItemWeapon] 尝试加载武器场景: res://scenes/weapons/range/weapon_range_physical.tscn
[ItemWeapon] 成功加载武器场景: res://scenes/weapons/range/weapon_range_physical.tscn
[Player] weapon added: 手枪1级 (pistol_1)
[Weapon] _ready() - Sprite2D 初始化:
  - 可见性: true
  - z_index: 2
  - 缩放: (1.0, 1.0)
  - 位置: (27.0, 0.0)
  - Sprite2D 全局位置: (527.0, 300.0)
  - Weapon 全局位置: (500.0, 300.0)
[Player] weapon node added to scene
[Player] weapon position: (0.0, 0.0)
[Player] weapon global position: (500.0, 300.0)
[Player] weapon visible: true
[Player] weapon z_index: 0
[Weapon] 加载贴图: res://assets/sprites/Weapons/Range/WeaponPistol.png
[Weapon] Sprite2D 可见性: true
[Weapon] Sprite2D 位置: (27.0, 0.0)
[Weapon] Sprite2D 缩放: (1.0, 1.0)
[Weapon] 贴图大小: (200.0, 100.0)
[Weapon] 动态创建枪口节点，偏移: (20.0, -2.0)
[Weapon] 武器设置完成: 手枪1级 (pistol_1)
  - 类型: RANGE
  - 等级: 1
  - 形状类型: straight
  - 子弹模式: single
  - 碰撞体位置/缩放: (0.0, 0.0) / (1.0, 1.0)
  - 基础场景: res://scenes/weapons/range/weapon_range_physical.tscn
[Player] weapon position after layout: (0.0, -15.0)
[Player] weapon global position after layout: (500.0, 285.0)
[PlayerBase] player lurewarden loaded 1 weapons
[PlayerBase] death signal connected
[PlayerBase] start loading ultimate, player_id = lurewarden
[PlayerBase] ultimate config loaded: { "ult_id": "lurewarden_ult", "name": "诱猎号令", "duration": 10.0, "energy_cost": 40.0, "bonus_bond_tag": "commander", "visual_color_hex": "#66FF33", "scale_multiplier": 1.2, "explosion_radius": 280.0, "explosion_damage_scale": 1.0, "description": "诱猎师开启诱猎号令并强化诱饵围捕", "f_role_id": "lurewarden", "f_internal_cd": 0.95, "f_q_line_amp": 1.48, "f_q_closure_amp": 1.96, "f_special_value_1": 1.18, "f_special_value_2": 250.0, "f_special_value_3": 0.3, "f_bond_o_payload": "tag:alchemist|lv2:0.12|lv3:0.24|axis:line", "f_bond_m_payload": "tag:architect|lv2:0.16|lv3:0.32|axis:closure", "f_bond_t_payload": "tag:commander|lv2:0.10|lv3:0.20|axis:tempo" }
[PlayerBase] ultimate script loaded: (res://scenes/skills/players/f_roles/skill_lurewarden_f.gd):<GDScript#-9223371775381861870>
[PlayerBase] ultimate node created
[PlayerBase] ultimate load complete: 诱猎号令
[SkillDrawingBase] _ready(): skill_lurewarden_q, skill_owner=PlayerGeneric:<Area2D#1239114845735>
[SkillDrawingBase] Line2D 创建成功: skill_lurewarden_q
[Arena] 生成角色成功: lurewarden 在位置 (500.0, 300.0)
[Arena] 玩家初始化完成
[CharacterSlot] 加载角色图标: lurewarden -> res://assets/sprites/Players/Player_7.png
[SquadHUD] 初始化 1 个角色卡槽
[Arena] 小队 HUD 初始化完成
[Arena] ===== _init_bond_hud() 开始 =====
[Arena] ✅ 找到 GameUI 节点: /root/Arena/GameUI
[Arena] ✅ BondHUD 场景加载成功
[Arena] ✅ BondHUD 实例化成功
[Arena] ✅ BondHUD 已添加到 GameUI
[Arena] BondHUD 路径: /root/Arena/GameUI/BondHUD
[Arena] BondHUD 可见性: true
[Arena] _ready() 完成，飘字保护已解除
[PlayerBase] SkillManager already exists (created by child: @Node@2435), loaded=3, skip auto create
[Arena] ===== 角色切换开始 =====
[Arena] 收到角色切换请求: lurewarden
[Arena] 跳过自动保存（QEF测试模式）: character_switch
[Arena] 当前玩家: lurewarden
[Arena] 当前玩家位置: (500.0, 300.0)
[Arena] 不清理旧玩家的技能效果（默认行为）
[Arena] 调用 player.queue_free()
[Arena] 等待一帧...
[DebugSwitcher] test mode enabled: wave_time=999, key8 toggles recording
[Arena] 玩家死亡信号已连接
[Arena] 触发 BondManager 重新计算羁绊...
[Arena] 当前队伍: ["sapper", "spiritcaller", "lurewarden"]
[Arena] ✅ 羁绊计算完成
[PlayerBase] Bond stat modifiers applied:
  HP: 108 -> 141
  Speed: 640
  EnergyRegen: 0.7
  PickupRange: 225
  Damage: 10
[Arena] ✅ 羁绊属性已应用到玩家
[Arena] ===== _init_bond_hud() 完成 =====
[Arena] 玩家死亡信号已连接
[Arena] 等待完成，开始生成新角色
[Arena] _spawn_player 开始: player_id=lurewarden, pos=(500.0, 300.0)
[Arena] Global.selected_player_weapons = { "sapper": "pistol", "spiritcaller": "punch", "lurewarden": "pistol" }
[Arena] visual_config: { "player_id": "lurewarden", "sprite_path": "res://assets/sprites/Players/Player_7.png", "scene_path": "res://scenes/unit/players/player_generic.tscn", "scale_x": 1.0, "scale_y": 1.0, "color_r": 1.0, "color_g": 1.0, "color_b": 1.0, "color_a": 1.0, "z_index": 1.0 }
[Arena] 创建角色: lurewarden
[PlayerFactory] 设置 player_id: lurewarden
[PlayerFactory] 已加载脚本: res://scenes/unit/players/player_lurewarden.gd (player_id=lurewarden)
[PlayerFactory] 成功创建角色: lurewarden
[Arena] 警告: player_id 不匹配，重新设置:  -> lurewarden
[PlayerBase] player lurewarden has no equipped item
[ItemWeapon] 尝试加载武器场景: res://scenes/weapons/range/weapon_range_physical.tscn
[ItemWeapon] 成功加载武器场景: res://scenes/weapons/range/weapon_range_physical.tscn
[Player] weapon added: 手枪1级 (pistol_1)
[Weapon] _ready() - Sprite2D 初始化:
  - 可见性: true
  - z_index: 2
  - 缩放: (1.0, 1.0)
  - 位置: (27.0, 0.0)
  - Sprite2D 全局位置: (527.0, 300.0)
  - Weapon 全局位置: (500.0, 300.0)
[Player] weapon node added to scene
[Player] weapon position: (0.0, 0.0)
[Player] weapon global position: (500.0, 300.0)
[Player] weapon visible: true
[Player] weapon z_index: 0
[Weapon] 加载贴图: res://assets/sprites/Weapons/Range/WeaponPistol.png
[Weapon] Sprite2D 可见性: true
[Weapon] Sprite2D 位置: (27.0, 0.0)
[Weapon] Sprite2D 缩放: (1.0, 1.0)
[Weapon] 贴图大小: (200.0, 100.0)
[Weapon] 动态创建枪口节点，偏移: (20.0, -2.0)
[Weapon] 武器设置完成: 手枪1级 (pistol_1)
  - 类型: RANGE
  - 等级: 1
  - 形状类型: straight
  - 子弹模式: single
  - 碰撞体位置/缩放: (0.0, 0.0) / (1.0, 1.0)
  - 基础场景: res://scenes/weapons/range/weapon_range_physical.tscn
[Player] weapon position after layout: (0.0, -15.0)
[Player] weapon global position after layout: (500.0, 285.0)
[PlayerBase] player lurewarden loaded 1 weapons
[PlayerBase] death signal connected
[PlayerBase] start loading ultimate, player_id = lurewarden
[PlayerBase] ultimate config loaded: { "ult_id": "lurewarden_ult", "name": "诱猎号令", "duration": 10.0, "energy_cost": 40.0, "bonus_bond_tag": "commander", "visual_color_hex": "#66FF33", "scale_multiplier": 1.2, "explosion_radius": 280.0, "explosion_damage_scale": 1.0, "description": "诱猎师开启诱猎号令并强化诱饵围捕", "f_role_id": "lurewarden", "f_internal_cd": 0.95, "f_q_line_amp": 1.48, "f_q_closure_amp": 1.96, "f_special_value_1": 1.18, "f_special_value_2": 250.0, "f_special_value_3": 0.3, "f_bond_o_payload": "tag:alchemist|lv2:0.12|lv3:0.24|axis:line", "f_bond_m_payload": "tag:architect|lv2:0.16|lv3:0.32|axis:closure", "f_bond_t_payload": "tag:commander|lv2:0.10|lv3:0.20|axis:tempo" }
[PlayerBase] ultimate script loaded: (res://scenes/skills/players/f_roles/skill_lurewarden_f.gd):<GDScript#-9223371775381861870>
[PlayerBase] ultimate node created
[PlayerBase] ultimate load complete: 诱猎号令
[SkillDrawingBase] _ready(): skill_lurewarden_q, skill_owner=PlayerGeneric:<Area2D#1249382500559>
[SkillDrawingBase] Line2D 创建成功: skill_lurewarden_q
[Arena] 生成角色成功: lurewarden 在位置 (500.0, 300.0)
[PlayerBase] Bond stat modifiers applied:
  HP: 108 -> 141
  Speed: 640
  EnergyRegen: 0.7
  PickupRange: 225
  Damage: 10
[Arena] ✅ 角色切换后羁绊属性已重新应用
[Arena] ===== 角色切换结束 =====
[PlayerBase] SkillManager already exists (created by child: @Node@2456), loaded=3, skip auto create
[Arena] 玩家死亡信号已连接
[Arena] ===== 角色切换开始 =====
[Arena] 收到角色切换请求: lurewarden
[Arena] 跳过自动保存（QEF测试模式）: character_switch
[Arena] 当前玩家: lurewarden
[Arena] 当前玩家位置: (500.0, 300.0)
[Arena] 不清理旧玩家的技能效果（默认行为）
[Arena] 调用 player.queue_free()
[Arena] 等待一帧...
[DebugSwitcher] recording started: d:/Godot/Production/PolyLash_Project/.godot_cli/Roaming/Godot/app_userdata/PolyLash/qa_reports/input_recordings/player_ops_20260315_120553_947_lurewarden.json
[Arena] 等待完成，开始生成新角色
[Arena] _spawn_player 开始: player_id=lurewarden, pos=(500.0, 300.0)
[Arena] Global.selected_player_weapons = { "sapper": "pistol", "spiritcaller": "punch", "lurewarden": "pistol" }
[Arena] visual_config: { "player_id": "lurewarden", "sprite_path": "res://assets/sprites/Players/Player_7.png", "scene_path": "res://scenes/unit/players/player_generic.tscn", "scale_x": 1.0, "scale_y": 1.0, "color_r": 1.0, "color_g": 1.0, "color_b": 1.0, "color_a": 1.0, "z_index": 1.0 }
[Arena] 创建角色: lurewarden
[PlayerFactory] 设置 player_id: lurewarden
[PlayerFactory] 已加载脚本: res://scenes/unit/players/player_lurewarden.gd (player_id=lurewarden)
[PlayerFactory] 成功创建角色: lurewarden
[Arena] 警告: player_id 不匹配，重新设置:  -> lurewarden
[PlayerBase] player lurewarden has no equipped item
[ItemWeapon] 尝试加载武器场景: res://scenes/weapons/range/weapon_range_physical.tscn
[ItemWeapon] 成功加载武器场景: res://scenes/weapons/range/weapon_range_physical.tscn
[Player] weapon added: 手枪1级 (pistol_1)
[Weapon] _ready() - Sprite2D 初始化:
  - 可见性: true
  - z_index: 2
  - 缩放: (1.0, 1.0)
  - 位置: (27.0, 0.0)
  - Sprite2D 全局位置: (527.0, 300.0)
  - Weapon 全局位置: (500.0, 300.0)
[Player] weapon node added to scene
[Player] weapon position: (0.0, 0.0)
[Player] weapon global position: (500.0, 300.0)
[Player] weapon visible: true
[Player] weapon z_index: 0
[Weapon] 加载贴图: res://assets/sprites/Weapons/Range/WeaponPistol.png
[Weapon] Sprite2D 可见性: true
[Weapon] Sprite2D 位置: (27.0, 0.0)
[Weapon] Sprite2D 缩放: (1.0, 1.0)
[Weapon] 贴图大小: (200.0, 100.0)
[Weapon] 动态创建枪口节点，偏移: (20.0, -2.0)
[Weapon] 武器设置完成: 手枪1级 (pistol_1)
  - 类型: RANGE
  - 等级: 1
  - 形状类型: straight
  - 子弹模式: single
  - 碰撞体位置/缩放: (0.0, 0.0) / (1.0, 1.0)
  - 基础场景: res://scenes/weapons/range/weapon_range_physical.tscn
[Player] weapon position after layout: (0.0, -15.0)
[Player] weapon global position after layout: (500.0, 285.0)
[PlayerBase] player lurewarden loaded 1 weapons
[PlayerBase] death signal connected
[PlayerBase] start loading ultimate, player_id = lurewarden
[PlayerBase] ultimate config loaded: { "ult_id": "lurewarden_ult", "name": "诱猎号令", "duration": 10.0, "energy_cost": 40.0, "bonus_bond_tag": "commander", "visual_color_hex": "#66FF33", "scale_multiplier": 1.2, "explosion_radius": 280.0, "explosion_damage_scale": 1.0, "description": "诱猎师开启诱猎号令并强化诱饵围捕", "f_role_id": "lurewarden", "f_internal_cd": 0.95, "f_q_line_amp": 1.48, "f_q_closure_amp": 1.96, "f_special_value_1": 1.18, "f_special_value_2": 250.0, "f_special_value_3": 0.3, "f_bond_o_payload": "tag:alchemist|lv2:0.12|lv3:0.24|axis:line", "f_bond_m_payload": "tag:architect|lv2:0.16|lv3:0.32|axis:closure", "f_bond_t_payload": "tag:commander|lv2:0.10|lv3:0.20|axis:tempo" }
[PlayerBase] ultimate script loaded: (res://scenes/skills/players/f_roles/skill_lurewarden_f.gd):<GDScript#-9223371775381861870>
[PlayerBase] ultimate node created
[PlayerBase] ultimate load complete: 诱猎号令
[SkillDrawingBase] _ready(): skill_lurewarden_q, skill_owner=PlayerGeneric:<Area2D#1255791397071>
[SkillDrawingBase] Line2D 创建成功: skill_lurewarden_q
[Arena] 生成角色成功: lurewarden 在位置 (500.0, 300.0)
[PlayerBase] Bond stat modifiers applied:
  HP: 108 -> 141
  Speed: 640
  EnergyRegen: 0.7
  PickupRange: 225
  Damage: 10
[Arena] ✅ 角色切换后羁绊属性已重新应用
[Arena] ===== 角色切换结束 =====
[PlayerBase] SkillManager already exists (created by child: @Node@2466), loaded=3, skip auto create
[Arena] 玩家死亡信号已连接
[RangeBehavior] ========== 开始远程攻击 ==========
[RangeBehavior] 武器名称: 手枪1级
[RangeBehavior] 武器位置: (500.0, 285.0)
[RangeBehavior] 武器旋转: -50.176871416664度
[RangeBehavior] Muzzle 位置: (532.021, 246.5988)
[RangeBehavior] 生成子弹:
  - 子弹场景: res://scenes/projectiles/projectile_pistol.tscn
  - 生成位置: (532.021, 246.5988)
  - 角度偏移: 0.0度
  - 速度: (1152.756, -1382.445)
  - 伤害: 17.0
[Projectile] 子弹初始化:
  - 位置: (532.021, 246.5988)
  - 速度: (1152.756, -1382.445)
  - 伤害: 11.0
  - 暴击: true
  - 击退: 1.0
  - 发射者: PlayerGeneric
  - Hitbox 碰撞层: 4
  - Hitbox 碰撞掩码: 8
[RangeBehavior] 发射 single x1
[skill_lurewarden_q] ===== 鏉╂稑鍙嗙憴鍕灊濡€崇础 ===== 鐠ч鍋? (500.0002, 299.364), line_2d閺堝鏅? true
[Projectile] ========== 子弹命中！==========
[Projectile] 子弹位置: (574.4825, 195.6791)
[Projectile] 目标: CLIEnemy_(90_0, -120_0)
[Projectile] 目标位置: (582.097, 188.9217)
[Projectile] 子弹销毁
[RangeBehavior] 攻击结束
[HealthComponent] 血量归零，触发死亡信号
[PlayerBase] Q released -> release_skill('q')
[skill_lurewarden_q] ===== 退出规划模式 ===== 点数: 91, 闭合: false
[skill_lurewarden_q] 最终闭合判定: false
[skill_lurewarden_q] 閻㈢喐鍨氬鈧弨鎹愮熅瀵板嫭鏅ラ弸婊愮礉閸樼喎顫愰悙瑙勬殶: 91, 閸氬牆鑻熺痪鎸庮唽閺? 9
[skill_lurewarden_q] [P0-2] 线段持续加成: 5.0s -> 8.0s (+3.0s)
[skill_lurewarden_q] [P0-2] 线段持续加成: 5.0s -> 8.0s (+3.0s)
[skill_lurewarden_q] [P0-2] 线段持续加成: 5.0s -> 8.0s (+3.0s)
[skill_lurewarden_q] [P0-2] 线段持续加成: 5.0s -> 8.0s (+3.0s)
[skill_lurewarden_q] [P0-2] 线段持续加成: 5.0s -> 8.0s (+3.0s)
[skill_lurewarden_q] [P0-2] 线段持续加成: 5.0s -> 8.0s (+3.0s)
[skill_lurewarden_q] [P0-2] 线段持续加成: 5.0s -> 8.0s (+3.0s)
[skill_lurewarden_q] [P0-2] 线段持续加成: 5.0s -> 8.0s (+3.0s)
[skill_lurewarden_q] [P0-2] 线段持续加成: 5.0s -> 8.0s (+3.0s)
[skill_lurewarden_q] [P0-2] 线段持续加成: 5.0s -> 8.0s (+3.0s)
[skill_lurewarden_q] open-path effects spawned
[skill_lurewarden_q] [P0-2] 线段持续加成: 5.0s -> 8.0s (+3.0s)
[PlayerBase] E pressed -> execute_skill('e')
[HealthComponent] 血量归零，触发死亡信号
[HealthComponent] 已经死亡，忽略伤害
[HealthComponent] 血量归零，触发死亡信号
[ExplosionArea] 检测到 1 个重叠区域
[ExplosionArea] 区域 1: HurtboxComponent -> 父节点: CLIEnemy_(180_0, 0_0) (类型: Area2D)
[ExplosionArea]   ⚠️ 使用备用伤害方案
[ExplosionArea]   ✅ 造成伤害(备用): 0.0 -> CLIEnemy_(180_0, 0_0)
[ExplosionArea] 共击中 1 个敌人
[RangeBehavior] ========== 开始远程攻击 ==========
[RangeBehavior] 武器名称: 手枪1级
[RangeBehavior] 武器位置: (714.8537, 287.8675)
[RangeBehavior] 武器旋转: 172.958380502997度
[RangeBehavior] Muzzle 位置: (664.9097, 285.5015)
[RangeBehavior] 生成子弹:
  - 子弹场景: res://scenes/projectiles/projectile_pistol.tscn
  - 生成位置: (664.9097, 285.5015)
  - 角度偏移: 0.0度
  - 速度: (-1786.423, 220.6625)
  - 伤害: 11.0
[Projectile] 子弹初始化:
  - 位置: (664.9097, 285.5015)
  - 速度: (-1786.423, 220.6625)
  - 伤害: 11.0
  - 暴击: false
  - 击退: 1.0
  - 发射者: PlayerGeneric
  - Hitbox 碰撞层: 4
  - Hitbox 碰撞掩码: 8
[RangeBehavior] 发射 single x1
[PlayerBase] F pressed, ultimate_skill = UltimateSkill:<Node#1257586561218>
[PlayerBase] try activate ultimate, energy: 100.0%
[Projectile] ========== 子弹命中！==========
[Projectile] 子弹位置: (616.9691, 291.4231)
[Projectile] 目标: CLIEnemy_(180_0, 0_0)
[Projectile] 目标位置: (652.5208, 297.6933)
[Projectile] 子弹销毁
[Projectile] ✓ 生成爆炸: 伤害=1.0, 半径=280.0
[Projectile] 爆炸伤害: 11.0 (基础:11.0 × 倍率:1.0)
[ExplosionArea] 检测到 2 个重叠区域
[ExplosionArea] 区域 1: HurtboxComponent -> 父节点: CLIEnemy_(180_0, 0_0) (类型: Area2D)
[ExplosionArea]   ⚠️ 使用备用伤害方案
[ExplosionArea]   ✅ 造成伤害(备用): 11.0 -> CLIEnemy_(180_0, 0_0)
[ExplosionArea] 区域 2: HurtboxComponent -> 父节点: CLIEnemy_(90_0, -120_0) (类型: Area2D)
[ExplosionArea]   ⚠️ 使用备用伤害方案
[ExplosionArea]   ✅ 造成伤害(备用): 11.0 -> CLIEnemy_(90_0, -120_0)
[ExplosionArea] 共击中 2 个敌人
[DebugSwitcher] record saved: d:/Godot/Production/PolyLash_Project/.godot_cli/Roaming/Godot/app_userdata/PolyLash/qa_reports/input_recordings/player_ops_20260315_120553_947_lurewarden.json
[DebugSwitcher] test mode disabled
[BackgroundManager] 地图纹理大小: (994.000000, 460.000000)
[BackgroundManager] 初始化完成 - 瓦片大小: 2000, 已生成: 25 个瓦片
[ChestManager] 初始化完成 - 生成 2 个宝箱（分散布局）
[ChestManager] 初始化完成 - 预生成 2 个宝箱位置
[ChestIndicator] indicator_show_range = 3000 (from map_config.csv)
[ExitConfirmDialog] _ready() called
[Arena] _ready() 开始
[Arena] 已添加到 arena 组
[Arena] 已启用波末战利品模式，禁用旧宝箱流程
[Arena] 暂停菜单已初始化
[Arena] 商店面板已连接
[Arena] WaveRewardSystem 已创建
[Arena] WaveRewardPanel 已添加到 GameUI
[Arena] WildcardPanel 已添加到 GameUI
[Arena] BattleFlowController 已初始化
[Arena] Spawner 波次完成信号已连接
[Arena] 准备初始化玩家...
[Arena] _init_player_from_selection 开始
[Arena] selected_player_ids: ["lurewarden"]
[Arena] selected_player_weapons: { "lurewarden": "pistol" }
WARNING: [ConfigManager] game_config 缺少键 'enable_wave_recruit_mode'，使用默认值: 1
   at: push_warning (core/variant/variant_utility.cpp:1034)
   GDScript backtrace (most recent call first):
       [0] get_game_setting (res://autoloads/config_manager.gd:590)
       [1] is_wave_recruit_mode_enabled (res://autoloads/global.gd:298)
       [2] enter_wave_recruit_mode (res://autoloads/global.gd:303)
       [3] _init_player_from_selection (res://scenes/arena/arena_core.gd:467)
       [4] _ready (res://scenes/arena/arena_core.gd:117)
[Arena] 场景中没有默认玩家，直接生成选择的角色
[Arena] _spawn_player 开始: player_id=lurewarden, pos=(500.0, 300.0)
[Arena] Global.selected_player_weapons = { "lurewarden": "pistol" }
[Arena] visual_config: { "player_id": "lurewarden", "sprite_path": "res://assets/sprites/Players/Player_7.png", "scene_path": "res://scenes/unit/players/player_generic.tscn", "scale_x": 1.0, "scale_y": 1.0, "color_r": 1.0, "color_g": 1.0, "color_b": 1.0, "color_a": 1.0, "z_index": 1.0 }
[Arena] 创建角色: lurewarden
[PlayerFactory] 设置 player_id: lurewarden
[PlayerFactory] 已加载脚本: res://scenes/unit/players/player_lurewarden.gd (player_id=lurewarden)
[PlayerFactory] 成功创建角色: lurewarden
[Arena] 警告: player_id 不匹配，重新设置:  -> lurewarden
[PlayerBase] player lurewarden has no equipped item
[ItemWeapon] 尝试加载武器场景: res://scenes/weapons/range/weapon_range_physical.tscn
[ItemWeapon] 成功加载武器场景: res://scenes/weapons/range/weapon_range_physical.tscn
[Player] weapon added: 手枪1级 (pistol_1)
[Weapon] _ready() - Sprite2D 初始化:
  - 可见性: true
  - z_index: 2
  - 缩放: (1.0, 1.0)
  - 位置: (27.0, 0.0)
  - Sprite2D 全局位置: (527.0, 300.0)
  - Weapon 全局位置: (500.0, 300.0)
[Player] weapon node added to scene
[Player] weapon position: (0.0, 0.0)
[Player] weapon global position: (500.0, 300.0)
[Player] weapon visible: true
[Player] weapon z_index: 0
[Weapon] 加载贴图: res://assets/sprites/Weapons/Range/WeaponPistol.png
[Weapon] Sprite2D 可见性: true
[Weapon] Sprite2D 位置: (27.0, 0.0)
[Weapon] Sprite2D 缩放: (1.0, 1.0)
[Weapon] 贴图大小: (200.0, 100.0)
[Weapon] 动态创建枪口节点，偏移: (20.0, -2.0)
[Weapon] 武器设置完成: 手枪1级 (pistol_1)
  - 类型: RANGE
  - 等级: 1
  - 形状类型: straight
  - 子弹模式: single
  - 碰撞体位置/缩放: (0.0, 0.0) / (1.0, 1.0)
  - 基础场景: res://scenes/weapons/range/weapon_range_physical.tscn
[Player] weapon position after layout: (0.0, -15.0)
[Player] weapon global position after layout: (500.0, 285.0)
[PlayerBase] player lurewarden loaded 1 weapons
[PlayerBase] death signal connected
[PlayerBase] start loading ultimate, player_id = lurewarden
[PlayerBase] ultimate config loaded: { "ult_id": "lurewarden_ult", "name": "诱猎号令", "duration": 10.0, "energy_cost": 40.0, "bonus_bond_tag": "commander", "visual_color_hex": "#66FF33", "scale_multiplier": 1.2, "explosion_radius": 280.0, "explosion_damage_scale": 1.0, "description": "诱猎师开启诱猎号令并强化诱饵围捕", "f_role_id": "lurewarden", "f_internal_cd": 0.95, "f_q_line_amp": 1.48, "f_q_closure_amp": 1.96, "f_special_value_1": 1.18, "f_special_value_2": 250.0, "f_special_value_3": 0.3, "f_bond_o_payload": "tag:alchemist|lv2:0.12|lv3:0.24|axis:line", "f_bond_m_payload": "tag:architect|lv2:0.16|lv3:0.32|axis:closure", "f_bond_t_payload": "tag:commander|lv2:0.10|lv3:0.20|axis:tempo" }
[PlayerBase] ultimate script loaded: (res://scenes/skills/players/f_roles/skill_lurewarden_f.gd):<GDScript#-9223371775381861870>
[PlayerBase] ultimate node created
[PlayerBase] ultimate load complete: 诱猎号令
[SkillDrawingBase] _ready(): skill_lurewarden_q, skill_owner=PlayerGeneric:<Area2D#1301693860596>
[SkillDrawingBase] Line2D 创建成功: skill_lurewarden_q
[Arena] 生成角色成功: lurewarden 在位置 (500.0, 300.0)
[Arena] 玩家初始化完成
[CharacterSlot] 加载角色图标: lurewarden -> res://assets/sprites/Players/Player_7.png
[SquadHUD] 初始化 1 个角色卡槽
[Arena] 小队 HUD 初始化完成
[Arena] ===== _init_bond_hud() 开始 =====
[Arena] ✅ 找到 GameUI 节点: /root/Arena/GameUI
[Arena] ✅ BondHUD 场景加载成功
[Arena] ✅ BondHUD 实例化成功
[Arena] ✅ BondHUD 已添加到 GameUI
[Arena] BondHUD 路径: /root/Arena/GameUI/BondHUD
[Arena] BondHUD 可见性: true
[Arena] _ready() 完成，飘字保护已解除
[PlayerBase] SkillManager already exists (created by child: @Node@2606), loaded=3, skip auto create
[Arena] ===== 角色切换开始 =====
[Arena] 收到角色切换请求: lurewarden
[Arena] 跳过自动保存（QEF测试模式）: character_switch
[Arena] 当前玩家: lurewarden
[Arena] 当前玩家位置: (500.0, 300.0)
[Arena] 不清理旧玩家的技能效果（默认行为）
[Arena] 调用 player.queue_free()
[Arena] 等待一帧...
[DebugSwitcher] test mode enabled: wave_time=999, key8 toggles recording
[Arena] 玩家死亡信号已连接
[Arena] 触发 BondManager 重新计算羁绊...
[Arena] 当前队伍: ["sapper", "spiritcaller", "lurewarden"]
[Arena] ✅ 羁绊计算完成
[PlayerBase] Bond stat modifiers applied:
  HP: 108 -> 141
  Speed: 640
  EnergyRegen: 0.7
  PickupRange: 225
  Damage: 10
[Arena] ✅ 羁绊属性已应用到玩家
[Arena] ===== _init_bond_hud() 完成 =====
[Arena] 玩家死亡信号已连接
[Arena] 等待完成，开始生成新角色
[Arena] _spawn_player 开始: player_id=lurewarden, pos=(500.0, 300.0)
[Arena] Global.selected_player_weapons = { "sapper": "pistol", "spiritcaller": "punch", "lurewarden": "pistol" }
[Arena] visual_config: { "player_id": "lurewarden", "sprite_path": "res://assets/sprites/Players/Player_7.png", "scene_path": "res://scenes/unit/players/player_generic.tscn", "scale_x": 1.0, "scale_y": 1.0, "color_r": 1.0, "color_g": 1.0, "color_b": 1.0, "color_a": 1.0, "z_index": 1.0 }
[Arena] 创建角色: lurewarden
[PlayerFactory] 设置 player_id: lurewarden
[PlayerFactory] 已加载脚本: res://scenes/unit/players/player_lurewarden.gd (player_id=lurewarden)
[PlayerFactory] 成功创建角色: lurewarden
[Arena] 警告: player_id 不匹配，重新设置:  -> lurewarden
[PlayerBase] player lurewarden has no equipped item
[ItemWeapon] 尝试加载武器场景: res://scenes/weapons/range/weapon_range_physical.tscn
[ItemWeapon] 成功加载武器场景: res://scenes/weapons/range/weapon_range_physical.tscn
[Player] weapon added: 手枪1级 (pistol_1)
[Weapon] _ready() - Sprite2D 初始化:
  - 可见性: true
  - z_index: 2
  - 缩放: (1.0, 1.0)
  - 位置: (27.0, 0.0)
  - Sprite2D 全局位置: (527.0, 300.0)
  - Weapon 全局位置: (500.0, 300.0)
[Player] weapon node added to scene
[Player] weapon position: (0.0, 0.0)
[Player] weapon global position: (500.0, 300.0)
[Player] weapon visible: true
[Player] weapon z_index: 0
[Weapon] 加载贴图: res://assets/sprites/Weapons/Range/WeaponPistol.png
[Weapon] Sprite2D 可见性: true
[Weapon] Sprite2D 位置: (27.0, 0.0)
[Weapon] Sprite2D 缩放: (1.0, 1.0)
[Weapon] 贴图大小: (200.0, 100.0)
[Weapon] 动态创建枪口节点，偏移: (20.0, -2.0)
[Weapon] 武器设置完成: 手枪1级 (pistol_1)
  - 类型: RANGE
  - 等级: 1
  - 形状类型: straight
  - 子弹模式: single
  - 碰撞体位置/缩放: (0.0, 0.0) / (1.0, 1.0)
  - 基础场景: res://scenes/weapons/range/weapon_range_physical.tscn
[Player] weapon position after layout: (0.0, -15.0)
[Player] weapon global position after layout: (500.0, 285.0)
[PlayerBase] player lurewarden loaded 1 weapons
[PlayerBase] death signal connected
[PlayerBase] start loading ultimate, player_id = lurewarden
[PlayerBase] ultimate config loaded: { "ult_id": "lurewarden_ult", "name": "诱猎号令", "duration": 10.0, "energy_cost": 40.0, "bonus_bond_tag": "commander", "visual_color_hex": "#66FF33", "scale_multiplier": 1.2, "explosion_radius": 280.0, "explosion_damage_scale": 1.0, "description": "诱猎师开启诱猎号令并强化诱饵围捕", "f_role_id": "lurewarden", "f_internal_cd": 0.95, "f_q_line_amp": 1.48, "f_q_closure_amp": 1.96, "f_special_value_1": 1.18, "f_special_value_2": 250.0, "f_special_value_3": 0.3, "f_bond_o_payload": "tag:alchemist|lv2:0.12|lv3:0.24|axis:line", "f_bond_m_payload": "tag:architect|lv2:0.16|lv3:0.32|axis:closure", "f_bond_t_payload": "tag:commander|lv2:0.10|lv3:0.20|axis:tempo" }
[PlayerBase] ultimate script loaded: (res://scenes/skills/players/f_roles/skill_lurewarden_f.gd):<GDScript#-9223371775381861870>
[PlayerBase] ultimate node created
[PlayerBase] ultimate load complete: 诱猎号令
[SkillDrawingBase] _ready(): skill_lurewarden_q, skill_owner=PlayerGeneric:<Area2D#1308505410292>
[SkillDrawingBase] Line2D 创建成功: skill_lurewarden_q
[Arena] 生成角色成功: lurewarden 在位置 (500.0, 300.0)
[PlayerBase] Bond stat modifiers applied:
  HP: 108 -> 141
  Speed: 640
  EnergyRegen: 0.7
  PickupRange: 225
  Damage: 10
[Arena] ✅ 角色切换后羁绊属性已重新应用
[Arena] ===== 角色切换结束 =====
[PlayerBase] SkillManager already exists (created by child: @Node@2615), loaded=3, skip auto create
[Arena] 玩家死亡信号已连接
[DebugSwitcher] replay started: d:/Godot/Production/PolyLash_Project/.godot_cli/Roaming/Godot/app_userdata/PolyLash/qa_reports/input_recordings/player_ops_20260315_120553_947_lurewarden.json
[Arena] ===== 角色切换开始 =====
[Arena] 收到角色切换请求: lurewarden
[Arena] 跳过自动保存（QEF测试模式）: character_switch
[Arena] 当前玩家: lurewarden
[Arena] 当前玩家位置: (500.0, 300.0)
[Arena] 不清理旧玩家的技能效果（默认行为）
[Arena] 调用 player.queue_free()
[Arena] 等待一帧...
[Arena] 等待完成，开始生成新角色
[Arena] _spawn_player 开始: player_id=lurewarden, pos=(500.0, 300.0)
[Arena] Global.selected_player_weapons = { "lurewarden": "pistol", "sapper": "pistol", "spiritcaller": "punch" }
[Arena] visual_config: { "player_id": "lurewarden", "sprite_path": "res://assets/sprites/Players/Player_7.png", "scene_path": "res://scenes/unit/players/player_generic.tscn", "scale_x": 1.0, "scale_y": 1.0, "color_r": 1.0, "color_g": 1.0, "color_b": 1.0, "color_a": 1.0, "z_index": 1.0 }
[Arena] 创建角色: lurewarden
[PlayerFactory] 设置 player_id: lurewarden
[PlayerFactory] 已加载脚本: res://scenes/unit/players/player_lurewarden.gd (player_id=lurewarden)
[PlayerFactory] 成功创建角色: lurewarden
[Arena] 警告: player_id 不匹配，重新设置:  -> lurewarden
[PlayerBase] player lurewarden has no equipped item
[ItemWeapon] 尝试加载武器场景: res://scenes/weapons/range/weapon_range_physical.tscn
[ItemWeapon] 成功加载武器场景: res://scenes/weapons/range/weapon_range_physical.tscn
[Player] weapon added: 手枪1级 (pistol_1)
[Weapon] _ready() - Sprite2D 初始化:
  - 可见性: true
  - z_index: 2
  - 缩放: (1.0, 1.0)
  - 位置: (27.0, 0.0)
  - Sprite2D 全局位置: (527.0, 300.0)
  - Weapon 全局位置: (500.0, 300.0)
[Player] weapon node added to scene
[Player] weapon position: (0.0, 0.0)
[Player] weapon global position: (500.0, 300.0)
[Player] weapon visible: true
[Player] weapon z_index: 0
[Weapon] 加载贴图: res://assets/sprites/Weapons/Range/WeaponPistol.png
[Weapon] Sprite2D 可见性: true
[Weapon] Sprite2D 位置: (27.0, 0.0)
[Weapon] Sprite2D 缩放: (1.0, 1.0)
[Weapon] 贴图大小: (200.0, 100.0)
[Weapon] 动态创建枪口节点，偏移: (20.0, -2.0)
[Weapon] 武器设置完成: 手枪1级 (pistol_1)
  - 类型: RANGE
  - 等级: 1
  - 形状类型: straight
  - 子弹模式: single
  - 碰撞体位置/缩放: (0.0, 0.0) / (1.0, 1.0)
  - 基础场景: res://scenes/weapons/range/weapon_range_physical.tscn
[Player] weapon position after layout: (0.0, -15.0)
[Player] weapon global position after layout: (500.0, 285.0)
[PlayerBase] player lurewarden loaded 1 weapons
[PlayerBase] death signal connected
[PlayerBase] start loading ultimate, player_id = lurewarden
[PlayerBase] ultimate config loaded: { "ult_id": "lurewarden_ult", "name": "诱猎号令", "duration": 10.0, "energy_cost": 40.0, "bonus_bond_tag": "commander", "visual_color_hex": "#66FF33", "scale_multiplier": 1.2, "explosion_radius": 280.0, "explosion_damage_scale": 1.0, "description": "诱猎师开启诱猎号令并强化诱饵围捕", "f_role_id": "lurewarden", "f_internal_cd": 0.95, "f_q_line_amp": 1.48, "f_q_closure_amp": 1.96, "f_special_value_1": 1.18, "f_special_value_2": 250.0, "f_special_value_3": 0.3, "f_bond_o_payload": "tag:alchemist|lv2:0.12|lv3:0.24|axis:line", "f_bond_m_payload": "tag:architect|lv2:0.16|lv3:0.32|axis:closure", "f_bond_t_payload": "tag:commander|lv2:0.10|lv3:0.20|axis:tempo" }
[PlayerBase] ultimate script loaded: (res://scenes/skills/players/f_roles/skill_lurewarden_f.gd):<GDScript#-9223371775381861870>
[PlayerBase] ultimate node created
[PlayerBase] ultimate load complete: 诱猎号令
[SkillDrawingBase] _ready(): skill_lurewarden_q, skill_owner=PlayerGeneric:<Area2D#1315283405559>
[SkillDrawingBase] Line2D 创建成功: skill_lurewarden_q
[Arena] 生成角色成功: lurewarden 在位置 (500.0, 300.0)
[PlayerBase] Bond stat modifiers applied:
  HP: 108 -> 141
  Speed: 790
  EnergyRegen: 0.7
  PickupRange: 225
  Damage: 10
[Arena] ✅ 角色切换后羁绊属性已重新应用
[Arena] ===== 角色切换结束 =====
[PlayerBase] SkillManager already exists (created by child: @Node@2625), loaded=3, skip auto create
[Arena] 玩家死亡信号已连接
[RangeBehavior] ========== 开始远程攻击 ==========
[RangeBehavior] 武器名称: 手枪1级
[RangeBehavior] 武器位置: (500.0, 285.0)
[RangeBehavior] 武器旋转: -47.8595965520483度
[RangeBehavior] Muzzle 位置: (533.5475, 247.9249)
[RangeBehavior] 生成子弹:
  - 子弹场景: res://scenes/projectiles/projectile_pistol.tscn
  - 生成位置: (533.5475, 247.9249)
  - 角度偏移: 0.0度
  - 速度: (1207.709, -1334.705)
  - 伤害: 11.0
[Projectile] 子弹初始化:
  - 位置: (533.5475, 247.9249)
  - 速度: (1207.709, -1334.705)
  - 伤害: 11.0
  - 暴击: false
  - 击退: 1.0
  - 发射者: PlayerGeneric
  - Hitbox 碰撞层: 4
  - Hitbox 碰撞掩码: 8
[RangeBehavior] 发射 single x1
[skill_lurewarden_q] ===== 鏉╂稑鍙嗙憴鍕灊濡€崇础 ===== 鐠ч鍋? (500.0002, 299.364), line_2d閺堝鏅? true
[Projectile] ========== 子弹命中！==========
[Projectile] 子弹位置: (578.7751, 197.9381)
[Projectile] 目标: CLIEnemy_(90_0, -120_0)
[Projectile] 目标位置: (580.4918, 190.3289)
[Projectile] 子弹销毁
[HealthComponent] 血量归零，触发死亡信号
[RangeBehavior] 攻击结束
[PlayerBase] Q released -> release_skill('q')
[skill_lurewarden_q] ===== 退出规划模式 ===== 点数: 98, 闭合: true
[skill_lurewarden_q] 最终闭合判定: false
[skill_lurewarden_q] 閻㈢喐鍨氬鈧弨鎹愮熅瀵板嫭鏅ラ弸婊愮礉閸樼喎顫愰悙瑙勬殶: 98, 閸氬牆鑻熺痪鎸庮唽閺? 10
[skill_lurewarden_q] [P0-2] 线段持续加成: 5.0s -> 8.0s (+3.0s)
[skill_lurewarden_q] [P0-2] 线段持续加成: 5.0s -> 8.0s (+3.0s)
[skill_lurewarden_q] [P0-2] 线段持续加成: 5.0s -> 8.0s (+3.0s)
[skill_lurewarden_q] [P0-2] 线段持续加成: 5.0s -> 8.0s (+3.0s)
[skill_lurewarden_q] [P0-2] 线段持续加成: 5.0s -> 8.0s (+3.0s)
[skill_lurewarden_q] [P0-2] 线段持续加成: 5.0s -> 8.0s (+3.0s)
[skill_lurewarden_q] [P0-2] 线段持续加成: 5.0s -> 8.0s (+3.0s)
[skill_lurewarden_q] [P0-2] 线段持续加成: 5.0s -> 8.0s (+3.0s)
[skill_lurewarden_q] [P0-2] 线段持续加成: 5.0s -> 8.0s (+3.0s)
[skill_lurewarden_q] [P0-2] 线段持续加成: 5.0s -> 8.0s (+3.0s)
[skill_lurewarden_q] [P0-2] 线段持续加成: 5.0s -> 8.0s (+3.0s)
[skill_lurewarden_q] open-path effects spawned
[skill_lurewarden_q] [P0-2] 线段持续加成: 5.0s -> 8.0s (+3.0s)
[PlayerBase] E pressed -> execute_skill('e')
[HealthComponent] 血量归零，触发死亡信号
[HealthComponent] 已经死亡，忽略伤害
[HealthComponent] 血量归零，触发死亡信号
[ExplosionArea] 检测到 2 个重叠区域
[ExplosionArea] 区域 1: HurtboxComponent -> 父节点: CLIEnemy_(180_0, 0_0) (类型: Area2D)
[ExplosionArea]   ⚠️ 使用备用伤害方案
[ExplosionArea]   ✅ 造成伤害(备用): 0.0 -> CLIEnemy_(180_0, 0_0)
[ExplosionArea] 区域 2: HurtboxComponent -> 父节点: CLIEnemy_(120_0, 90_0) (类型: Area2D)
[ExplosionArea]   ⚠️ 使用备用伤害方案
[ExplosionArea]   ✅ 造成伤害(备用): 0.0 -> CLIEnemy_(120_0, 90_0)
[ExplosionArea] 共击中 2 个敌人
[RangeBehavior] ========== 开始远程攻击 ==========
[RangeBehavior] 武器名称: 手枪1级
[RangeBehavior] 武器位置: (715.3848, 288.4288)
[RangeBehavior] 武器旋转: 172.369809441838度
[RangeBehavior] Muzzle 位置: (665.4192, 286.576)
[RangeBehavior] 生成子弹:
  - 子弹场景: res://scenes/projectiles/projectile_pistol.tscn
  - 生成位置: (665.4192, 286.576)
  - 角度偏移: 0.0度
  - 速度: (-1784.062, 239.0016)
  - 伤害: 11.0
[Projectile] 子弹初始化:
  - 位置: (665.4192, 286.576)
  - 速度: (-1784.062, 239.0016)
  - 伤害: 11.0
  - 暴击: false
  - 击退: 1.0
  - 发射者: PlayerGeneric
  - Hitbox 碰撞层: 4
  - Hitbox 碰撞掩码: 8
[RangeBehavior] 发射 single x1
[PlayerBase] F pressed, ultimate_skill = UltimateSkill:<Node#1317078571072>
[PlayerBase] try activate ultimate, energy: 100.0%
[Projectile] ========== 子弹命中！==========
[Projectile] 子弹位置: (629.2867, 291.4164)
[Projectile] 目标: CLIEnemy_(180_0, 0_0)
[Projectile] 目标位置: (652.9324, 299.9558)
[Projectile] 子弹销毁
[Projectile] ✓ 生成爆炸: 伤害=1.0, 半径=280.0
[Projectile] 爆炸伤害: 11.0 (基础:11.0 × 倍率:1.0)
[ExplosionArea] 检测到 2 个重叠区域
[ExplosionArea] 区域 1: HurtboxComponent -> 父节点: CLIEnemy_(180_0, 0_0) (类型: Area2D)
[ExplosionArea]   ⚠️ 使用备用伤害方案
[ExplosionArea]   ✅ 造成伤害(备用): 11.0 -> CLIEnemy_(180_0, 0_0)
[ExplosionArea] 区域 2: HurtboxComponent -> 父节点: CLIEnemy_(90_0, -120_0) (类型: Area2D)
[ExplosionArea]   ⚠️ 使用备用伤害方案
[ExplosionArea]   ✅ 造成伤害(备用): 11.0 -> CLIEnemy_(90_0, -120_0)
[ExplosionArea] 共击中 2 个敌人
[DebugSwitcher] replay finished
[DebugSwitcher] test mode disabled
[BackgroundManager] 地图纹理大小: (994.000000, 460.000000)
[BackgroundManager] 初始化完成 - 瓦片大小: 2000, 已生成: 25 个瓦片
[ChestManager] 初始化完成 - 生成 2 个宝箱（分散布局）
[ChestManager] 初始化完成 - 预生成 2 个宝箱位置
[ChestIndicator] indicator_show_range = 3000 (from map_config.csv)
[ExitConfirmDialog] _ready() called
[Arena] _ready() 开始
[Arena] 已添加到 arena 组
[Arena] 已启用波末战利品模式，禁用旧宝箱流程
[Arena] 暂停菜单已初始化
[Arena] 商店面板已连接
[Arena] WaveRewardSystem 已创建
[Arena] WaveRewardPanel 已添加到 GameUI
[Arena] WildcardPanel 已添加到 GameUI
[Arena] BattleFlowController 已初始化
[Arena] Spawner 波次完成信号已连接
[Arena] 准备初始化玩家...
[Arena] _init_player_from_selection 开始
[Arena] selected_player_ids: ["quartermaster"]
[Arena] selected_player_weapons: { "quartermaster": "punch" }
WARNING: [ConfigManager] game_config 缺少键 'enable_wave_recruit_mode'，使用默认值: 1
   at: push_warning (core/variant/variant_utility.cpp:1034)
   GDScript backtrace (most recent call first):
       [0] get_game_setting (res://autoloads/config_manager.gd:590)
       [1] is_wave_recruit_mode_enabled (res://autoloads/global.gd:298)
       [2] enter_wave_recruit_mode (res://autoloads/global.gd:303)
       [3] _init_player_from_selection (res://scenes/arena/arena_core.gd:467)
       [4] _ready (res://scenes/arena/arena_core.gd:117)
[Arena] 场景中没有默认玩家，直接生成选择的角色
[Arena] _spawn_player 开始: player_id=quartermaster, pos=(500.0, 300.0)
[Arena] Global.selected_player_weapons = { "quartermaster": "punch" }
[Arena] visual_config: { "player_id": "quartermaster", "sprite_path": "res://assets/sprites/Players/Player_15.png", "scene_path": "res://scenes/unit/players/player_generic.tscn", "scale_x": 1.0, "scale_y": 1.0, "color_r": 1.0, "color_g": 1.0, "color_b": 1.0, "color_a": 1.0, "z_index": 1.0 }
[Arena] 创建角色: quartermaster
[PlayerFactory] 设置 player_id: quartermaster
[PlayerFactory] 已加载脚本: res://scenes/unit/players/player_quartermaster.gd (player_id=quartermaster)
[PlayerFactory] 成功创建角色: quartermaster
[Arena] 警告: player_id 不匹配，重新设置:  -> quartermaster
[PlayerBase] player quartermaster has no equipped item
[ItemWeapon] 尝试加载武器场景: res://scenes/weapons/melee/weapon_melee_point.tscn
[ItemWeapon] 成功加载武器场景: res://scenes/weapons/melee/weapon_melee_point.tscn
[Player] weapon added: 拳头1级 (punch_1)
[Weapon] _ready() - Sprite2D 初始化:
  - 可见性: true
  - z_index: 2
  - 缩放: (1.0, 1.0)
  - 位置: (27.0, 0.0)
  - Sprite2D 全局位置: (527.0, 300.0)
  - Weapon 全局位置: (500.0, 300.0)
[Player] weapon node added to scene
[Player] weapon position: (0.0, 0.0)
[Player] weapon global position: (500.0, 300.0)
[Player] weapon visible: true
[Player] weapon z_index: 0
[Weapon] 加载贴图: res://assets/sprites/Weapons/Melee/Weapon_Punch.png
[Weapon] Sprite2D 可见性: true
[Weapon] Sprite2D 位置: (27.0, 0.0)
[Weapon] Sprite2D 缩放: (1.0, 1.0)
[Weapon] 贴图大小: (200.0, 100.0)
[Weapon] 武器设置完成: 拳头1级 (punch_1)
  - 类型: MELEE
  - 等级: 1
  - 形状类型: point
  - 子弹模式: 未指定
  - 碰撞体: 由 MeleeBehavior 动态创建
  - 基础场景: res://scenes/weapons/melee/weapon_melee_point.tscn
[Player] weapon position after layout: (0.0, -15.0)
[Player] weapon global position after layout: (500.0, 285.0)
[PlayerBase] player quartermaster loaded 1 weapons
[PlayerBase] death signal connected
[PlayerBase] start loading ultimate, player_id = quartermaster
[PlayerBase] ultimate config loaded: { "ult_id": "quartermaster_ult", "name": "火力链路", "duration": 10.0, "energy_cost": 40.0, "bonus_bond_tag": "assist", "visual_color_hex": "#999933", "scale_multiplier": 1.2, "explosion_radius": 240.0, "explosion_damage_scale": 1.1, "description": "军需官进入火力链路并增强压制节奏", "f_role_id": "quartermaster", "f_internal_cd": 0.95, "f_q_line_amp": 1.52, "f_q_closure_amp": 1.98, "f_special_value_1": 1.18, "f_special_value_2": 240.0, "f_special_value_3": 0.31, "f_bond_o_payload": "tag:alchemist|lv2:0.12|lv3:0.24|axis:line", "f_bond_m_payload": "tag:blaster|lv2:0.16|lv3:0.32|axis:closure", "f_bond_t_payload": "tag:assist|lv2:0.10|lv3:0.20|axis:tempo" }
[PlayerBase] ultimate script loaded: (res://scenes/skills/players/f_roles/skill_quartermaster_f.gd):<GDScript#-9223371555348673956>
[PlayerBase] ultimate node created
[PlayerBase] ultimate load complete: 火力链路
[SkillDrawingBase] _ready(): skill_quartermaster_q, skill_owner=PlayerGeneric:<Area2D#1810647485919>
[SkillDrawingBase] Line2D 创建成功: skill_quartermaster_q
[Arena] 生成角色成功: quartermaster 在位置 (500.0, 300.0)
[Arena] 玩家初始化完成
[CharacterSlot] 加载角色图标: quartermaster -> res://assets/sprites/Players/Player_15.png
[SquadHUD] 初始化 1 个角色卡槽
[Arena] 小队 HUD 初始化完成
[Arena] ===== _init_bond_hud() 开始 =====
[Arena] ✅ 找到 GameUI 节点: /root/Arena/GameUI
[Arena] ✅ BondHUD 场景加载成功
[Arena] ✅ BondHUD 实例化成功
[Arena] ✅ BondHUD 已添加到 GameUI
[Arena] BondHUD 路径: /root/Arena/GameUI/BondHUD
[Arena] BondHUD 可见性: true
[Arena] _ready() 完成，飘字保护已解除
[PlayerBase] SkillManager already exists (created by child: @Node@2774), loaded=3, skip auto create
[Arena] ===== 角色切换开始 =====
[Arena] 收到角色切换请求: quartermaster
[Arena] 跳过自动保存（QEF测试模式）: character_switch
[Arena] 当前玩家: quartermaster
[Arena] 当前玩家位置: (500.0, 300.0)
[Arena] 不清理旧玩家的技能效果（默认行为）
[Arena] 调用 player.queue_free()
[Arena] 等待一帧...
[DebugSwitcher] test mode enabled: wave_time=999, key8 toggles recording
[Arena] 玩家死亡信号已连接
[Arena] 触发 BondManager 重新计算羁绊...
[Arena] 当前队伍: ["quartermaster", "paladin", "bloodsworn"]
[Arena] ✅ 羁绊计算完成
[PlayerBase] Bond stat modifiers applied:
  HP: 108 -> 108
  Speed: 500
  EnergyRegen: 0.7
  PickupRange: 150
  Damage: 10
[Arena] ✅ 羁绊属性已应用到玩家
[Arena] ===== _init_bond_hud() 完成 =====
[Arena] 玩家死亡信号已连接
[Arena] 等待完成，开始生成新角色
[Arena] _spawn_player 开始: player_id=quartermaster, pos=(500.0, 300.0)
[Arena] Global.selected_player_weapons = { "quartermaster": "punch", "paladin": "punch", "bloodsworn": "punch" }
[Arena] visual_config: { "player_id": "quartermaster", "sprite_path": "res://assets/sprites/Players/Player_15.png", "scene_path": "res://scenes/unit/players/player_generic.tscn", "scale_x": 1.0, "scale_y": 1.0, "color_r": 1.0, "color_g": 1.0, "color_b": 1.0, "color_a": 1.0, "z_index": 1.0 }
[Arena] 创建角色: quartermaster
[PlayerFactory] 设置 player_id: quartermaster
[PlayerFactory] 已加载脚本: res://scenes/unit/players/player_quartermaster.gd (player_id=quartermaster)
[PlayerFactory] 成功创建角色: quartermaster
[Arena] 警告: player_id 不匹配，重新设置:  -> quartermaster
[PlayerBase] player quartermaster has no equipped item
[ItemWeapon] 尝试加载武器场景: res://scenes/weapons/melee/weapon_melee_point.tscn
[ItemWeapon] 成功加载武器场景: res://scenes/weapons/melee/weapon_melee_point.tscn
[Player] weapon added: 拳头1级 (punch_1)
[Weapon] _ready() - Sprite2D 初始化:
  - 可见性: true
  - z_index: 2
  - 缩放: (1.0, 1.0)
  - 位置: (27.0, 0.0)
  - Sprite2D 全局位置: (527.0, 300.0)
  - Weapon 全局位置: (500.0, 300.0)
[Player] weapon node added to scene
[Player] weapon position: (0.0, 0.0)
[Player] weapon global position: (500.0, 300.0)
[Player] weapon visible: true
[Player] weapon z_index: 0
[Weapon] 加载贴图: res://assets/sprites/Weapons/Melee/Weapon_Punch.png
[Weapon] Sprite2D 可见性: true
[Weapon] Sprite2D 位置: (27.0, 0.0)
[Weapon] Sprite2D 缩放: (1.0, 1.0)
[Weapon] 贴图大小: (200.0, 100.0)
[Weapon] 武器设置完成: 拳头1级 (punch_1)
  - 类型: MELEE
  - 等级: 1
  - 形状类型: point
  - 子弹模式: 未指定
  - 碰撞体: 由 MeleeBehavior 动态创建
  - 基础场景: res://scenes/weapons/melee/weapon_melee_point.tscn
[Player] weapon position after layout: (0.0, -15.0)
[Player] weapon global position after layout: (500.0, 285.0)
[PlayerBase] player quartermaster loaded 1 weapons
[PlayerBase] death signal connected
[PlayerBase] start loading ultimate, player_id = quartermaster
[PlayerBase] ultimate config loaded: { "ult_id": "quartermaster_ult", "name": "火力链路", "duration": 10.0, "energy_cost": 40.0, "bonus_bond_tag": "assist", "visual_color_hex": "#999933", "scale_multiplier": 1.2, "explosion_radius": 240.0, "explosion_damage_scale": 1.1, "description": "军需官进入火力链路并增强压制节奏", "f_role_id": "quartermaster", "f_internal_cd": 0.95, "f_q_line_amp": 1.52, "f_q_closure_amp": 1.98, "f_special_value_1": 1.18, "f_special_value_2": 240.0, "f_special_value_3": 0.31, "f_bond_o_payload": "tag:alchemist|lv2:0.12|lv3:0.24|axis:line", "f_bond_m_payload": "tag:blaster|lv2:0.16|lv3:0.32|axis:closure", "f_bond_t_payload": "tag:assist|lv2:0.10|lv3:0.20|axis:tempo" }
[PlayerBase] ultimate script loaded: (res://scenes/skills/players/f_roles/skill_quartermaster_f.gd):<GDScript#-9223371555348673956>
[PlayerBase] ultimate node created
[PlayerBase] ultimate load complete: 火力链路
[SkillDrawingBase] _ready(): skill_quartermaster_q, skill_owner=PlayerGeneric:<Area2D#1820864809985>
[SkillDrawingBase] Line2D 创建成功: skill_quartermaster_q
[Arena] 生成角色成功: quartermaster 在位置 (500.0, 300.0)
[PlayerBase] Bond stat modifiers applied:
  HP: 108 -> 108
  Speed: 500
  EnergyRegen: 0.7
  PickupRange: 150
  Damage: 10
[Arena] ✅ 角色切换后羁绊属性已重新应用
[Arena] ===== 角色切换结束 =====
[PlayerBase] SkillManager already exists (created by child: @Node@2795), loaded=3, skip auto create
[Arena] 玩家死亡信号已连接
[Arena] ===== 角色切换开始 =====
[Arena] 收到角色切换请求: quartermaster
[Arena] 跳过自动保存（QEF测试模式）: character_switch
[Arena] 当前玩家: quartermaster
[Arena] 当前玩家位置: (500.0, 300.0)
[Arena] 不清理旧玩家的技能效果（默认行为）
[Arena] 调用 player.queue_free()
[Arena] 等待一帧...
[DebugSwitcher] recording started: d:/Godot/Production/PolyLash_Project/.godot_cli/Roaming/Godot/app_userdata/PolyLash/qa_reports/input_recordings/player_ops_20260315_120559_316_quartermaster.json
[Arena] 等待完成，开始生成新角色
[Arena] _spawn_player 开始: player_id=quartermaster, pos=(500.0, 300.0)
[Arena] Global.selected_player_weapons = { "quartermaster": "punch", "paladin": "punch", "bloodsworn": "punch" }
[Arena] visual_config: { "player_id": "quartermaster", "sprite_path": "res://assets/sprites/Players/Player_15.png", "scene_path": "res://scenes/unit/players/player_generic.tscn", "scale_x": 1.0, "scale_y": 1.0, "color_r": 1.0, "color_g": 1.0, "color_b": 1.0, "color_a": 1.0, "z_index": 1.0 }
[Arena] 创建角色: quartermaster
[PlayerFactory] 设置 player_id: quartermaster
[PlayerFactory] 已加载脚本: res://scenes/unit/players/player_quartermaster.gd (player_id=quartermaster)
[PlayerFactory] 成功创建角色: quartermaster
[Arena] 警告: player_id 不匹配，重新设置:  -> quartermaster
[PlayerBase] player quartermaster has no equipped item
[ItemWeapon] 尝试加载武器场景: res://scenes/weapons/melee/weapon_melee_point.tscn
[ItemWeapon] 成功加载武器场景: res://scenes/weapons/melee/weapon_melee_point.tscn
[Player] weapon added: 拳头1级 (punch_1)
[Weapon] _ready() - Sprite2D 初始化:
  - 可见性: true
  - z_index: 2
  - 缩放: (1.0, 1.0)
  - 位置: (27.0, 0.0)
  - Sprite2D 全局位置: (527.0, 300.0)
  - Weapon 全局位置: (500.0, 300.0)
[Player] weapon node added to scene
[Player] weapon position: (0.0, 0.0)
[Player] weapon global position: (500.0, 300.0)
[Player] weapon visible: true
[Player] weapon z_index: 0
[Weapon] 加载贴图: res://assets/sprites/Weapons/Melee/Weapon_Punch.png
[Weapon] Sprite2D 可见性: true
[Weapon] Sprite2D 位置: (27.0, 0.0)
[Weapon] Sprite2D 缩放: (1.0, 1.0)
[Weapon] 贴图大小: (200.0, 100.0)
[Weapon] 武器设置完成: 拳头1级 (punch_1)
  - 类型: MELEE
  - 等级: 1
  - 形状类型: point
  - 子弹模式: 未指定
  - 碰撞体: 由 MeleeBehavior 动态创建
  - 基础场景: res://scenes/weapons/melee/weapon_melee_point.tscn
[Player] weapon position after layout: (0.0, -15.0)
[Player] weapon global position after layout: (500.0, 285.0)
[PlayerBase] player quartermaster loaded 1 weapons
[PlayerBase] death signal connected
[PlayerBase] start loading ultimate, player_id = quartermaster
[PlayerBase] ultimate config loaded: { "ult_id": "quartermaster_ult", "name": "火力链路", "duration": 10.0, "energy_cost": 40.0, "bonus_bond_tag": "assist", "visual_color_hex": "#999933", "scale_multiplier": 1.2, "explosion_radius": 240.0, "explosion_damage_scale": 1.1, "description": "军需官进入火力链路并增强压制节奏", "f_role_id": "quartermaster", "f_internal_cd": 0.95, "f_q_line_amp": 1.52, "f_q_closure_amp": 1.98, "f_special_value_1": 1.18, "f_special_value_2": 240.0, "f_special_value_3": 0.31, "f_bond_o_payload": "tag:alchemist|lv2:0.12|lv3:0.24|axis:line", "f_bond_m_payload": "tag:blaster|lv2:0.16|lv3:0.32|axis:closure", "f_bond_t_payload": "tag:assist|lv2:0.10|lv3:0.20|axis:tempo" }
[PlayerBase] ultimate script loaded: (res://scenes/skills/players/f_roles/skill_quartermaster_f.gd):<GDScript#-9223371555348673956>
[PlayerBase] ultimate node created
[PlayerBase] ultimate load complete: 火力链路
[SkillDrawingBase] _ready(): skill_quartermaster_q, skill_owner=PlayerGeneric:<Area2D#1827223374849>
[SkillDrawingBase] Line2D 创建成功: skill_quartermaster_q
[Arena] 生成角色成功: quartermaster 在位置 (500.0, 300.0)
[PlayerBase] Bond stat modifiers applied:
  HP: 108 -> 108
  Speed: 500
  EnergyRegen: 0.7
  PickupRange: 150
  Damage: 10
[Arena] ✅ 角色切换后羁绊属性已重新应用
[Arena] ===== 角色切换结束 =====
[PlayerBase] SkillManager already exists (created by child: @Node@2805), loaded=3, skip auto create
[Arena] 玩家死亡信号已连接
[skill_quartermaster_q] ===== 鏉╂稑鍙嗙憴鍕灊濡€崇础 ===== 鐠ч鍋? (500.0002, 299.364), line_2d閺堝鏅? true
[PlayerBase] Q released -> release_skill('q')
[skill_quartermaster_q] ===== 退出规划模式 ===== 点数: 65, 闭合: false
[skill_quartermaster_q] 最终闭合判定: false
[skill_quartermaster_q] 閻㈢喐鍨氬鈧弨鎹愮熅瀵板嫭鏅ラ弸婊愮礉閸樼喎顫愰悙瑙勬殶: 65, 閸氬牆鑻熺痪鎸庮唽閺? 6
[skill_quartermaster_q] open-path effects spawned
[ExplosionArea] 检测到 0 个重叠区域
[ExplosionArea] 共击中 0 个敌人
[ExplosionArea] 检测到 0 个重叠区域
[ExplosionArea] 共击中 0 个敌人
[ExplosionArea] 检测到 0 个重叠区域
[ExplosionArea] 共击中 0 个敌人
[ExplosionArea] 检测到 0 个重叠区域
[ExplosionArea] 共击中 0 个敌人
[ExplosionArea] 检测到 0 个重叠区域
[ExplosionArea] 共击中 0 个敌人
[ExplosionArea] 检测到 0 个重叠区域
[ExplosionArea] 共击中 0 个敌人
[ExplosionArea] 检测到 0 个重叠区域
[ExplosionArea] 共击中 0 个敌人
[ExplosionArea] 检测到 0 个重叠区域
[ExplosionArea] 共击中 0 个敌人
[ExplosionArea] 检测到 0 个重叠区域
[ExplosionArea] 共击中 0 个敌人
[ExplosionArea] 检测到 0 个重叠区域
[ExplosionArea] 共击中 0 个敌人
[PlayerBase] E pressed -> execute_skill('e')
[HealthComponent] 血量归零，触发死亡信号
[HealthComponent] 已经死亡，忽略伤害
[ExplosionArea] 检测到 0 个重叠区域
[ExplosionArea] 共击中 0 个敌人
[ExplosionArea] 检测到 0 个重叠区域
[ExplosionArea] 共击中 0 个敌人
[ExplosionArea] 检测到 0 个重叠区域
[ExplosionArea] 共击中 0 个敌人
[ExplosionArea] 检测到 0 个重叠区域
[ExplosionArea] 共击中 0 个敌人
[ExplosionArea] 检测到 0 个重叠区域
[ExplosionArea] 共击中 0 个敌人
[ExplosionArea] 检测到 0 个重叠区域
[ExplosionArea] 共击中 0 个敌人
[PlayerBase] F pressed, ultimate_skill = UltimateSkill:<Node#1828951431594>
[PlayerBase] try activate ultimate, energy: 100.0%
[HealthComponent] 已经死亡，忽略伤害
[HealthComponent] 已经死亡，忽略伤害
[HealthComponent] 已经死亡，忽略伤害
[DebugSwitcher] record saved: d:/Godot/Production/PolyLash_Project/.godot_cli/Roaming/Godot/app_userdata/PolyLash/qa_reports/input_recordings/player_ops_20260315_120559_316_quartermaster.json
[ExplosionArea] 检测到 0 个重叠区域
[ExplosionArea] 共击中 0 个敌人
[ExplosionArea] 检测到 0 个重叠区域
[ExplosionArea] 共击中 0 个敌人
[ExplosionArea] 检测到 0 个重叠区域
[ExplosionArea] 共击中 0 个敌人
[ExplosionArea] 检测到 0 个重叠区域
[ExplosionArea] 共击中 0 个敌人
[ExplosionArea] 检测到 0 个重叠区域
[ExplosionArea] 共击中 0 个敌人
[ExplosionArea] 检测到 0 个重叠区域
[ExplosionArea] 共击中 0 个敌人
[HealthComponent] 已经死亡，忽略伤害
[DebugSwitcher] test mode disabled
[BackgroundManager] 地图纹理大小: (994.000000, 460.000000)
[BackgroundManager] 初始化完成 - 瓦片大小: 2000, 已生成: 25 个瓦片
[ChestManager] 初始化完成 - 生成 2 个宝箱（分散布局）
[ChestManager] 初始化完成 - 预生成 2 个宝箱位置
[ChestIndicator] indicator_show_range = 3000 (from map_config.csv)
[ExitConfirmDialog] _ready() called
[Arena] _ready() 开始
[Arena] 已添加到 arena 组
[Arena] 已启用波末战利品模式，禁用旧宝箱流程
[Arena] 暂停菜单已初始化
[Arena] 商店面板已连接
[Arena] WaveRewardSystem 已创建
[Arena] WaveRewardPanel 已添加到 GameUI
[Arena] WildcardPanel 已添加到 GameUI
[Arena] BattleFlowController 已初始化
[Arena] Spawner 波次完成信号已连接
[Arena] 准备初始化玩家...
[Arena] _init_player_from_selection 开始
[Arena] selected_player_ids: ["quartermaster"]
[Arena] selected_player_weapons: { "quartermaster": "punch" }
WARNING: [ConfigManager] game_config 缺少键 'enable_wave_recruit_mode'，使用默认值: 1
   at: push_warning (core/variant/variant_utility.cpp:1034)
   GDScript backtrace (most recent call first):
       [0] get_game_setting (res://autoloads/config_manager.gd:590)
       [1] is_wave_recruit_mode_enabled (res://autoloads/global.gd:298)
       [2] enter_wave_recruit_mode (res://autoloads/global.gd:303)
       [3] _init_player_from_selection (res://scenes/arena/arena_core.gd:467)
       [4] _ready (res://scenes/arena/arena_core.gd:117)
[Arena] 场景中没有默认玩家，直接生成选择的角色
[Arena] _spawn_player 开始: player_id=quartermaster, pos=(500.0, 300.0)
[Arena] Global.selected_player_weapons = { "quartermaster": "punch" }
[Arena] visual_config: { "player_id": "quartermaster", "sprite_path": "res://assets/sprites/Players/Player_15.png", "scene_path": "res://scenes/unit/players/player_generic.tscn", "scale_x": 1.0, "scale_y": 1.0, "color_r": 1.0, "color_g": 1.0, "color_b": 1.0, "color_a": 1.0, "z_index": 1.0 }
[Arena] 创建角色: quartermaster
[PlayerFactory] 设置 player_id: quartermaster
[PlayerFactory] 已加载脚本: res://scenes/unit/players/player_quartermaster.gd (player_id=quartermaster)
[PlayerFactory] 成功创建角色: quartermaster
[Arena] 警告: player_id 不匹配，重新设置:  -> quartermaster
[PlayerBase] player quartermaster has no equipped item
[ItemWeapon] 尝试加载武器场景: res://scenes/weapons/melee/weapon_melee_point.tscn
[ItemWeapon] 成功加载武器场景: res://scenes/weapons/melee/weapon_melee_point.tscn
[Player] weapon added: 拳头1级 (punch_1)
[Weapon] _ready() - Sprite2D 初始化:
  - 可见性: true
  - z_index: 2
  - 缩放: (1.0, 1.0)
  - 位置: (27.0, 0.0)
  - Sprite2D 全局位置: (527.0, 300.0)
  - Weapon 全局位置: (500.0, 300.0)
[Player] weapon node added to scene
[Player] weapon position: (0.0, 0.0)
[Player] weapon global position: (500.0, 300.0)
[Player] weapon visible: true
[Player] weapon z_index: 0
[Weapon] 加载贴图: res://assets/sprites/Weapons/Melee/Weapon_Punch.png
[Weapon] Sprite2D 可见性: true
[Weapon] Sprite2D 位置: (27.0, 0.0)
[Weapon] Sprite2D 缩放: (1.0, 1.0)
[Weapon] 贴图大小: (200.0, 100.0)
[Weapon] 武器设置完成: 拳头1级 (punch_1)
  - 类型: MELEE
  - 等级: 1
  - 形状类型: point
  - 子弹模式: 未指定
  - 碰撞体: 由 MeleeBehavior 动态创建
  - 基础场景: res://scenes/weapons/melee/weapon_melee_point.tscn
[Player] weapon position after layout: (0.0, -15.0)
[Player] weapon global position after layout: (500.0, 285.0)
[PlayerBase] player quartermaster loaded 1 weapons
[PlayerBase] death signal connected
[PlayerBase] start loading ultimate, player_id = quartermaster
[PlayerBase] ultimate config loaded: { "ult_id": "quartermaster_ult", "name": "火力链路", "duration": 10.0, "energy_cost": 40.0, "bonus_bond_tag": "assist", "visual_color_hex": "#999933", "scale_multiplier": 1.2, "explosion_radius": 240.0, "explosion_damage_scale": 1.1, "description": "军需官进入火力链路并增强压制节奏", "f_role_id": "quartermaster", "f_internal_cd": 0.95, "f_q_line_amp": 1.52, "f_q_closure_amp": 1.98, "f_special_value_1": 1.18, "f_special_value_2": 240.0, "f_special_value_3": 0.31, "f_bond_o_payload": "tag:alchemist|lv2:0.12|lv3:0.24|axis:line", "f_bond_m_payload": "tag:blaster|lv2:0.16|lv3:0.32|axis:closure", "f_bond_t_payload": "tag:assist|lv2:0.10|lv3:0.20|axis:tempo" }
[PlayerBase] ultimate script loaded: (res://scenes/skills/players/f_roles/skill_quartermaster_f.gd):<GDScript#-9223371555348673956>
[PlayerBase] ultimate node created
[PlayerBase] ultimate load complete: 火力链路
[SkillDrawingBase] _ready(): skill_quartermaster_q, skill_owner=PlayerGeneric:<Area2D#1896194508999>
[SkillDrawingBase] Line2D 创建成功: skill_quartermaster_q
[Arena] 生成角色成功: quartermaster 在位置 (500.0, 300.0)
[Arena] 玩家初始化完成
[CharacterSlot] 加载角色图标: quartermaster -> res://assets/sprites/Players/Player_15.png
[SquadHUD] 初始化 1 个角色卡槽
[Arena] 小队 HUD 初始化完成
[Arena] ===== _init_bond_hud() 开始 =====
[Arena] ✅ 找到 GameUI 节点: /root/Arena/GameUI
[Arena] ✅ BondHUD 场景加载成功
[Arena] ✅ BondHUD 实例化成功
[Arena] ✅ BondHUD 已添加到 GameUI
[Arena] BondHUD 路径: /root/Arena/GameUI/BondHUD
[Arena] BondHUD 可见性: true
[Arena] _ready() 完成，飘字保护已解除
[PlayerBase] SkillManager already exists (created by child: @Node@3241), loaded=3, skip auto create
[Arena] ===== 角色切换开始 =====
[Arena] 收到角色切换请求: quartermaster
[Arena] 跳过自动保存（QEF测试模式）: character_switch
[Arena] 当前玩家: quartermaster
[Arena] 当前玩家位置: (500.0, 300.0)
[Arena] 不清理旧玩家的技能效果（默认行为）
[Arena] 调用 player.queue_free()
[Arena] 等待一帧...
[DebugSwitcher] test mode enabled: wave_time=999, key8 toggles recording
[Arena] 玩家死亡信号已连接
[Arena] 触发 BondManager 重新计算羁绊...
[Arena] 当前队伍: ["quartermaster", "paladin", "bloodsworn"]
[Arena] ✅ 羁绊计算完成
[PlayerBase] Bond stat modifiers applied:
  HP: 108 -> 108
  Speed: 500
  EnergyRegen: 0.7
  PickupRange: 150
  Damage: 10
[Arena] ✅ 羁绊属性已应用到玩家
[Arena] ===== _init_bond_hud() 完成 =====
[Arena] 玩家死亡信号已连接
[Arena] 等待完成，开始生成新角色
[Arena] _spawn_player 开始: player_id=quartermaster, pos=(500.0, 300.0)
[Arena] Global.selected_player_weapons = { "quartermaster": "punch", "paladin": "punch", "bloodsworn": "punch" }
[Arena] visual_config: { "player_id": "quartermaster", "sprite_path": "res://assets/sprites/Players/Player_15.png", "scene_path": "res://scenes/unit/players/player_generic.tscn", "scale_x": 1.0, "scale_y": 1.0, "color_r": 1.0, "color_g": 1.0, "color_b": 1.0, "color_a": 1.0, "z_index": 1.0 }
[Arena] 创建角色: quartermaster
[PlayerFactory] 设置 player_id: quartermaster
[PlayerFactory] 已加载脚本: res://scenes/unit/players/player_quartermaster.gd (player_id=quartermaster)
[PlayerFactory] 成功创建角色: quartermaster
[Arena] 警告: player_id 不匹配，重新设置:  -> quartermaster
[PlayerBase] player quartermaster has no equipped item
[ItemWeapon] 尝试加载武器场景: res://scenes/weapons/melee/weapon_melee_point.tscn
[ItemWeapon] 成功加载武器场景: res://scenes/weapons/melee/weapon_melee_point.tscn
[Player] weapon added: 拳头1级 (punch_1)
[Weapon] _ready() - Sprite2D 初始化:
  - 可见性: true
  - z_index: 2
  - 缩放: (1.0, 1.0)
  - 位置: (27.0, 0.0)
  - Sprite2D 全局位置: (527.0, 300.0)
  - Weapon 全局位置: (500.0, 300.0)
[Player] weapon node added to scene
[Player] weapon position: (0.0, 0.0)
[Player] weapon global position: (500.0, 300.0)
[Player] weapon visible: true
[Player] weapon z_index: 0
[Weapon] 加载贴图: res://assets/sprites/Weapons/Melee/Weapon_Punch.png
[Weapon] Sprite2D 可见性: true
[Weapon] Sprite2D 位置: (27.0, 0.0)
[Weapon] Sprite2D 缩放: (1.0, 1.0)
[Weapon] 贴图大小: (200.0, 100.0)
[Weapon] 武器设置完成: 拳头1级 (punch_1)
  - 类型: MELEE
  - 等级: 1
  - 形状类型: point
  - 子弹模式: 未指定
  - 碰撞体: 由 MeleeBehavior 动态创建
  - 基础场景: res://scenes/weapons/melee/weapon_melee_point.tscn
[Player] weapon position after layout: (0.0, -15.0)
[Player] weapon global position after layout: (500.0, 285.0)
[PlayerBase] player quartermaster loaded 1 weapons
[PlayerBase] death signal connected
[PlayerBase] start loading ultimate, player_id = quartermaster
[PlayerBase] ultimate config loaded: { "ult_id": "quartermaster_ult", "name": "火力链路", "duration": 10.0, "energy_cost": 40.0, "bonus_bond_tag": "assist", "visual_color_hex": "#999933", "scale_multiplier": 1.2, "explosion_radius": 240.0, "explosion_damage_scale": 1.1, "description": "军需官进入火力链路并增强压制节奏", "f_role_id": "quartermaster", "f_internal_cd": 0.95, "f_q_line_amp": 1.52, "f_q_closure_amp": 1.98, "f_special_value_1": 1.18, "f_special_value_2": 240.0, "f_special_value_3": 0.31, "f_bond_o_payload": "tag:alchemist|lv2:0.12|lv3:0.24|axis:line", "f_bond_m_payload": "tag:blaster|lv2:0.16|lv3:0.32|axis:closure", "f_bond_t_payload": "tag:assist|lv2:0.10|lv3:0.20|axis:tempo" }
[PlayerBase] ultimate script loaded: (res://scenes/skills/players/f_roles/skill_quartermaster_f.gd):<GDScript#-9223371555348673956>
[PlayerBase] ultimate node created
[PlayerBase] ultimate load complete: 火力链路
[SkillDrawingBase] _ready(): skill_quartermaster_q, skill_owner=PlayerGeneric:<Area2D#1907519129799>
[SkillDrawingBase] Line2D 创建成功: skill_quartermaster_q
[Arena] 生成角色成功: quartermaster 在位置 (500.0, 300.0)
[PlayerBase] Bond stat modifiers applied:
  HP: 108 -> 108
  Speed: 500
  EnergyRegen: 0.7
  PickupRange: 150
  Damage: 10
[Arena] ✅ 角色切换后羁绊属性已重新应用
[Arena] ===== 角色切换结束 =====
[PlayerBase] SkillManager already exists (created by child: @Node@3253), loaded=3, skip auto create
[Arena] 玩家死亡信号已连接
[DebugSwitcher] replay started: d:/Godot/Production/PolyLash_Project/.godot_cli/Roaming/Godot/app_userdata/PolyLash/qa_reports/input_recordings/player_ops_20260315_120559_316_quartermaster.json
[Arena] ===== 角色切换开始 =====
[Arena] 收到角色切换请求: quartermaster
[Arena] 跳过自动保存（QEF测试模式）: character_switch
[Arena] 当前玩家: quartermaster
[Arena] 当前玩家位置: (500.0, 300.0)
[Arena] 不清理旧玩家的技能效果（默认行为）
[Arena] 调用 player.queue_free()
[Arena] 等待一帧...
[Arena] 等待完成，开始生成新角色
[Arena] _spawn_player 开始: player_id=quartermaster, pos=(500.0, 300.0)
[Arena] Global.selected_player_weapons = { "bloodsworn": "punch", "paladin": "punch", "quartermaster": "punch" }
[Arena] visual_config: { "player_id": "quartermaster", "sprite_path": "res://assets/sprites/Players/Player_15.png", "scene_path": "res://scenes/unit/players/player_generic.tscn", "scale_x": 1.0, "scale_y": 1.0, "color_r": 1.0, "color_g": 1.0, "color_b": 1.0, "color_a": 1.0, "z_index": 1.0 }
[Arena] 创建角色: quartermaster
[PlayerFactory] 设置 player_id: quartermaster
[PlayerFactory] 已加载脚本: res://scenes/unit/players/player_quartermaster.gd (player_id=quartermaster)
[PlayerFactory] 成功创建角色: quartermaster
[Arena] 警告: player_id 不匹配，重新设置:  -> quartermaster
[PlayerBase] player quartermaster has no equipped item
[ItemWeapon] 尝试加载武器场景: res://scenes/weapons/melee/weapon_melee_point.tscn
[ItemWeapon] 成功加载武器场景: res://scenes/weapons/melee/weapon_melee_point.tscn
[Player] weapon added: 拳头1级 (punch_1)
[Weapon] _ready() - Sprite2D 初始化:
  - 可见性: true
  - z_index: 2
  - 缩放: (1.0, 1.0)
  - 位置: (27.0, 0.0)
  - Sprite2D 全局位置: (527.0, 300.0)
  - Weapon 全局位置: (500.0, 300.0)
[Player] weapon node added to scene
[Player] weapon position: (0.0, 0.0)
[Player] weapon global position: (500.0, 300.0)
[Player] weapon visible: true
[Player] weapon z_index: 0
[Weapon] 加载贴图: res://assets/sprites/Weapons/Melee/Weapon_Punch.png
[Weapon] Sprite2D 可见性: true
[Weapon] Sprite2D 位置: (27.0, 0.0)
[Weapon] Sprite2D 缩放: (1.0, 1.0)
[Weapon] 贴图大小: (200.0, 100.0)
[Weapon] 武器设置完成: 拳头1级 (punch_1)
  - 类型: MELEE
  - 等级: 1
  - 形状类型: point
  - 子弹模式: 未指定
  - 碰撞体: 由 MeleeBehavior 动态创建
  - 基础场景: res://scenes/weapons/melee/weapon_melee_point.tscn
[Player] weapon position after layout: (0.0, -15.0)
[Player] weapon global position after layout: (500.0, 285.0)
[PlayerBase] player quartermaster loaded 1 weapons
[PlayerBase] death signal connected
[PlayerBase] start loading ultimate, player_id = quartermaster
[PlayerBase] ultimate config loaded: { "ult_id": "quartermaster_ult", "name": "火力链路", "duration": 10.0, "energy_cost": 40.0, "bonus_bond_tag": "assist", "visual_color_hex": "#999933", "scale_multiplier": 1.2, "explosion_radius": 240.0, "explosion_damage_scale": 1.1, "description": "军需官进入火力链路并增强压制节奏", "f_role_id": "quartermaster", "f_internal_cd": 0.95, "f_q_line_amp": 1.52, "f_q_closure_amp": 1.98, "f_special_value_1": 1.18, "f_special_value_2": 240.0, "f_special_value_3": 0.31, "f_bond_o_payload": "tag:alchemist|lv2:0.12|lv3:0.24|axis:line", "f_bond_m_payload": "tag:blaster|lv2:0.16|lv3:0.32|axis:closure", "f_bond_t_payload": "tag:assist|lv2:0.10|lv3:0.20|axis:tempo" }
[PlayerBase] ultimate script loaded: (res://scenes/skills/players/f_roles/skill_quartermaster_f.gd):<GDScript#-9223371555348673956>
[PlayerBase] ultimate node created
[PlayerBase] ultimate load complete: 火力链路
[SkillDrawingBase] _ready(): skill_quartermaster_q, skill_owner=PlayerGeneric:<Area2D#1926460611072>
[SkillDrawingBase] Line2D 创建成功: skill_quartermaster_q
[Arena] 生成角色成功: quartermaster 在位置 (500.0, 300.0)
[PlayerBase] Bond stat modifiers applied:
  HP: 108 -> 108
  Speed: 500
  EnergyRegen: 0.7
  PickupRange: 150
  Damage: 10
[Arena] ✅ 角色切换后羁绊属性已重新应用
[Arena] ===== 角色切换结束 =====
[PlayerBase] SkillManager already exists (created by child: @Node@3263), loaded=3, skip auto create
[Arena] 玩家死亡信号已连接
[skill_quartermaster_q] ===== 鏉╂稑鍙嗙憴鍕灊濡€崇础 ===== 鐠ч鍋? (500.0002, 299.364), line_2d閺堝鏅? true
[HealthComponent] 血量归零，触发死亡信号
[PlayerBase] Q released -> release_skill('q')
[skill_quartermaster_q] ===== 退出规划模式 ===== 点数: 73, 闭合: true
[skill_quartermaster_q] 最终闭合判定: true
[PolygonUtils] 交叉点数量: 1
[PolygonUtils] 排序后: ["[0,4]"]
[PolygonUtils] 提取完成，共 0 个区域
[PlayerBase] E pressed -> execute_skill('e')
[HealthComponent] 已经死亡，忽略伤害
[ExplosionArea] 检测到 0 个重叠区域
[ExplosionArea] 共击中 0 个敌人
[PlayerBase] F pressed, ultimate_skill = UltimateSkill:<Node#1928188661426>
[PlayerBase] try activate ultimate, energy: 100.0%
[DebugSwitcher] replay finished
[DebugSwitcher] test mode disabled
[BackgroundManager] 地图纹理大小: (994.000000, 460.000000)
[BackgroundManager] 初始化完成 - 瓦片大小: 2000, 已生成: 25 个瓦片
[ChestManager] 初始化完成 - 生成 2 个宝箱（分散布局）
[ChestManager] 初始化完成 - 预生成 2 个宝箱位置
[ChestIndicator] indicator_show_range = 3000 (from map_config.csv)
[ExitConfirmDialog] _ready() called
[Arena] _ready() 开始
[Arena] 已添加到 arena 组
[Arena] 已启用波末战利品模式，禁用旧宝箱流程
[Arena] 暂停菜单已初始化
[Arena] 商店面板已连接
[Arena] WaveRewardSystem 已创建
[Arena] WaveRewardPanel 已添加到 GameUI
[Arena] WildcardPanel 已添加到 GameUI
[Arena] BattleFlowController 已初始化
[Arena] Spawner 波次完成信号已连接
[Arena] 准备初始化玩家...
[Arena] _init_player_from_selection 开始
[Arena] selected_player_ids: ["singularist"]
[Arena] selected_player_weapons: { "singularist": "punch" }
WARNING: [ConfigManager] game_config 缺少键 'enable_wave_recruit_mode'，使用默认值: 1
   at: push_warning (core/variant/variant_utility.cpp:1034)
   GDScript backtrace (most recent call first):
       [0] get_game_setting (res://autoloads/config_manager.gd:590)
       [1] is_wave_recruit_mode_enabled (res://autoloads/global.gd:298)
       [2] enter_wave_recruit_mode (res://autoloads/global.gd:303)
       [3] _init_player_from_selection (res://scenes/arena/arena_core.gd:467)
       [4] _ready (res://scenes/arena/arena_core.gd:117)
[Arena] 场景中没有默认玩家，直接生成选择的角色
[Arena] _spawn_player 开始: player_id=singularist, pos=(500.0, 300.0)
[Arena] Global.selected_player_weapons = { "singularist": "punch" }
[Arena] visual_config: { "player_id": "singularist", "sprite_path": "res://assets/sprites/Players/Player_2.png", "scene_path": "res://scenes/unit/players/player_generic.tscn", "scale_x": 1.0, "scale_y": 1.0, "color_r": 1.0, "color_g": 1.0, "color_b": 1.0, "color_a": 1.0, "z_index": 1.0 }
[Arena] 创建角色: singularist
[PlayerFactory] 设置 player_id: singularist
[PlayerFactory] 已加载脚本: res://scenes/unit/players/player_singularist.gd (player_id=singularist)
[PlayerFactory] 成功创建角色: singularist
[Arena] 警告: player_id 不匹配，重新设置:  -> singularist
[PlayerBase] player singularist has no equipped item
[ItemWeapon] 尝试加载武器场景: res://scenes/weapons/melee/weapon_melee_point.tscn
[ItemWeapon] 成功加载武器场景: res://scenes/weapons/melee/weapon_melee_point.tscn
[Player] weapon added: 拳头1级 (punch_1)
[Weapon] _ready() - Sprite2D 初始化:
  - 可见性: true
  - z_index: 2
  - 缩放: (1.0, 1.0)
  - 位置: (27.0, 0.0)
  - Sprite2D 全局位置: (527.0, 300.0)
  - Weapon 全局位置: (500.0, 300.0)
[Player] weapon node added to scene
[Player] weapon position: (0.0, 0.0)
[Player] weapon global position: (500.0, 300.0)
[Player] weapon visible: true
[Player] weapon z_index: 0
[Weapon] 加载贴图: res://assets/sprites/Weapons/Melee/Weapon_Punch.png
[Weapon] Sprite2D 可见性: true
[Weapon] Sprite2D 位置: (27.0, 0.0)
[Weapon] Sprite2D 缩放: (1.0, 1.0)
[Weapon] 贴图大小: (200.0, 100.0)
[Weapon] 武器设置完成: 拳头1级 (punch_1)
  - 类型: MELEE
  - 等级: 1
  - 形状类型: point
  - 子弹模式: 未指定
  - 碰撞体: 由 MeleeBehavior 动态创建
  - 基础场景: res://scenes/weapons/melee/weapon_melee_point.tscn
[Player] weapon position after layout: (0.0, -15.0)
[Player] weapon global position after layout: (500.0, 285.0)
[PlayerBase] player singularist loaded 1 weapons
[PlayerBase] death signal connected
[PlayerBase] start loading ultimate, player_id = singularist
[PlayerBase] ultimate config loaded: { "ult_id": "singularist_ult", "name": "奇点牵引", "duration": 10.0, "energy_cost": 40.0, "bonus_bond_tag": "commander", "visual_color_hex": "#6A0DAD", "scale_multiplier": 1.2, "explosion_radius": 260.0, "explosion_damage_scale": 1.1, "description": "坍缩师启动奇点牵引并强化坍缩爆发", "f_role_id": "singularist", "f_internal_cd": 0.9, "f_q_line_amp": 1.57, "f_q_closure_amp": 2.04, "f_special_value_1": 1.26, "f_special_value_2": 265.0, "f_special_value_3": 0.28, "f_bond_o_payload": "tag:nomad|lv2:0.12|lv3:0.24|axis:line", "f_bond_m_payload": "tag:blaster|lv2:0.16|lv3:0.32|axis:closure", "f_bond_t_payload": "tag:commander|lv2:0.10|lv3:0.20|axis:tempo" }
[PlayerBase] ultimate script loaded: (res://scenes/skills/players/f_roles/skill_singularist_f.gd):<GDScript#-9223369730205674791>
[PlayerBase] ultimate node created
[PlayerBase] ultimate load complete: 奇点牵引
[SkillDrawingBase] _ready(): skill_singularist_q, skill_owner=PlayerGeneric:<Area2D#2304350623991>
[SkillDrawingBase] Line2D 创建成功: skill_singularist_q
[Arena] 生成角色成功: singularist 在位置 (500.0, 300.0)
[Arena] 玩家初始化完成
[CharacterSlot] 加载角色图标: singularist -> res://assets/sprites/Players/Player_2.png
[SquadHUD] 初始化 1 个角色卡槽
[Arena] 小队 HUD 初始化完成
[Arena] ===== _init_bond_hud() 开始 =====
[Arena] ✅ 找到 GameUI 节点: /root/Arena/GameUI
[Arena] ✅ BondHUD 场景加载成功
[Arena] ✅ BondHUD 实例化成功
[Arena] ✅ BondHUD 已添加到 GameUI
[Arena] BondHUD 路径: /root/Arena/GameUI/BondHUD
[Arena] BondHUD 可见性: true
[Arena] _ready() 完成，飘字保护已解除
[PlayerBase] SkillManager already exists (created by child: @Node@3312), loaded=3, skip auto create
[Arena] ===== 角色切换开始 =====
[Arena] 收到角色切换请求: singularist
[Arena] 跳过自动保存（QEF测试模式）: character_switch
[Arena] 当前玩家: singularist
[Arena] 当前玩家位置: (500.0, 300.0)
[Arena] 不清理旧玩家的技能效果（默认行为）
[Arena] 调用 player.queue_free()
[Arena] 等待一帧...
[DebugSwitcher] test mode enabled: wave_time=999, key8 toggles recording
[Arena] 玩家死亡信号已连接
[Arena] 触发 BondManager 重新计算羁绊...
[Arena] 当前队伍: ["gildhand", "singularist", "executioner"]
[Arena] ✅ 羁绊计算完成
[PlayerBase] Bond stat modifiers applied:
  HP: 103 -> 103
  Speed: 510
  EnergyRegen: 0.8
  PickupRange: 150
  Damage: 10
[Arena] ✅ 羁绊属性已应用到玩家
[Arena] ===== _init_bond_hud() 完成 =====
[Arena] 玩家死亡信号已连接
[Arena] 等待完成，开始生成新角色
[Arena] _spawn_player 开始: player_id=singularist, pos=(500.0, 300.0)
[Arena] Global.selected_player_weapons = { "gildhand": "punch", "singularist": "punch", "executioner": "punch" }
[Arena] visual_config: { "player_id": "singularist", "sprite_path": "res://assets/sprites/Players/Player_2.png", "scene_path": "res://scenes/unit/players/player_generic.tscn", "scale_x": 1.0, "scale_y": 1.0, "color_r": 1.0, "color_g": 1.0, "color_b": 1.0, "color_a": 1.0, "z_index": 1.0 }
[Arena] 创建角色: singularist
[PlayerFactory] 设置 player_id: singularist
[PlayerFactory] 已加载脚本: res://scenes/unit/players/player_singularist.gd (player_id=singularist)
[PlayerFactory] 成功创建角色: singularist
[Arena] 警告: player_id 不匹配，重新设置:  -> singularist
[PlayerBase] player singularist has no equipped item
[ItemWeapon] 尝试加载武器场景: res://scenes/weapons/melee/weapon_melee_point.tscn
[ItemWeapon] 成功加载武器场景: res://scenes/weapons/melee/weapon_melee_point.tscn
[Player] weapon added: 拳头1级 (punch_1)
[Weapon] _ready() - Sprite2D 初始化:
  - 可见性: true
  - z_index: 2
  - 缩放: (1.0, 1.0)
  - 位置: (27.0, 0.0)
  - Sprite2D 全局位置: (527.0, 300.0)
  - Weapon 全局位置: (500.0, 300.0)
[Player] weapon node added to scene
[Player] weapon position: (0.0, 0.0)
[Player] weapon global position: (500.0, 300.0)
[Player] weapon visible: true
[Player] weapon z_index: 0
[Weapon] 加载贴图: res://assets/sprites/Weapons/Melee/Weapon_Punch.png
[Weapon] Sprite2D 可见性: true
[Weapon] Sprite2D 位置: (27.0, 0.0)
[Weapon] Sprite2D 缩放: (1.0, 1.0)
[Weapon] 贴图大小: (200.0, 100.0)
[Weapon] 武器设置完成: 拳头1级 (punch_1)
  - 类型: MELEE
  - 等级: 1
  - 形状类型: point
  - 子弹模式: 未指定
  - 碰撞体: 由 MeleeBehavior 动态创建
  - 基础场景: res://scenes/weapons/melee/weapon_melee_point.tscn
[Player] weapon position after layout: (0.0, -15.0)
[Player] weapon global position after layout: (500.0, 285.0)
[PlayerBase] player singularist loaded 1 weapons
[PlayerBase] death signal connected
[PlayerBase] start loading ultimate, player_id = singularist
[PlayerBase] ultimate config loaded: { "ult_id": "singularist_ult", "name": "奇点牵引", "duration": 10.0, "energy_cost": 40.0, "bonus_bond_tag": "commander", "visual_color_hex": "#6A0DAD", "scale_multiplier": 1.2, "explosion_radius": 260.0, "explosion_damage_scale": 1.1, "description": "坍缩师启动奇点牵引并强化坍缩爆发", "f_role_id": "singularist", "f_internal_cd": 0.9, "f_q_line_amp": 1.57, "f_q_closure_amp": 2.04, "f_special_value_1": 1.26, "f_special_value_2": 265.0, "f_special_value_3": 0.28, "f_bond_o_payload": "tag:nomad|lv2:0.12|lv3:0.24|axis:line", "f_bond_m_payload": "tag:blaster|lv2:0.16|lv3:0.32|axis:closure", "f_bond_t_payload": "tag:commander|lv2:0.10|lv3:0.20|axis:tempo" }
[PlayerBase] ultimate script loaded: (res://scenes/skills/players/f_roles/skill_singularist_f.gd):<GDScript#-9223369730205674791>
[PlayerBase] ultimate node created
[PlayerBase] ultimate load complete: 奇点牵引
[SkillDrawingBase] _ready(): skill_singularist_q, skill_owner=PlayerGeneric:<Area2D#2318678364221>
[SkillDrawingBase] Line2D 创建成功: skill_singularist_q
[Arena] 生成角色成功: singularist 在位置 (500.0, 300.0)
[PlayerBase] Bond stat modifiers applied:
  HP: 103 -> 103
  Speed: 510
  EnergyRegen: 0.8
  PickupRange: 150
  Damage: 10
[Arena] ✅ 角色切换后羁绊属性已重新应用
[Arena] ===== 角色切换结束 =====
[PlayerBase] SkillManager already exists (created by child: @Node@3334), loaded=3, skip auto create
[Arena] 玩家死亡信号已连接
[Arena] ===== 角色切换开始 =====
[Arena] 收到角色切换请求: singularist
[Arena] 跳过自动保存（QEF测试模式）: character_switch
[Arena] 当前玩家: singularist
[Arena] 当前玩家位置: (500.0, 300.0)
[Arena] 不清理旧玩家的技能效果（默认行为）
[Arena] 调用 player.queue_free()
[Arena] 等待一帧...
[DebugSwitcher] recording started: d:/Godot/Production/PolyLash_Project/.godot_cli/Roaming/Godot/app_userdata/PolyLash/qa_reports/input_recordings/player_ops_20260315_120606_786_singularist.json
[Arena] 等待完成，开始生成新角色
[Arena] _spawn_player 开始: player_id=singularist, pos=(500.0, 300.0)
[Arena] Global.selected_player_weapons = { "gildhand": "punch", "singularist": "punch", "executioner": "punch" }
[Arena] visual_config: { "player_id": "singularist", "sprite_path": "res://assets/sprites/Players/Player_2.png", "scene_path": "res://scenes/unit/players/player_generic.tscn", "scale_x": 1.0, "scale_y": 1.0, "color_r": 1.0, "color_g": 1.0, "color_b": 1.0, "color_a": 1.0, "z_index": 1.0 }
[Arena] 创建角色: singularist
[PlayerFactory] 设置 player_id: singularist
[PlayerFactory] 已加载脚本: res://scenes/unit/players/player_singularist.gd (player_id=singularist)
[PlayerFactory] 成功创建角色: singularist
[Arena] 警告: player_id 不匹配，重新设置:  -> singularist
[PlayerBase] player singularist has no equipped item
[ItemWeapon] 尝试加载武器场景: res://scenes/weapons/melee/weapon_melee_point.tscn
[ItemWeapon] 成功加载武器场景: res://scenes/weapons/melee/weapon_melee_point.tscn
[Player] weapon added: 拳头1级 (punch_1)
[Weapon] _ready() - Sprite2D 初始化:
  - 可见性: true
  - z_index: 2
  - 缩放: (1.0, 1.0)
  - 位置: (27.0, 0.0)
  - Sprite2D 全局位置: (527.0, 300.0)
  - Weapon 全局位置: (500.0, 300.0)
[Player] weapon node added to scene
[Player] weapon position: (0.0, 0.0)
[Player] weapon global position: (500.0, 300.0)
[Player] weapon visible: true
[Player] weapon z_index: 0
[Weapon] 加载贴图: res://assets/sprites/Weapons/Melee/Weapon_Punch.png
[Weapon] Sprite2D 可见性: true
[Weapon] Sprite2D 位置: (27.0, 0.0)
[Weapon] Sprite2D 缩放: (1.0, 1.0)
[Weapon] 贴图大小: (200.0, 100.0)
[Weapon] 武器设置完成: 拳头1级 (punch_1)
  - 类型: MELEE
  - 等级: 1
  - 形状类型: point
  - 子弹模式: 未指定
  - 碰撞体: 由 MeleeBehavior 动态创建
  - 基础场景: res://scenes/weapons/melee/weapon_melee_point.tscn
[Player] weapon position after layout: (0.0, -15.0)
[Player] weapon global position after layout: (500.0, 285.0)
[PlayerBase] player singularist loaded 1 weapons
[PlayerBase] death signal connected
[PlayerBase] start loading ultimate, player_id = singularist
[PlayerBase] ultimate config loaded: { "ult_id": "singularist_ult", "name": "奇点牵引", "duration": 10.0, "energy_cost": 40.0, "bonus_bond_tag": "commander", "visual_color_hex": "#6A0DAD", "scale_multiplier": 1.2, "explosion_radius": 260.0, "explosion_damage_scale": 1.1, "description": "坍缩师启动奇点牵引并强化坍缩爆发", "f_role_id": "singularist", "f_internal_cd": 0.9, "f_q_line_amp": 1.57, "f_q_closure_amp": 2.04, "f_special_value_1": 1.26, "f_special_value_2": 265.0, "f_special_value_3": 0.28, "f_bond_o_payload": "tag:nomad|lv2:0.12|lv3:0.24|axis:line", "f_bond_m_payload": "tag:blaster|lv2:0.16|lv3:0.32|axis:closure", "f_bond_t_payload": "tag:commander|lv2:0.10|lv3:0.20|axis:tempo" }
[PlayerBase] ultimate script loaded: (res://scenes/skills/players/f_roles/skill_singularist_f.gd):<GDScript#-9223369730205674791>
[PlayerBase] ultimate node created
[PlayerBase] ultimate load complete: 奇点牵引
[SkillDrawingBase] _ready(): skill_singularist_q, skill_owner=PlayerGeneric:<Area2D#2326228111421>
[SkillDrawingBase] Line2D 创建成功: skill_singularist_q
[Arena] 生成角色成功: singularist 在位置 (500.0, 300.0)
[PlayerBase] Bond stat modifiers applied:
  HP: 103 -> 103
  Speed: 510
  EnergyRegen: 0.8
  PickupRange: 150
  Damage: 10
[Arena] ✅ 角色切换后羁绊属性已重新应用
[Arena] ===== 角色切换结束 =====
[PlayerBase] SkillManager already exists (created by child: @Node@3344), loaded=3, skip auto create
[Arena] 玩家死亡信号已连接
[skill_singularist_q] ===== 鏉╂稑鍙嗙憴鍕灊濡€崇础 ===== 鐠ч鍋? (500.0002, 299.364), line_2d閺堝鏅? true
[PlayerBase] Q released -> release_skill('q')
[skill_singularist_q] ===== 退出规划模式 ===== 点数: 65, 闭合: false
[skill_singularist_q] 最终闭合判定: false
[skill_singularist_q] 閻㈢喐鍨氬鈧弨鎹愮熅瀵板嫭鏅ラ弸婊愮礉閸樼喎顫愰悙瑙勬殶: 65, 閸氬牆鑻熺痪鎸庮唽閺? 6
[skill_singularist_q] open-path effects spawned
[ExplosionArea] 检测到 0 个重叠区域
[ExplosionArea] 共击中 0 个敌人
[ExplosionArea] 检测到 0 个重叠区域
[ExplosionArea] 共击中 0 个敌人
[ExplosionArea] 检测到 0 个重叠区域
[ExplosionArea] 共击中 0 个敌人
[ExplosionArea] 检测到 0 个重叠区域
[ExplosionArea] 共击中 0 个敌人
[HealthComponent] 血量归零，触发死亡信号
[PlayerBase] E pressed -> execute_skill('e')
[HealthComponent] 已经死亡，忽略伤害
[HealthComponent] 已经死亡，忽略伤害
[HealthComponent] 已经死亡，忽略伤害
[PlayerBase] F pressed, ultimate_skill = UltimateSkill:<Node#2327956163217>
[PlayerBase] try activate ultimate, energy: 100.0%
[HealthComponent] 已经死亡，忽略伤害
[HealthComponent] 已经死亡，忽略伤害
[HealthComponent] 已经死亡，忽略伤害
[HealthComponent] 血量归零，触发死亡信号
[HealthComponent] 已经死亡，忽略伤害
[HealthComponent] 血量归零，触发死亡信号
[HealthComponent] 已经死亡，忽略伤害
[HealthComponent] 已经死亡，忽略伤害
[HealthComponent] 已经死亡，忽略伤害
[ExplosionArea] 检测到 0 个重叠区域
[ExplosionArea] 共击中 0 个敌人
[DebugSwitcher] record saved: d:/Godot/Production/PolyLash_Project/.godot_cli/Roaming/Godot/app_userdata/PolyLash/qa_reports/input_recordings/player_ops_20260315_120606_786_singularist.json
[HealthComponent] 已经死亡，忽略伤害
[HealthComponent] 已经死亡，忽略伤害
[HealthComponent] 已经死亡，忽略伤害
[DebugSwitcher] test mode disabled
[BackgroundManager] 地图纹理大小: (994.000000, 460.000000)
[BackgroundManager] 初始化完成 - 瓦片大小: 2000, 已生成: 25 个瓦片
[ChestManager] 初始化完成 - 生成 2 个宝箱（分散布局）
[ChestManager] 初始化完成 - 预生成 2 个宝箱位置
[ChestIndicator] indicator_show_range = 3000 (from map_config.csv)
[ExitConfirmDialog] _ready() called
[Arena] _ready() 开始
[Arena] 已添加到 arena 组
[Arena] 已启用波末战利品模式，禁用旧宝箱流程
[Arena] 暂停菜单已初始化
[Arena] 商店面板已连接
[Arena] WaveRewardSystem 已创建
[Arena] WaveRewardPanel 已添加到 GameUI
[Arena] WildcardPanel 已添加到 GameUI
[Arena] BattleFlowController 已初始化
[Arena] Spawner 波次完成信号已连接
[Arena] 准备初始化玩家...
[Arena] _init_player_from_selection 开始
[Arena] selected_player_ids: ["singularist"]
[Arena] selected_player_weapons: { "singularist": "punch" }
WARNING: [ConfigManager] game_config 缺少键 'enable_wave_recruit_mode'，使用默认值: 1
   at: push_warning (core/variant/variant_utility.cpp:1034)
   GDScript backtrace (most recent call first):
       [0] get_game_setting (res://autoloads/config_manager.gd:590)
       [1] is_wave_recruit_mode_enabled (res://autoloads/global.gd:298)
       [2] enter_wave_recruit_mode (res://autoloads/global.gd:303)
       [3] _init_player_from_selection (res://scenes/arena/arena_core.gd:467)
       [4] _ready (res://scenes/arena/arena_core.gd:117)
[Arena] 场景中没有默认玩家，直接生成选择的角色
[Arena] _spawn_player 开始: player_id=singularist, pos=(500.0, 300.0)
[Arena] Global.selected_player_weapons = { "singularist": "punch" }
[Arena] visual_config: { "player_id": "singularist", "sprite_path": "res://assets/sprites/Players/Player_2.png", "scene_path": "res://scenes/unit/players/player_generic.tscn", "scale_x": 1.0, "scale_y": 1.0, "color_r": 1.0, "color_g": 1.0, "color_b": 1.0, "color_a": 1.0, "z_index": 1.0 }
[Arena] 创建角色: singularist
[PlayerFactory] 设置 player_id: singularist
[PlayerFactory] 已加载脚本: res://scenes/unit/players/player_singularist.gd (player_id=singularist)
[PlayerFactory] 成功创建角色: singularist
[Arena] 警告: player_id 不匹配，重新设置:  -> singularist
[PlayerBase] player singularist has no equipped item
[ItemWeapon] 尝试加载武器场景: res://scenes/weapons/melee/weapon_melee_point.tscn
[ItemWeapon] 成功加载武器场景: res://scenes/weapons/melee/weapon_melee_point.tscn
[Player] weapon added: 拳头1级 (punch_1)
[Weapon] _ready() - Sprite2D 初始化:
  - 可见性: true
  - z_index: 2
  - 缩放: (1.0, 1.0)
  - 位置: (27.0, 0.0)
  - Sprite2D 全局位置: (527.0, 300.0)
  - Weapon 全局位置: (500.0, 300.0)
[Player] weapon node added to scene
[Player] weapon position: (0.0, 0.0)
[Player] weapon global position: (500.0, 300.0)
[Player] weapon visible: true
[Player] weapon z_index: 0
[Weapon] 加载贴图: res://assets/sprites/Weapons/Melee/Weapon_Punch.png
[Weapon] Sprite2D 可见性: true
[Weapon] Sprite2D 位置: (27.0, 0.0)
[Weapon] Sprite2D 缩放: (1.0, 1.0)
[Weapon] 贴图大小: (200.0, 100.0)
[Weapon] 武器设置完成: 拳头1级 (punch_1)
  - 类型: MELEE
  - 等级: 1
  - 形状类型: point
  - 子弹模式: 未指定
  - 碰撞体: 由 MeleeBehavior 动态创建
  - 基础场景: res://scenes/weapons/melee/weapon_melee_point.tscn
[Player] weapon position after layout: (0.0, -15.0)
[Player] weapon global position after layout: (500.0, 285.0)
[PlayerBase] player singularist loaded 1 weapons
[PlayerBase] death signal connected
[PlayerBase] start loading ultimate, player_id = singularist
[PlayerBase] ultimate config loaded: { "ult_id": "singularist_ult", "name": "奇点牵引", "duration": 10.0, "energy_cost": 40.0, "bonus_bond_tag": "commander", "visual_color_hex": "#6A0DAD", "scale_multiplier": 1.2, "explosion_radius": 260.0, "explosion_damage_scale": 1.1, "description": "坍缩师启动奇点牵引并强化坍缩爆发", "f_role_id": "singularist", "f_internal_cd": 0.9, "f_q_line_amp": 1.57, "f_q_closure_amp": 2.04, "f_special_value_1": 1.26, "f_special_value_2": 265.0, "f_special_value_3": 0.28, "f_bond_o_payload": "tag:nomad|lv2:0.12|lv3:0.24|axis:line", "f_bond_m_payload": "tag:blaster|lv2:0.16|lv3:0.32|axis:closure", "f_bond_t_payload": "tag:commander|lv2:0.10|lv3:0.20|axis:tempo" }
[PlayerBase] ultimate script loaded: (res://scenes/skills/players/f_roles/skill_singularist_f.gd):<GDScript#-9223369730205674791>
[PlayerBase] ultimate node created
[PlayerBase] ultimate load complete: 奇点牵引
[SkillDrawingBase] _ready(): skill_singularist_q, skill_owner=PlayerGeneric:<Area2D#2375788008569>
[SkillDrawingBase] Line2D 创建成功: skill_singularist_q
[Arena] 生成角色成功: singularist 在位置 (500.0, 300.0)
[Arena] 玩家初始化完成
[CharacterSlot] 加载角色图标: singularist -> res://assets/sprites/Players/Player_2.png
[SquadHUD] 初始化 1 个角色卡槽
[Arena] 小队 HUD 初始化完成
[Arena] ===== _init_bond_hud() 开始 =====
[Arena] ✅ 找到 GameUI 节点: /root/Arena/GameUI
[Arena] ✅ BondHUD 场景加载成功
[Arena] ✅ BondHUD 实例化成功
[Arena] ✅ BondHUD 已添加到 GameUI
[Arena] BondHUD 路径: /root/Arena/GameUI/BondHUD
[Arena] BondHUD 可见性: true
[Arena] _ready() 完成，飘字保护已解除
[PlayerBase] SkillManager already exists (created by child: @Node@3618), loaded=3, skip auto create
[Arena] ===== 角色切换开始 =====
[Arena] 收到角色切换请求: singularist
[Arena] 跳过自动保存（QEF测试模式）: character_switch
[Arena] 当前玩家: singularist
[Arena] 当前玩家位置: (500.0, 300.0)
[Arena] 不清理旧玩家的技能效果（默认行为）
[Arena] 调用 player.queue_free()
[Arena] 等待一帧...
[DebugSwitcher] test mode enabled: wave_time=999, key8 toggles recording
[Arena] 玩家死亡信号已连接
[Arena] 触发 BondManager 重新计算羁绊...
[Arena] 当前队伍: ["gildhand", "singularist", "executioner"]
[Arena] ✅ 羁绊计算完成
[PlayerBase] Bond stat modifiers applied:
  HP: 103 -> 103
  Speed: 510
  EnergyRegen: 0.8
  PickupRange: 150
  Damage: 10
[Arena] ✅ 羁绊属性已应用到玩家
[Arena] ===== _init_bond_hud() 完成 =====
[Arena] 玩家死亡信号已连接
[Arena] 等待完成，开始生成新角色
[Arena] _spawn_player 开始: player_id=singularist, pos=(500.0, 300.0)
[Arena] Global.selected_player_weapons = { "gildhand": "punch", "singularist": "punch", "executioner": "punch" }
[Arena] visual_config: { "player_id": "singularist", "sprite_path": "res://assets/sprites/Players/Player_2.png", "scene_path": "res://scenes/unit/players/player_generic.tscn", "scale_x": 1.0, "scale_y": 1.0, "color_r": 1.0, "color_g": 1.0, "color_b": 1.0, "color_a": 1.0, "z_index": 1.0 }
[Arena] 创建角色: singularist
[PlayerFactory] 设置 player_id: singularist
[PlayerFactory] 已加载脚本: res://scenes/unit/players/player_singularist.gd (player_id=singularist)
[PlayerFactory] 成功创建角色: singularist
[Arena] 警告: player_id 不匹配，重新设置:  -> singularist
[PlayerBase] player singularist has no equipped item
[ItemWeapon] 尝试加载武器场景: res://scenes/weapons/melee/weapon_melee_point.tscn
[ItemWeapon] 成功加载武器场景: res://scenes/weapons/melee/weapon_melee_point.tscn
[Player] weapon added: 拳头1级 (punch_1)
[Weapon] _ready() - Sprite2D 初始化:
  - 可见性: true
  - z_index: 2
  - 缩放: (1.0, 1.0)
  - 位置: (27.0, 0.0)
  - Sprite2D 全局位置: (527.0, 300.0)
  - Weapon 全局位置: (500.0, 300.0)
[Player] weapon node added to scene
[Player] weapon position: (0.0, 0.0)
[Player] weapon global position: (500.0, 300.0)
[Player] weapon visible: true
[Player] weapon z_index: 0
[Weapon] 加载贴图: res://assets/sprites/Weapons/Melee/Weapon_Punch.png
[Weapon] Sprite2D 可见性: true
[Weapon] Sprite2D 位置: (27.0, 0.0)
[Weapon] Sprite2D 缩放: (1.0, 1.0)
[Weapon] 贴图大小: (200.0, 100.0)
[Weapon] 武器设置完成: 拳头1级 (punch_1)
  - 类型: MELEE
  - 等级: 1
  - 形状类型: point
  - 子弹模式: 未指定
  - 碰撞体: 由 MeleeBehavior 动态创建
  - 基础场景: res://scenes/weapons/melee/weapon_melee_point.tscn
[Player] weapon position after layout: (0.0, -15.0)
[Player] weapon global position after layout: (500.0, 285.0)
[PlayerBase] player singularist loaded 1 weapons
[PlayerBase] death signal connected
[PlayerBase] start loading ultimate, player_id = singularist
[PlayerBase] ultimate config loaded: { "ult_id": "singularist_ult", "name": "奇点牵引", "duration": 10.0, "energy_cost": 40.0, "bonus_bond_tag": "commander", "visual_color_hex": "#6A0DAD", "scale_multiplier": 1.2, "explosion_radius": 260.0, "explosion_damage_scale": 1.1, "description": "坍缩师启动奇点牵引并强化坍缩爆发", "f_role_id": "singularist", "f_internal_cd": 0.9, "f_q_line_amp": 1.57, "f_q_closure_amp": 2.04, "f_special_value_1": 1.26, "f_special_value_2": 265.0, "f_special_value_3": 0.28, "f_bond_o_payload": "tag:nomad|lv2:0.12|lv3:0.24|axis:line", "f_bond_m_payload": "tag:blaster|lv2:0.16|lv3:0.32|axis:closure", "f_bond_t_payload": "tag:commander|lv2:0.10|lv3:0.20|axis:tempo" }
[PlayerBase] ultimate script loaded: (res://scenes/skills/players/f_roles/skill_singularist_f.gd):<GDScript#-9223369730205674791>
[PlayerBase] ultimate node created
[PlayerBase] ultimate load complete: 奇点牵引
[SkillDrawingBase] _ready(): skill_singularist_q, skill_owner=PlayerGeneric:<Area2D#2384445052025>
[SkillDrawingBase] Line2D 创建成功: skill_singularist_q
[Arena] 生成角色成功: singularist 在位置 (500.0, 300.0)
[PlayerBase] Bond stat modifiers applied:
  HP: 103 -> 103
  Speed: 510
  EnergyRegen: 0.8
  PickupRange: 150
  Damage: 10
[Arena] ✅ 角色切换后羁绊属性已重新应用
[Arena] ===== 角色切换结束 =====
[PlayerBase] SkillManager already exists (created by child: @Node@3629), loaded=3, skip auto create
[Arena] 玩家死亡信号已连接
[DebugSwitcher] replay started: d:/Godot/Production/PolyLash_Project/.godot_cli/Roaming/Godot/app_userdata/PolyLash/qa_reports/input_recordings/player_ops_20260315_120606_786_singularist.json
[Arena] ===== 角色切换开始 =====
[Arena] 收到角色切换请求: singularist
[Arena] 跳过自动保存（QEF测试模式）: character_switch
[Arena] 当前玩家: singularist
[Arena] 当前玩家位置: (500.0, 300.0)
[Arena] 不清理旧玩家的技能效果（默认行为）
[Arena] 调用 player.queue_free()
[Arena] 等待一帧...
[Arena] 等待完成，开始生成新角色
[Arena] _spawn_player 开始: player_id=singularist, pos=(500.0, 300.0)
[Arena] Global.selected_player_weapons = { "executioner": "punch", "gildhand": "punch", "singularist": "punch" }
[Arena] visual_config: { "player_id": "singularist", "sprite_path": "res://assets/sprites/Players/Player_2.png", "scene_path": "res://scenes/unit/players/player_generic.tscn", "scale_x": 1.0, "scale_y": 1.0, "color_r": 1.0, "color_g": 1.0, "color_b": 1.0, "color_a": 1.0, "z_index": 1.0 }
[Arena] 创建角色: singularist
[PlayerFactory] 设置 player_id: singularist
[PlayerFactory] 已加载脚本: res://scenes/unit/players/player_singularist.gd (player_id=singularist)
[PlayerFactory] 成功创建角色: singularist
[Arena] 警告: player_id 不匹配，重新设置:  -> singularist
[PlayerBase] player singularist has no equipped item
[ItemWeapon] 尝试加载武器场景: res://scenes/weapons/melee/weapon_melee_point.tscn
[ItemWeapon] 成功加载武器场景: res://scenes/weapons/melee/weapon_melee_point.tscn
[Player] weapon added: 拳头1级 (punch_1)
[Weapon] _ready() - Sprite2D 初始化:
  - 可见性: true
  - z_index: 2
  - 缩放: (1.0, 1.0)
  - 位置: (27.0, 0.0)
  - Sprite2D 全局位置: (527.0, 300.0)
  - Weapon 全局位置: (500.0, 300.0)
[Player] weapon node added to scene
[Player] weapon position: (0.0, 0.0)
[Player] weapon global position: (500.0, 300.0)
[Player] weapon visible: true
[Player] weapon z_index: 0
[Weapon] 加载贴图: res://assets/sprites/Weapons/Melee/Weapon_Punch.png
[Weapon] Sprite2D 可见性: true
[Weapon] Sprite2D 位置: (27.0, 0.0)
[Weapon] Sprite2D 缩放: (1.0, 1.0)
[Weapon] 贴图大小: (200.0, 100.0)
[Weapon] 武器设置完成: 拳头1级 (punch_1)
  - 类型: MELEE
  - 等级: 1
  - 形状类型: point
  - 子弹模式: 未指定
  - 碰撞体: 由 MeleeBehavior 动态创建
  - 基础场景: res://scenes/weapons/melee/weapon_melee_point.tscn
[Player] weapon position after layout: (0.0, -15.0)
[Player] weapon global position after layout: (500.0, 285.0)
[PlayerBase] player singularist loaded 1 weapons
[PlayerBase] death signal connected
[PlayerBase] start loading ultimate, player_id = singularist
[PlayerBase] ultimate config loaded: { "ult_id": "singularist_ult", "name": "奇点牵引", "duration": 10.0, "energy_cost": 40.0, "bonus_bond_tag": "commander", "visual_color_hex": "#6A0DAD", "scale_multiplier": 1.2, "explosion_radius": 260.0, "explosion_damage_scale": 1.1, "description": "坍缩师启动奇点牵引并强化坍缩爆发", "f_role_id": "singularist", "f_internal_cd": 0.9, "f_q_line_amp": 1.57, "f_q_closure_amp": 2.04, "f_special_value_1": 1.26, "f_special_value_2": 265.0, "f_special_value_3": 0.28, "f_bond_o_payload": "tag:nomad|lv2:0.12|lv3:0.24|axis:line", "f_bond_m_payload": "tag:blaster|lv2:0.16|lv3:0.32|axis:closure", "f_bond_t_payload": "tag:commander|lv2:0.10|lv3:0.20|axis:tempo" }
[PlayerBase] ultimate script loaded: (res://scenes/skills/players/f_roles/skill_singularist_f.gd):<GDScript#-9223369730205674791>
[PlayerBase] ultimate node created
[PlayerBase] ultimate load complete: 奇点牵引
[SkillDrawingBase] _ready(): skill_singularist_q, skill_owner=PlayerGeneric:<Area2D#2394763039872>
[SkillDrawingBase] Line2D 创建成功: skill_singularist_q
[Arena] 生成角色成功: singularist 在位置 (500.0, 300.0)
[PlayerBase] Bond stat modifiers applied:
  HP: 103 -> 103
  Speed: 510
  EnergyRegen: 0.8
  PickupRange: 150
  Damage: 10
[Arena] ✅ 角色切换后羁绊属性已重新应用
[Arena] ===== 角色切换结束 =====
[PlayerBase] SkillManager already exists (created by child: @Node@3639), loaded=3, skip auto create
[Arena] 玩家死亡信号已连接
[skill_singularist_q] ===== 鏉╂稑鍙嗙憴鍕灊濡€崇础 ===== 鐠ч鍋? (500.0002, 299.364), line_2d閺堝鏅? true
[PlayerBase] Q released -> release_skill('q')
[skill_singularist_q] ===== 退出规划模式 ===== 点数: 70, 闭合: true
[skill_singularist_q] 最终闭合判定: true
[PolygonUtils] 交叉点数量: 2
[PolygonUtils] 排序后: ["[0,4]", "[1,4]"]
[PolygonUtils] 8字形检测: i1=0, j1=4, i2=1, j2=4
[PolygonUtils] ⚠️ 非标准8字形，单独处理每个交叉点
[PolygonUtils] 提取完成，共 0 个区域
[PlayerBase] E pressed -> execute_skill('e')
[HealthComponent] 血量归零，触发死亡信号
[PlayerBase] F pressed, ultimate_skill = UltimateSkill:<Node#2396491093127>
[PlayerBase] try activate ultimate, energy: 100.0%
[HealthComponent] 已经死亡，忽略伤害
[ExplosionArea] 检测到 2 个重叠区域
[ExplosionArea] 区域 1: HurtboxComponent -> 父节点: CLIEnemy_(120_0, 90_0) (类型: Area2D)
[ExplosionArea]   ⚠️ 使用备用伤害方案
[ExplosionArea]   ✅ 造成伤害(备用): 0.0 -> CLIEnemy_(120_0, 90_0)
[ExplosionArea] 区域 2: HurtboxComponent -> 父节点: CLIEnemy_(90_0, -120_0) (类型: Area2D)
[ExplosionArea]   ⚠️ 使用备用伤害方案
[ExplosionArea]   ✅ 造成伤害(备用): 0.0 -> CLIEnemy_(90_0, -120_0)
[ExplosionArea] 共击中 2 个敌人
[DebugSwitcher] replay finished
[DebugSwitcher] test mode disabled
[BackgroundManager] 地图纹理大小: (994.000000, 460.000000)
[BackgroundManager] 初始化完成 - 瓦片大小: 2000, 已生成: 25 个瓦片
[ChestManager] 初始化完成 - 生成 2 个宝箱（分散布局）
[ChestManager] 初始化完成 - 预生成 2 个宝箱位置
[ChestIndicator] indicator_show_range = 3000 (from map_config.csv)
[ExitConfirmDialog] _ready() called
[Arena] _ready() 开始
[Arena] 已添加到 arena 组
[Arena] 已启用波末战利品模式，禁用旧宝箱流程
[Arena] 暂停菜单已初始化
[Arena] 商店面板已连接
[Arena] WaveRewardSystem 已创建
[Arena] WaveRewardPanel 已添加到 GameUI
[Arena] WildcardPanel 已添加到 GameUI
[Arena] BattleFlowController 已初始化
[Arena] Spawner 波次完成信号已连接
[Arena] 准备初始化玩家...
[Arena] _init_player_from_selection 开始
[Arena] selected_player_ids: ["banner"]
[Arena] selected_player_weapons: { "banner": "punch" }
WARNING: [ConfigManager] game_config 缺少键 'enable_wave_recruit_mode'，使用默认值: 1
   at: push_warning (core/variant/variant_utility.cpp:1034)
   GDScript backtrace (most recent call first):
       [0] get_game_setting (res://autoloads/config_manager.gd:590)
       [1] is_wave_recruit_mode_enabled (res://autoloads/global.gd:298)
       [2] enter_wave_recruit_mode (res://autoloads/global.gd:303)
       [3] _init_player_from_selection (res://scenes/arena/arena_core.gd:467)
       [4] _ready (res://scenes/arena/arena_core.gd:117)
[Arena] 场景中没有默认玩家，直接生成选择的角色
[Arena] _spawn_player 开始: player_id=banner, pos=(500.0, 300.0)
[Arena] Global.selected_player_weapons = { "banner": "punch" }
[Arena] visual_config: { "player_id": "banner", "sprite_path": "res://assets/sprites/Players/Player_18.png", "scene_path": "res://scenes/unit/players/player_generic.tscn", "scale_x": 1.0, "scale_y": 1.0, "color_r": 1.0, "color_g": 1.0, "color_b": 1.0, "color_a": 1.0, "z_index": 1.0 }
[Arena] 创建角色: banner
[PlayerFactory] 设置 player_id: banner
[PlayerFactory] 已加载脚本: res://scenes/unit/players/player_banner.gd (player_id=banner)
[PlayerFactory] 成功创建角色: banner
[Arena] 警告: player_id 不匹配，重新设置:  -> banner
[PlayerBase] player banner has no equipped item
[ItemWeapon] 尝试加载武器场景: res://scenes/weapons/melee/weapon_melee_point.tscn
[ItemWeapon] 成功加载武器场景: res://scenes/weapons/melee/weapon_melee_point.tscn
[Player] weapon added: 拳头1级 (punch_1)
[Weapon] _ready() - Sprite2D 初始化:
  - 可见性: true
  - z_index: 2
  - 缩放: (1.0, 1.0)
  - 位置: (27.0, 0.0)
  - Sprite2D 全局位置: (527.0, 300.0)
  - Weapon 全局位置: (500.0, 300.0)
[Player] weapon node added to scene
[Player] weapon position: (0.0, 0.0)
[Player] weapon global position: (500.0, 300.0)
[Player] weapon visible: true
[Player] weapon z_index: 0
[Weapon] 加载贴图: res://assets/sprites/Weapons/Melee/Weapon_Punch.png
[Weapon] Sprite2D 可见性: true
[Weapon] Sprite2D 位置: (27.0, 0.0)
[Weapon] Sprite2D 缩放: (1.0, 1.0)
[Weapon] 贴图大小: (200.0, 100.0)
[Weapon] 武器设置完成: 拳头1级 (punch_1)
  - 类型: MELEE
  - 等级: 1
  - 形状类型: point
  - 子弹模式: 未指定
  - 碰撞体: 由 MeleeBehavior 动态创建
  - 基础场景: res://scenes/weapons/melee/weapon_melee_point.tscn
[Player] weapon position after layout: (0.0, -15.0)
[Player] weapon global position after layout: (500.0, 285.0)
[PlayerBase] player banner loaded 1 weapons
[PlayerBase] death signal connected
[PlayerBase] start loading ultimate, player_id = banner
[PlayerBase] ultimate config loaded: { "ult_id": "banner_ult", "name": "总攻军令", "duration": 10.0, "energy_cost": 40.0, "bonus_bond_tag": "commander", "visual_color_hex": "#FF9933", "scale_multiplier": 1.2, "explosion_radius": 230.0, "explosion_damage_scale": 1.0, "description": "旗手发布总攻军令并推进战线", "f_role_id": "banner", "f_internal_cd": 0.98, "f_q_line_amp": 1.46, "f_q_closure_amp": 1.92, "f_special_value_1": 1.1, "f_special_value_2": 260.0, "f_special_value_3": 0.32, "f_bond_o_payload": "tag:nomad|lv2:0.12|lv3:0.24|axis:line", "f_bond_m_payload": "tag:geometrist|lv2:0.16|lv3:0.32|axis:closure", "f_bond_t_payload": "tag:commander|lv2:0.10|lv3:0.20|axis:tempo" }
[PlayerBase] ultimate script loaded: (res://scenes/skills/players/f_roles/skill_banner_f.gd):<GDScript#-9223369237022632110>
[PlayerBase] ultimate node created
[PlayerBase] ultimate load complete: 总攻军令
[SkillDrawingBase] _ready(): skill_banner_q, skill_owner=PlayerGeneric:<Area2D#2797533665834>
[SkillDrawingBase] Line2D 创建成功: skill_banner_q
[Arena] 生成角色成功: banner 在位置 (500.0, 300.0)
[Arena] 玩家初始化完成
[CharacterSlot] 加载角色图标: banner -> res://assets/sprites/Players/Player_18.png
[SquadHUD] 初始化 1 个角色卡槽
[Arena] 小队 HUD 初始化完成
[Arena] ===== _init_bond_hud() 开始 =====
[Arena] ✅ 找到 GameUI 节点: /root/Arena/GameUI
[Arena] ✅ BondHUD 场景加载成功
[Arena] ✅ BondHUD 实例化成功
[Arena] ✅ BondHUD 已添加到 GameUI
[Arena] BondHUD 路径: /root/Arena/GameUI/BondHUD
[Arena] BondHUD 可见性: true
[Arena] _ready() 完成，飘字保护已解除
[PlayerBase] SkillManager already exists (created by child: @Node@3709), loaded=3, skip auto create
[Arena] ===== 角色切换开始 =====
[Arena] 收到角色切换请求: banner
[Arena] 跳过自动保存（QEF测试模式）: character_switch
[Arena] 当前玩家: banner
[Arena] 当前玩家位置: (500.0, 300.0)
[Arena] 不清理旧玩家的技能效果（默认行为）
[Arena] 调用 player.queue_free()
[Arena] 等待一帧...
[DebugSwitcher] test mode enabled: wave_time=999, key8 toggles recording
[Arena] 玩家死亡信号已连接
[Arena] 触发 BondManager 重新计算羁绊...
[Arena] 当前队伍: ["banner", "breachmarshal", "swarm"]
[Arena] ✅ 羁绊计算完成
[PlayerBase] Bond stat modifiers applied:
  HP: 108 -> 142
  Speed: 659
  EnergyRegen: 0.8
  PickupRange: 150
  Damage: 10
[Arena] ✅ 羁绊属性已应用到玩家
[Arena] ===== _init_bond_hud() 完成 =====
[Arena] 玩家死亡信号已连接
[Arena] 等待完成，开始生成新角色
[Arena] _spawn_player 开始: player_id=banner, pos=(500.0, 300.0)
[Arena] Global.selected_player_weapons = { "banner": "punch", "breachmarshal": "punch", "swarm": "punch" }
[Arena] visual_config: { "player_id": "banner", "sprite_path": "res://assets/sprites/Players/Player_18.png", "scene_path": "res://scenes/unit/players/player_generic.tscn", "scale_x": 1.0, "scale_y": 1.0, "color_r": 1.0, "color_g": 1.0, "color_b": 1.0, "color_a": 1.0, "z_index": 1.0 }
[Arena] 创建角色: banner
[PlayerFactory] 设置 player_id: banner
[PlayerFactory] 已加载脚本: res://scenes/unit/players/player_banner.gd (player_id=banner)
[PlayerFactory] 成功创建角色: banner
[Arena] 警告: player_id 不匹配，重新设置:  -> banner
[PlayerBase] player banner has no equipped item
[ItemWeapon] 尝试加载武器场景: res://scenes/weapons/melee/weapon_melee_point.tscn
[ItemWeapon] 成功加载武器场景: res://scenes/weapons/melee/weapon_melee_point.tscn
[Player] weapon added: 拳头1级 (punch_1)
[Weapon] _ready() - Sprite2D 初始化:
  - 可见性: true
  - z_index: 2
  - 缩放: (1.0, 1.0)
  - 位置: (27.0, 0.0)
  - Sprite2D 全局位置: (527.0, 300.0)
  - Weapon 全局位置: (500.0, 300.0)
[Player] weapon node added to scene
[Player] weapon position: (0.0, 0.0)
[Player] weapon global position: (500.0, 300.0)
[Player] weapon visible: true
[Player] weapon z_index: 0
[Weapon] 加载贴图: res://assets/sprites/Weapons/Melee/Weapon_Punch.png
[Weapon] Sprite2D 可见性: true
[Weapon] Sprite2D 位置: (27.0, 0.0)
[Weapon] Sprite2D 缩放: (1.0, 1.0)
[Weapon] 贴图大小: (200.0, 100.0)
[Weapon] 武器设置完成: 拳头1级 (punch_1)
  - 类型: MELEE
  - 等级: 1
  - 形状类型: point
  - 子弹模式: 未指定
  - 碰撞体: 由 MeleeBehavior 动态创建
  - 基础场景: res://scenes/weapons/melee/weapon_melee_point.tscn
[Player] weapon position after layout: (0.0, -15.0)
[Player] weapon global position after layout: (500.0, 285.0)
[PlayerBase] player banner loaded 1 weapons
[PlayerBase] death signal connected
[PlayerBase] start loading ultimate, player_id = banner
[PlayerBase] ultimate config loaded: { "ult_id": "banner_ult", "name": "总攻军令", "duration": 10.0, "energy_cost": 40.0, "bonus_bond_tag": "commander", "visual_color_hex": "#FF9933", "scale_multiplier": 1.2, "explosion_radius": 230.0, "explosion_damage_scale": 1.0, "description": "旗手发布总攻军令并推进战线", "f_role_id": "banner", "f_internal_cd": 0.98, "f_q_line_amp": 1.46, "f_q_closure_amp": 1.92, "f_special_value_1": 1.1, "f_special_value_2": 260.0, "f_special_value_3": 0.32, "f_bond_o_payload": "tag:nomad|lv2:0.12|lv3:0.24|axis:line", "f_bond_m_payload": "tag:geometrist|lv2:0.16|lv3:0.32|axis:closure", "f_bond_t_payload": "tag:commander|lv2:0.10|lv3:0.20|axis:tempo" }
[PlayerBase] ultimate script loaded: (res://scenes/skills/players/f_roles/skill_banner_f.gd):<GDScript#-9223369237022632110>
[PlayerBase] ultimate node created
[PlayerBase] ultimate load complete: 总攻军令
[SkillDrawingBase] _ready(): skill_banner_q, skill_owner=PlayerGeneric:<Area2D#2810536007974>
[SkillDrawingBase] Line2D 创建成功: skill_banner_q
[Arena] 生成角色成功: banner 在位置 (500.0, 300.0)
[PlayerBase] Bond stat modifiers applied:
  HP: 108 -> 142
  Speed: 659
  EnergyRegen: 0.8
  PickupRange: 150
  Damage: 10
[Arena] ✅ 角色切换后羁绊属性已重新应用
[Arena] ===== 角色切换结束 =====
[PlayerBase] SkillManager already exists (created by child: @Node@3730), loaded=3, skip auto create
[Arena] 玩家死亡信号已连接
[Arena] ===== 角色切换开始 =====
[Arena] 收到角色切换请求: banner
[Arena] 跳过自动保存（QEF测试模式）: character_switch
[Arena] 当前玩家: banner
[Arena] 当前玩家位置: (500.0, 300.0)
[Arena] 不清理旧玩家的技能效果（默认行为）
[Arena] 调用 player.queue_free()
[Arena] 等待一帧...
[DebugSwitcher] recording started: d:/Godot/Production/PolyLash_Project/.godot_cli/Roaming/Godot/app_userdata/PolyLash/qa_reports/input_recordings/player_ops_20260315_120612_258_banner.json
[Arena] 等待完成，开始生成新角色
[Arena] _spawn_player 开始: player_id=banner, pos=(500.0, 300.0)
[Arena] Global.selected_player_weapons = { "banner": "punch", "breachmarshal": "punch", "swarm": "punch" }
[Arena] visual_config: { "player_id": "banner", "sprite_path": "res://assets/sprites/Players/Player_18.png", "scene_path": "res://scenes/unit/players/player_generic.tscn", "scale_x": 1.0, "scale_y": 1.0, "color_r": 1.0, "color_g": 1.0, "color_b": 1.0, "color_a": 1.0, "z_index": 1.0 }
[Arena] 创建角色: banner
[PlayerFactory] 设置 player_id: banner
[PlayerFactory] 已加载脚本: res://scenes/unit/players/player_banner.gd (player_id=banner)
[PlayerFactory] 成功创建角色: banner
[Arena] 警告: player_id 不匹配，重新设置:  -> banner
[PlayerBase] player banner has no equipped item
[ItemWeapon] 尝试加载武器场景: res://scenes/weapons/melee/weapon_melee_point.tscn
[ItemWeapon] 成功加载武器场景: res://scenes/weapons/melee/weapon_melee_point.tscn
[Player] weapon added: 拳头1级 (punch_1)
[Weapon] _ready() - Sprite2D 初始化:
  - 可见性: true
  - z_index: 2
  - 缩放: (1.0, 1.0)
  - 位置: (27.0, 0.0)
  - Sprite2D 全局位置: (527.0, 300.0)
  - Weapon 全局位置: (500.0, 300.0)
[Player] weapon node added to scene
[Player] weapon position: (0.0, 0.0)
[Player] weapon global position: (500.0, 300.0)
[Player] weapon visible: true
[Player] weapon z_index: 0
[Weapon] 加载贴图: res://assets/sprites/Weapons/Melee/Weapon_Punch.png
[Weapon] Sprite2D 可见性: true
[Weapon] Sprite2D 位置: (27.0, 0.0)
[Weapon] Sprite2D 缩放: (1.0, 1.0)
[Weapon] 贴图大小: (200.0, 100.0)
[Weapon] 武器设置完成: 拳头1级 (punch_1)
  - 类型: MELEE
  - 等级: 1
  - 形状类型: point
  - 子弹模式: 未指定
  - 碰撞体: 由 MeleeBehavior 动态创建
  - 基础场景: res://scenes/weapons/melee/weapon_melee_point.tscn
[Player] weapon position after layout: (0.0, -15.0)
[Player] weapon global position after layout: (500.0, 285.0)
[PlayerBase] player banner loaded 1 weapons
[PlayerBase] death signal connected
[PlayerBase] start loading ultimate, player_id = banner
[PlayerBase] ultimate config loaded: { "ult_id": "banner_ult", "name": "总攻军令", "duration": 10.0, "energy_cost": 40.0, "bonus_bond_tag": "commander", "visual_color_hex": "#FF9933", "scale_multiplier": 1.2, "explosion_radius": 230.0, "explosion_damage_scale": 1.0, "description": "旗手发布总攻军令并推进战线", "f_role_id": "banner", "f_internal_cd": 0.98, "f_q_line_amp": 1.46, "f_q_closure_amp": 1.92, "f_special_value_1": 1.1, "f_special_value_2": 260.0, "f_special_value_3": 0.32, "f_bond_o_payload": "tag:nomad|lv2:0.12|lv3:0.24|axis:line", "f_bond_m_payload": "tag:geometrist|lv2:0.16|lv3:0.32|axis:closure", "f_bond_t_payload": "tag:commander|lv2:0.10|lv3:0.20|axis:tempo" }
[PlayerBase] ultimate script loaded: (res://scenes/skills/players/f_roles/skill_banner_f.gd):<GDScript#-9223369237022632110>
[PlayerBase] ultimate node created
[PlayerBase] ultimate load complete: 总攻军令
[SkillDrawingBase] _ready(): skill_banner_q, skill_owner=PlayerGeneric:<Area2D#2816877795622>
[SkillDrawingBase] Line2D 创建成功: skill_banner_q
[Arena] 生成角色成功: banner 在位置 (500.0, 300.0)
[PlayerBase] Bond stat modifiers applied:
  HP: 108 -> 142
  Speed: 659
  EnergyRegen: 0.8
  PickupRange: 150
  Damage: 10
[Arena] ✅ 角色切换后羁绊属性已重新应用
[Arena] ===== 角色切换结束 =====
[PlayerBase] SkillManager already exists (created by child: @Node@3740), loaded=3, skip auto create
[Arena] 玩家死亡信号已连接
[skill_banner_q] ===== 鏉╂稑鍙嗙憴鍕灊濡€崇础 ===== 鐠ч鍋? (500.0002, 299.364), line_2d閺堝鏅? true
[PlayerBase] Q released -> release_skill('q')
[skill_banner_q] ===== 退出规划模式 ===== 点数: 65, 闭合: false
[skill_banner_q] 最终闭合判定: false
[skill_banner_q] 閻㈢喐鍨氬鈧弨鎹愮熅瀵板嫭鏅ラ弸婊愮礉閸樼喎顫愰悙瑙勬殶: 65, 閸氬牆鑻熺痪鎸庮唽閺? 6
[skill_banner_q] open-path effects spawned
[ExplosionArea] 检测到 0 个重叠区域
[ExplosionArea] 共击中 0 个敌人
[ExplosionArea] 检测到 0 个重叠区域
[ExplosionArea] 共击中 0 个敌人
[ExplosionArea] 检测到 0 个重叠区域
[ExplosionArea] 共击中 0 个敌人
[ExplosionArea] 检测到 0 个重叠区域
[ExplosionArea] 共击中 0 个敌人
[HealthComponent] 血量归零，触发死亡信号
[HealthComponent] 已经死亡，忽略伤害
[PlayerBase] E pressed -> execute_skill('e')
[HealthComponent] 已经死亡，忽略伤害
[HealthComponent] 已经死亡，忽略伤害
[HealthComponent] 已经死亡，忽略伤害
[HealthComponent] 已经死亡，忽略伤害
[HealthComponent] 已经死亡，忽略伤害
[PlayerBase] F pressed, ultimate_skill = UltimateSkill:<Node#2818605849629>
[PlayerBase] try activate ultimate, energy: 100.0%
[HealthComponent] 已经死亡，忽略伤害
[HealthComponent] 已经死亡，忽略伤害
[DebugSwitcher] record saved: d:/Godot/Production/PolyLash_Project/.godot_cli/Roaming/Godot/app_userdata/PolyLash/qa_reports/input_recordings/player_ops_20260315_120612_258_banner.json
[DebugSwitcher] test mode disabled
[BackgroundManager] 地图纹理大小: (994.000000, 460.000000)
[BackgroundManager] 初始化完成 - 瓦片大小: 2000, 已生成: 25 个瓦片
[ChestManager] 初始化完成 - 生成 2 个宝箱（分散布局）
[ChestManager] 初始化完成 - 预生成 2 个宝箱位置
[ChestIndicator] indicator_show_range = 3000 (from map_config.csv)
[ExitConfirmDialog] _ready() called
[Arena] _ready() 开始
[Arena] 已添加到 arena 组
[Arena] 已启用波末战利品模式，禁用旧宝箱流程
[Arena] 暂停菜单已初始化
[Arena] 商店面板已连接
[Arena] WaveRewardSystem 已创建
[Arena] WaveRewardPanel 已添加到 GameUI
[Arena] WildcardPanel 已添加到 GameUI
[Arena] BattleFlowController 已初始化
[Arena] Spawner 波次完成信号已连接
[Arena] 准备初始化玩家...
[Arena] _init_player_from_selection 开始
[Arena] selected_player_ids: ["banner"]
[Arena] selected_player_weapons: { "banner": "punch" }
WARNING: [ConfigManager] game_config 缺少键 'enable_wave_recruit_mode'，使用默认值: 1
   at: push_warning (core/variant/variant_utility.cpp:1034)
   GDScript backtrace (most recent call first):
       [0] get_game_setting (res://autoloads/config_manager.gd:590)
       [1] is_wave_recruit_mode_enabled (res://autoloads/global.gd:298)
       [2] enter_wave_recruit_mode (res://autoloads/global.gd:303)
       [3] _init_player_from_selection (res://scenes/arena/arena_core.gd:467)
       [4] _ready (res://scenes/arena/arena_core.gd:117)
[Arena] 场景中没有默认玩家，直接生成选择的角色
[Arena] _spawn_player 开始: player_id=banner, pos=(500.0, 300.0)
[Arena] Global.selected_player_weapons = { "banner": "punch" }
[Arena] visual_config: { "player_id": "banner", "sprite_path": "res://assets/sprites/Players/Player_18.png", "scene_path": "res://scenes/unit/players/player_generic.tscn", "scale_x": 1.0, "scale_y": 1.0, "color_r": 1.0, "color_g": 1.0, "color_b": 1.0, "color_a": 1.0, "z_index": 1.0 }
[Arena] 创建角色: banner
[PlayerFactory] 设置 player_id: banner
[PlayerFactory] 已加载脚本: res://scenes/unit/players/player_banner.gd (player_id=banner)
[PlayerFactory] 成功创建角色: banner
[Arena] 警告: player_id 不匹配，重新设置:  -> banner
[PlayerBase] player banner has no equipped item
[ItemWeapon] 尝试加载武器场景: res://scenes/weapons/melee/weapon_melee_point.tscn
[ItemWeapon] 成功加载武器场景: res://scenes/weapons/melee/weapon_melee_point.tscn
[Player] weapon added: 拳头1级 (punch_1)
[Weapon] _ready() - Sprite2D 初始化:
  - 可见性: true
  - z_index: 2
  - 缩放: (1.0, 1.0)
  - 位置: (27.0, 0.0)
  - Sprite2D 全局位置: (527.0, 300.0)
  - Weapon 全局位置: (500.0, 300.0)
[Player] weapon node added to scene
[Player] weapon position: (0.0, 0.0)
[Player] weapon global position: (500.0, 300.0)
[Player] weapon visible: true
[Player] weapon z_index: 0
[Weapon] 加载贴图: res://assets/sprites/Weapons/Melee/Weapon_Punch.png
[Weapon] Sprite2D 可见性: true
[Weapon] Sprite2D 位置: (27.0, 0.0)
[Weapon] Sprite2D 缩放: (1.0, 1.0)
[Weapon] 贴图大小: (200.0, 100.0)
[Weapon] 武器设置完成: 拳头1级 (punch_1)
  - 类型: MELEE
  - 等级: 1
  - 形状类型: point
  - 子弹模式: 未指定
  - 碰撞体: 由 MeleeBehavior 动态创建
  - 基础场景: res://scenes/weapons/melee/weapon_melee_point.tscn
[Player] weapon position after layout: (0.0, -15.0)
[Player] weapon global position after layout: (500.0, 285.0)
[PlayerBase] player banner loaded 1 weapons
[PlayerBase] death signal connected
[PlayerBase] start loading ultimate, player_id = banner
[PlayerBase] ultimate config loaded: { "ult_id": "banner_ult", "name": "总攻军令", "duration": 10.0, "energy_cost": 40.0, "bonus_bond_tag": "commander", "visual_color_hex": "#FF9933", "scale_multiplier": 1.2, "explosion_radius": 230.0, "explosion_damage_scale": 1.0, "description": "旗手发布总攻军令并推进战线", "f_role_id": "banner", "f_internal_cd": 0.98, "f_q_line_amp": 1.46, "f_q_closure_amp": 1.92, "f_special_value_1": 1.1, "f_special_value_2": 260.0, "f_special_value_3": 0.32, "f_bond_o_payload": "tag:nomad|lv2:0.12|lv3:0.24|axis:line", "f_bond_m_payload": "tag:geometrist|lv2:0.16|lv3:0.32|axis:closure", "f_bond_t_payload": "tag:commander|lv2:0.10|lv3:0.20|axis:tempo" }
[PlayerBase] ultimate script loaded: (res://scenes/skills/players/f_roles/skill_banner_f.gd):<GDScript#-9223369237022632110>
[PlayerBase] ultimate node created
[PlayerBase] ultimate load complete: 总攻军令
[SkillDrawingBase] _ready(): skill_banner_q, skill_owner=PlayerGeneric:<Area2D#2860951539478>
[SkillDrawingBase] Line2D 创建成功: skill_banner_q
[Arena] 生成角色成功: banner 在位置 (500.0, 300.0)
[Arena] 玩家初始化完成
[CharacterSlot] 加载角色图标: banner -> res://assets/sprites/Players/Player_18.png
[SquadHUD] 初始化 1 个角色卡槽
[Arena] 小队 HUD 初始化完成
[Arena] ===== _init_bond_hud() 开始 =====
[Arena] ✅ 找到 GameUI 节点: /root/Arena/GameUI
[Arena] ✅ BondHUD 场景加载成功
[Arena] ✅ BondHUD 实例化成功
[Arena] ✅ BondHUD 已添加到 GameUI
[Arena] BondHUD 路径: /root/Arena/GameUI/BondHUD
[Arena] BondHUD 可见性: true
[Arena] _ready() 完成，飘字保护已解除
[PlayerBase] SkillManager already exists (created by child: @Node@4060), loaded=3, skip auto create
[Arena] ===== 角色切换开始 =====
[Arena] 收到角色切换请求: banner
[Arena] 跳过自动保存（QEF测试模式）: character_switch
[Arena] 当前玩家: banner
[Arena] 当前玩家位置: (500.0, 300.0)
[Arena] 不清理旧玩家的技能效果（默认行为）
[Arena] 调用 player.queue_free()
[Arena] 等待一帧...
[DebugSwitcher] test mode enabled: wave_time=999, key8 toggles recording
[Arena] 玩家死亡信号已连接
[Arena] 触发 BondManager 重新计算羁绊...
[Arena] 当前队伍: ["banner", "breachmarshal", "swarm"]
[Arena] ✅ 羁绊计算完成
[PlayerBase] Bond stat modifiers applied:
  HP: 108 -> 142
  Speed: 659
  EnergyRegen: 0.8
  PickupRange: 150
  Damage: 10
[Arena] ✅ 羁绊属性已应用到玩家
[Arena] ===== _init_bond_hud() 完成 =====
[Arena] 玩家死亡信号已连接
[Arena] 等待完成，开始生成新角色
[Arena] _spawn_player 开始: player_id=banner, pos=(500.0, 300.0)
[Arena] Global.selected_player_weapons = { "banner": "punch", "breachmarshal": "punch", "swarm": "punch" }
[Arena] visual_config: { "player_id": "banner", "sprite_path": "res://assets/sprites/Players/Player_18.png", "scene_path": "res://scenes/unit/players/player_generic.tscn", "scale_x": 1.0, "scale_y": 1.0, "color_r": 1.0, "color_g": 1.0, "color_b": 1.0, "color_a": 1.0, "z_index": 1.0 }
[Arena] 创建角色: banner
[PlayerFactory] 设置 player_id: banner
[PlayerFactory] 已加载脚本: res://scenes/unit/players/player_banner.gd (player_id=banner)
[PlayerFactory] 成功创建角色: banner
[Arena] 警告: player_id 不匹配，重新设置:  -> banner
[PlayerBase] player banner has no equipped item
[ItemWeapon] 尝试加载武器场景: res://scenes/weapons/melee/weapon_melee_point.tscn
[ItemWeapon] 成功加载武器场景: res://scenes/weapons/melee/weapon_melee_point.tscn
[Player] weapon added: 拳头1级 (punch_1)
[Weapon] _ready() - Sprite2D 初始化:
  - 可见性: true
  - z_index: 2
  - 缩放: (1.0, 1.0)
  - 位置: (27.0, 0.0)
  - Sprite2D 全局位置: (527.0, 300.0)
  - Weapon 全局位置: (500.0, 300.0)
[Player] weapon node added to scene
[Player] weapon position: (0.0, 0.0)
[Player] weapon global position: (500.0, 300.0)
[Player] weapon visible: true
[Player] weapon z_index: 0
[Weapon] 加载贴图: res://assets/sprites/Weapons/Melee/Weapon_Punch.png
[Weapon] Sprite2D 可见性: true
[Weapon] Sprite2D 位置: (27.0, 0.0)
[Weapon] Sprite2D 缩放: (1.0, 1.0)
[Weapon] 贴图大小: (200.0, 100.0)
[Weapon] 武器设置完成: 拳头1级 (punch_1)
  - 类型: MELEE
  - 等级: 1
  - 形状类型: point
  - 子弹模式: 未指定
  - 碰撞体: 由 MeleeBehavior 动态创建
  - 基础场景: res://scenes/weapons/melee/weapon_melee_point.tscn
[Player] weapon position after layout: (0.0, -15.0)
[Player] weapon global position after layout: (500.0, 285.0)
[PlayerBase] player banner loaded 1 weapons
[PlayerBase] death signal connected
[PlayerBase] start loading ultimate, player_id = banner
[PlayerBase] ultimate config loaded: { "ult_id": "banner_ult", "name": "总攻军令", "duration": 10.0, "energy_cost": 40.0, "bonus_bond_tag": "commander", "visual_color_hex": "#FF9933", "scale_multiplier": 1.2, "explosion_radius": 230.0, "explosion_damage_scale": 1.0, "description": "旗手发布总攻军令并推进战线", "f_role_id": "banner", "f_internal_cd": 0.98, "f_q_line_amp": 1.46, "f_q_closure_amp": 1.92, "f_special_value_1": 1.1, "f_special_value_2": 260.0, "f_special_value_3": 0.32, "f_bond_o_payload": "tag:nomad|lv2:0.12|lv3:0.24|axis:line", "f_bond_m_payload": "tag:geometrist|lv2:0.16|lv3:0.32|axis:closure", "f_bond_t_payload": "tag:commander|lv2:0.10|lv3:0.20|axis:tempo" }
[PlayerBase] ultimate script loaded: (res://scenes/skills/players/f_roles/skill_banner_f.gd):<GDScript#-9223369237022632110>
[PlayerBase] ultimate node created
[PlayerBase] ultimate load complete: 总攻军令
[SkillDrawingBase] _ready(): skill_banner_q, skill_owner=PlayerGeneric:<Area2D#2869893795606>
[SkillDrawingBase] Line2D 创建成功: skill_banner_q
[Arena] 生成角色成功: banner 在位置 (500.0, 300.0)
[PlayerBase] Bond stat modifiers applied:
  HP: 108 -> 142
  Speed: 659
  EnergyRegen: 0.8
  PickupRange: 150
  Damage: 10
[Arena] ✅ 角色切换后羁绊属性已重新应用
[Arena] ===== 角色切换结束 =====
[PlayerBase] SkillManager already exists (created by child: @Node@4071), loaded=3, skip auto create
[Arena] 玩家死亡信号已连接
[DebugSwitcher] replay started: d:/Godot/Production/PolyLash_Project/.godot_cli/Roaming/Godot/app_userdata/PolyLash/qa_reports/input_recordings/player_ops_20260315_120612_258_banner.json
[Arena] ===== 角色切换开始 =====
[Arena] 收到角色切换请求: banner
[Arena] 跳过自动保存（QEF测试模式）: character_switch
[Arena] 当前玩家: banner
[Arena] 当前玩家位置: (500.0, 300.0)
[Arena] 不清理旧玩家的技能效果（默认行为）
[Arena] 调用 player.queue_free()
[Arena] 等待一帧...
[Arena] 等待完成，开始生成新角色
[Arena] _spawn_player 开始: player_id=banner, pos=(500.0, 300.0)
[Arena] Global.selected_player_weapons = { "banner": "punch", "breachmarshal": "punch", "swarm": "punch" }
[Arena] visual_config: { "player_id": "banner", "sprite_path": "res://assets/sprites/Players/Player_18.png", "scene_path": "res://scenes/unit/players/player_generic.tscn", "scale_x": 1.0, "scale_y": 1.0, "color_r": 1.0, "color_g": 1.0, "color_b": 1.0, "color_a": 1.0, "z_index": 1.0 }
[Arena] 创建角色: banner
[PlayerFactory] 设置 player_id: banner
[PlayerFactory] 已加载脚本: res://scenes/unit/players/player_banner.gd (player_id=banner)
[PlayerFactory] 成功创建角色: banner
[Arena] 警告: player_id 不匹配，重新设置:  -> banner
[PlayerBase] player banner has no equipped item
[ItemWeapon] 尝试加载武器场景: res://scenes/weapons/melee/weapon_melee_point.tscn
[ItemWeapon] 成功加载武器场景: res://scenes/weapons/melee/weapon_melee_point.tscn
[Player] weapon added: 拳头1级 (punch_1)
[Weapon] _ready() - Sprite2D 初始化:
  - 可见性: true
  - z_index: 2
  - 缩放: (1.0, 1.0)
  - 位置: (27.0, 0.0)
  - Sprite2D 全局位置: (527.0, 300.0)
  - Weapon 全局位置: (500.0, 300.0)
[Player] weapon node added to scene
[Player] weapon position: (0.0, 0.0)
[Player] weapon global position: (500.0, 300.0)
[Player] weapon visible: true
[Player] weapon z_index: 0
[Weapon] 加载贴图: res://assets/sprites/Weapons/Melee/Weapon_Punch.png
[Weapon] Sprite2D 可见性: true
[Weapon] Sprite2D 位置: (27.0, 0.0)
[Weapon] Sprite2D 缩放: (1.0, 1.0)
[Weapon] 贴图大小: (200.0, 100.0)
[Weapon] 武器设置完成: 拳头1级 (punch_1)
  - 类型: MELEE
  - 等级: 1
  - 形状类型: point
  - 子弹模式: 未指定
  - 碰撞体: 由 MeleeBehavior 动态创建
  - 基础场景: res://scenes/weapons/melee/weapon_melee_point.tscn
[Player] weapon position after layout: (0.0, -15.0)
[Player] weapon global position after layout: (500.0, 285.0)
[PlayerBase] player banner loaded 1 weapons
[PlayerBase] death signal connected
[PlayerBase] start loading ultimate, player_id = banner
[PlayerBase] ultimate config loaded: { "ult_id": "banner_ult", "name": "总攻军令", "duration": 10.0, "energy_cost": 40.0, "bonus_bond_tag": "commander", "visual_color_hex": "#FF9933", "scale_multiplier": 1.2, "explosion_radius": 230.0, "explosion_damage_scale": 1.0, "description": "旗手发布总攻军令并推进战线", "f_role_id": "banner", "f_internal_cd": 0.98, "f_q_line_amp": 1.46, "f_q_closure_amp": 1.92, "f_special_value_1": 1.1, "f_special_value_2": 260.0, "f_special_value_3": 0.32, "f_bond_o_payload": "tag:nomad|lv2:0.12|lv3:0.24|axis:line", "f_bond_m_payload": "tag:geometrist|lv2:0.16|lv3:0.32|axis:closure", "f_bond_t_payload": "tag:commander|lv2:0.10|lv3:0.20|axis:tempo" }
[PlayerBase] ultimate script loaded: (res://scenes/skills/players/f_roles/skill_banner_f.gd):<GDScript#-9223369237022632110>
[PlayerBase] ultimate node created
[PlayerBase] ultimate load complete: 总攻军令
[SkillDrawingBase] _ready(): skill_banner_q, skill_owner=PlayerGeneric:<Area2D#2882040499946>
[SkillDrawingBase] Line2D 创建成功: skill_banner_q
[Arena] 生成角色成功: banner 在位置 (500.0, 300.0)
[PlayerBase] Bond stat modifiers applied:
  HP: 108 -> 142
  Speed: 807
  EnergyRegen: 0.8
  PickupRange: 150
  Damage: 10
[Arena] ✅ 角色切换后羁绊属性已重新应用
[Arena] ===== 角色切换结束 =====
[PlayerBase] SkillManager already exists (created by child: @Node@4081), loaded=3, skip auto create
[Arena] 玩家死亡信号已连接
[skill_banner_q] ===== 鏉╂稑鍙嗙憴鍕灊濡€崇础 ===== 鐠ч鍋? (500.0002, 299.364), line_2d閺堝鏅? true
[PlayerBase] Q released -> release_skill('q')
[skill_banner_q] ===== 退出规划模式 ===== 点数: 73, 闭合: true
[skill_banner_q] 最终闭合判定: true
[PolygonUtils] 交叉点数量: 3
[PolygonUtils] 排序后: ["[0,4]", "[1,6]", "[2,6]"]
[PolygonUtils] 多交叉点(3个)
[PolygonUtils] 提取完成，共 0 个区域
[PlayerBase] E pressed -> execute_skill('e')
[HealthComponent] 血量归零，触发死亡信号
[PlayerBase] F pressed, ultimate_skill = UltimateSkill:<Node#2883768553505>
[PlayerBase] try activate ultimate, energy: 100.0%
[DebugSwitcher] replay finished
[DebugSwitcher] test mode disabled
[BackgroundManager] 地图纹理大小: (994.000000, 460.000000)
[BackgroundManager] 初始化完成 - 瓦片大小: 2000, 已生成: 25 个瓦片
[ChestManager] 初始化完成 - 生成 2 个宝箱（分散布局）
[ChestManager] 初始化完成 - 预生成 2 个宝箱位置
[ChestIndicator] indicator_show_range = 3000 (from map_config.csv)
[ExitConfirmDialog] _ready() called
[Arena] _ready() 开始
[Arena] 已添加到 arena 组
[Arena] 已启用波末战利品模式，禁用旧宝箱流程
[Arena] 暂停菜单已初始化
[Arena] 商店面板已连接
[Arena] WaveRewardSystem 已创建
[Arena] WaveRewardPanel 已添加到 GameUI
[Arena] WildcardPanel 已添加到 GameUI
[Arena] BattleFlowController 已初始化
[Arena] Spawner 波次完成信号已连接
[Arena] 准备初始化玩家...
[Arena] _init_player_from_selection 开始
[Arena] selected_player_ids: ["pyro"]
[Arena] selected_player_weapons: { "pyro": "laser" }
WARNING: [ConfigManager] game_config 缺少键 'enable_wave_recruit_mode'，使用默认值: 1
   at: push_warning (core/variant/variant_utility.cpp:1034)
   GDScript backtrace (most recent call first):
       [0] get_game_setting (res://autoloads/config_manager.gd:590)
       [1] is_wave_recruit_mode_enabled (res://autoloads/global.gd:298)
       [2] enter_wave_recruit_mode (res://autoloads/global.gd:303)
       [3] _init_player_from_selection (res://scenes/arena/arena_core.gd:467)
       [4] _ready (res://scenes/arena/arena_core.gd:117)
[Arena] 场景中没有默认玩家，直接生成选择的角色
[Arena] _spawn_player 开始: player_id=pyro, pos=(500.0, 300.0)
[Arena] Global.selected_player_weapons = { "pyro": "laser" }
[Arena] visual_config: { "player_id": "pyro", "sprite_path": "res://assets/sprites/Players/Player_10.png", "scene_path": "res://scenes/unit/players/player_generic.tscn", "scale_x": 1.0, "scale_y": 1.0, "color_r": 1.0, "color_g": 1.0, "color_b": 1.0, "color_a": 1.0, "z_index": 1.0 }
[Arena] 创建角色: pyro
[PlayerFactory] 设置 player_id: pyro
[PlayerFactory] 已加载脚本: res://scenes/unit/players/player_pyro.gd (player_id=pyro)
[PlayerFactory] 成功创建角色: pyro
[Arena] 警告: player_id 不匹配，重新设置:  -> pyro
[PlayerBase] player pyro has no equipped item
[ItemWeapon] 尝试加载武器场景: res://scenes/weapons/range/weapon_range_beam.tscn
[ItemWeapon] 成功加载武器场景: res://scenes/weapons/range/weapon_range_beam.tscn
[Player] weapon added: 激光1级 (laser_1)
[Weapon] _ready() - Sprite2D 初始化:
  - 可见性: true
  - z_index: 2
  - 缩放: (1.0, 1.0)
  - 位置: (27.0, 0.0)
  - Sprite2D 全局位置: (527.0, 300.0)
  - Weapon 全局位置: (500.0, 300.0)
[Player] weapon node added to scene
[Player] weapon position: (0.0, 0.0)
[Player] weapon global position: (500.0, 300.0)
[Player] weapon visible: true
[Player] weapon z_index: 0
[Weapon] 加载贴图: res://assets/sprites/Weapons/Range/WeaponLaser.png
[Weapon] Sprite2D 可见性: true
[Weapon] Sprite2D 位置: (27.0, 0.0)
[Weapon] Sprite2D 缩放: (1.0, 1.0)
[Weapon] 贴图大小: (200.0, 100.0)
[Weapon] 动态创建枪口节点，偏移: (24.0, 0.0)
[Weapon] 武器设置完成: 激光1级 (laser_1)
  - 类型: RANGE
  - 等级: 1
  - 形状类型: straight
  - 子弹模式: single
  - 碰撞体位置/缩放: (0.0, 0.0) / (1.0, 1.0)
  - 基础场景: res://scenes/weapons/range/weapon_range_beam.tscn
[Player] weapon position after layout: (0.0, -15.0)
[Player] weapon global position after layout: (500.0, 285.0)
[PlayerBase] player pyro loaded 1 weapons
[PlayerBase] death signal connected
[PlayerBase] start loading ultimate, player_id = pyro
[PlayerBase] ultimate config loaded: { "ult_id": "pyro_ult", "name": "炼狱化身", "duration": 10.0, "energy_cost": 40.0, "bonus_bond_tag": "vanguard", "visual_color_hex": "#3366FF", "scale_multiplier": 1.2, "explosion_radius": 300.0, "explosion_damage_scale": 1.1, "description": "焰术师进入过热炉心并放大闭合爆燃", "f_role_id": "pyro", "f_internal_cd": 0.85, "f_q_line_amp": 1.6, "f_q_closure_amp": 2.1, "f_special_value_1": 1.3, "f_special_value_2": 240.0, "f_special_value_3": 0.22, "f_bond_o_payload": "tag:inkborn|lv2:0.12|lv3:0.24|axis:line", "f_bond_m_payload": "tag:blaster|lv2:0.16|lv3:0.32|axis:closure", "f_bond_t_payload": "tag:vanguard|lv2:0.10|lv3:0.20|axis:tempo" }
[PlayerBase] ultimate script loaded: (res://scenes/skills/players/f_roles/skill_pyro_f.gd):<GDScript#-9223371721912874193>
[PlayerBase] ultimate node created
[PlayerBase] ultimate load complete: 炼狱化身
[SkillDrawingBase] _ready(): skill_pyro_q, skill_owner=PlayerGeneric:<Area2D#3300548151889>
[SkillDrawingBase] Line2D 创建成功: skill_pyro_q
[Arena] 生成角色成功: pyro 在位置 (500.0, 300.0)
[Arena] 玩家初始化完成
[CharacterSlot] 加载角色图标: pyro -> res://assets/sprites/Players/Player_10.png
[SquadHUD] 初始化 1 个角色卡槽
[Arena] 小队 HUD 初始化完成
[Arena] ===== _init_bond_hud() 开始 =====
[Arena] ✅ 找到 GameUI 节点: /root/Arena/GameUI
[Arena] ✅ BondHUD 场景加载成功
[Arena] ✅ BondHUD 实例化成功
[Arena] ✅ BondHUD 已添加到 GameUI
[Arena] BondHUD 路径: /root/Arena/GameUI/BondHUD
[Arena] BondHUD 可见性: true
[Arena] _ready() 完成，飘字保护已解除
[PlayerBase] SkillManager already exists (created by child: @Node@4141), loaded=3, skip auto create
[Arena] ===== 角色切换开始 =====
[Arena] 收到角色切换请求: pyro
[Arena] 跳过自动保存（QEF测试模式）: character_switch
[Arena] 当前玩家: pyro
[Arena] 当前玩家位置: (500.0, 300.0)
[Arena] 不清理旧玩家的技能效果（默认行为）
[Arena] 调用 player.queue_free()
[Arena] 等待一帧...
[DebugSwitcher] test mode enabled: wave_time=999, key8 toggles recording
[Arena] 玩家死亡信号已连接
[Arena] 触发 BondManager 重新计算羁绊...
[Arena] 当前队伍: ["butcher", "pyro", "weaver"]
[Arena] ✅ 羁绊计算完成
[PlayerBase] Bond stat modifiers applied:
  HP: 98 -> 98
  Speed: 500
  EnergyRegen: 1.6
  PickupRange: 150
  Damage: 10
[Arena] ✅ 羁绊属性已应用到玩家
[Arena] ===== _init_bond_hud() 完成 =====
[Arena] 玩家死亡信号已连接
[Arena] 等待完成，开始生成新角色
[Arena] _spawn_player 开始: player_id=pyro, pos=(500.0, 300.0)
[Arena] Global.selected_player_weapons = { "butcher": "punch", "pyro": "laser", "weaver": "laser" }
[Arena] visual_config: { "player_id": "pyro", "sprite_path": "res://assets/sprites/Players/Player_10.png", "scene_path": "res://scenes/unit/players/player_generic.tscn", "scale_x": 1.0, "scale_y": 1.0, "color_r": 1.0, "color_g": 1.0, "color_b": 1.0, "color_a": 1.0, "z_index": 1.0 }
[Arena] 创建角色: pyro
[PlayerFactory] 设置 player_id: pyro
[PlayerFactory] 已加载脚本: res://scenes/unit/players/player_pyro.gd (player_id=pyro)
[PlayerFactory] 成功创建角色: pyro
[Arena] 警告: player_id 不匹配，重新设置:  -> pyro
[PlayerBase] player pyro has no equipped item
[ItemWeapon] 尝试加载武器场景: res://scenes/weapons/range/weapon_range_beam.tscn
[ItemWeapon] 成功加载武器场景: res://scenes/weapons/range/weapon_range_beam.tscn
[Player] weapon added: 激光1级 (laser_1)
[Weapon] _ready() - Sprite2D 初始化:
  - 可见性: true
  - z_index: 2
  - 缩放: (1.0, 1.0)
  - 位置: (27.0, 0.0)
  - Sprite2D 全局位置: (527.0, 300.0)
  - Weapon 全局位置: (500.0, 300.0)
[Player] weapon node added to scene
[Player] weapon position: (0.0, 0.0)
[Player] weapon global position: (500.0, 300.0)
[Player] weapon visible: true
[Player] weapon z_index: 0
[Weapon] 加载贴图: res://assets/sprites/Weapons/Range/WeaponLaser.png
[Weapon] Sprite2D 可见性: true
[Weapon] Sprite2D 位置: (27.0, 0.0)
[Weapon] Sprite2D 缩放: (1.0, 1.0)
[Weapon] 贴图大小: (200.0, 100.0)
[Weapon] 动态创建枪口节点，偏移: (24.0, 0.0)
[Weapon] 武器设置完成: 激光1级 (laser_1)
  - 类型: RANGE
  - 等级: 1
  - 形状类型: straight
  - 子弹模式: single
  - 碰撞体位置/缩放: (0.0, 0.0) / (1.0, 1.0)
  - 基础场景: res://scenes/weapons/range/weapon_range_beam.tscn
[Player] weapon position after layout: (0.0, -15.0)
[Player] weapon global position after layout: (500.0, 285.0)
[PlayerBase] player pyro loaded 1 weapons
[PlayerBase] death signal connected
[PlayerBase] start loading ultimate, player_id = pyro
[PlayerBase] ultimate config loaded: { "ult_id": "pyro_ult", "name": "炼狱化身", "duration": 10.0, "energy_cost": 40.0, "bonus_bond_tag": "vanguard", "visual_color_hex": "#3366FF", "scale_multiplier": 1.2, "explosion_radius": 300.0, "explosion_damage_scale": 1.1, "description": "焰术师进入过热炉心并放大闭合爆燃", "f_role_id": "pyro", "f_internal_cd": 0.85, "f_q_line_amp": 1.6, "f_q_closure_amp": 2.1, "f_special_value_1": 1.3, "f_special_value_2": 240.0, "f_special_value_3": 0.22, "f_bond_o_payload": "tag:inkborn|lv2:0.12|lv3:0.24|axis:line", "f_bond_m_payload": "tag:blaster|lv2:0.16|lv3:0.32|axis:closure", "f_bond_t_payload": "tag:vanguard|lv2:0.10|lv3:0.20|axis:tempo" }
[PlayerBase] ultimate script loaded: (res://scenes/skills/players/f_roles/skill_pyro_f.gd):<GDScript#-9223371721912874193>
[PlayerBase] ultimate node created
[PlayerBase] ultimate load complete: 炼狱化身
[SkillDrawingBase] _ready(): skill_pyro_q, skill_owner=PlayerGeneric:<Area2D#3310916473838>
[SkillDrawingBase] Line2D 创建成功: skill_pyro_q
[Arena] 生成角色成功: pyro 在位置 (500.0, 300.0)
[PlayerBase] Bond stat modifiers applied:
  HP: 98 -> 98
  Speed: 500
  EnergyRegen: 1.6
  PickupRange: 150
  Damage: 10
[Arena] ✅ 角色切换后羁绊属性已重新应用
[Arena] ===== 角色切换结束 =====
[PlayerBase] SkillManager already exists (created by child: @Node@4162), loaded=3, skip auto create
[Arena] 玩家死亡信号已连接
[Arena] ===== 角色切换开始 =====
[Arena] 收到角色切换请求: pyro
[Arena] 跳过自动保存（QEF测试模式）: character_switch
[Arena] 当前玩家: pyro
[Arena] 当前玩家位置: (500.0, 300.0)
[Arena] 不清理旧玩家的技能效果（默认行为）
[Arena] 调用 player.queue_free()
[Arena] 等待一帧...
[DebugSwitcher] recording started: d:/Godot/Production/PolyLash_Project/.godot_cli/Roaming/Godot/app_userdata/PolyLash/qa_reports/input_recordings/player_ops_20260315_120619_674_pyro.json
[Arena] 等待完成，开始生成新角色
[Arena] _spawn_player 开始: player_id=pyro, pos=(500.0, 300.0)
[Arena] Global.selected_player_weapons = { "butcher": "punch", "pyro": "laser", "weaver": "laser" }
[Arena] visual_config: { "player_id": "pyro", "sprite_path": "res://assets/sprites/Players/Player_10.png", "scene_path": "res://scenes/unit/players/player_generic.tscn", "scale_x": 1.0, "scale_y": 1.0, "color_r": 1.0, "color_g": 1.0, "color_b": 1.0, "color_a": 1.0, "z_index": 1.0 }
[Arena] 创建角色: pyro
[PlayerFactory] 设置 player_id: pyro
[PlayerFactory] 已加载脚本: res://scenes/unit/players/player_pyro.gd (player_id=pyro)
[PlayerFactory] 成功创建角色: pyro
[Arena] 警告: player_id 不匹配，重新设置:  -> pyro
[PlayerBase] player pyro has no equipped item
[ItemWeapon] 尝试加载武器场景: res://scenes/weapons/range/weapon_range_beam.tscn
[ItemWeapon] 成功加载武器场景: res://scenes/weapons/range/weapon_range_beam.tscn
[Player] weapon added: 激光1级 (laser_1)
[Weapon] _ready() - Sprite2D 初始化:
  - 可见性: true
  - z_index: 2
  - 缩放: (1.0, 1.0)
  - 位置: (27.0, 0.0)
  - Sprite2D 全局位置: (527.0, 300.0)
  - Weapon 全局位置: (500.0, 300.0)
[Player] weapon node added to scene
[Player] weapon position: (0.0, 0.0)
[Player] weapon global position: (500.0, 300.0)
[Player] weapon visible: true
[Player] weapon z_index: 0
[Weapon] 加载贴图: res://assets/sprites/Weapons/Range/WeaponLaser.png
[Weapon] Sprite2D 可见性: true
[Weapon] Sprite2D 位置: (27.0, 0.0)
[Weapon] Sprite2D 缩放: (1.0, 1.0)
[Weapon] 贴图大小: (200.0, 100.0)
[Weapon] 动态创建枪口节点，偏移: (24.0, 0.0)
[Weapon] 武器设置完成: 激光1级 (laser_1)
  - 类型: RANGE
  - 等级: 1
  - 形状类型: straight
  - 子弹模式: single
  - 碰撞体位置/缩放: (0.0, 0.0) / (1.0, 1.0)
  - 基础场景: res://scenes/weapons/range/weapon_range_beam.tscn
[Player] weapon position after layout: (0.0, -15.0)
[Player] weapon global position after layout: (500.0, 285.0)
[PlayerBase] player pyro loaded 1 weapons
[PlayerBase] death signal connected
[PlayerBase] start loading ultimate, player_id = pyro
[PlayerBase] ultimate config loaded: { "ult_id": "pyro_ult", "name": "炼狱化身", "duration": 10.0, "energy_cost": 40.0, "bonus_bond_tag": "vanguard", "visual_color_hex": "#3366FF", "scale_multiplier": 1.2, "explosion_radius": 300.0, "explosion_damage_scale": 1.1, "description": "焰术师进入过热炉心并放大闭合爆燃", "f_role_id": "pyro", "f_internal_cd": 0.85, "f_q_line_amp": 1.6, "f_q_closure_amp": 2.1, "f_special_value_1": 1.3, "f_special_value_2": 240.0, "f_special_value_3": 0.22, "f_bond_o_payload": "tag:inkborn|lv2:0.12|lv3:0.24|axis:line", "f_bond_m_payload": "tag:blaster|lv2:0.16|lv3:0.32|axis:closure", "f_bond_t_payload": "tag:vanguard|lv2:0.10|lv3:0.20|axis:tempo" }
[PlayerBase] ultimate script loaded: (res://scenes/skills/players/f_roles/skill_pyro_f.gd):<GDScript#-9223371721912874193>
[PlayerBase] ultimate node created
[PlayerBase] ultimate load complete: 炼狱化身
[SkillDrawingBase] _ready(): skill_pyro_q, skill_owner=PlayerGeneric:<Area2D#3317342147566>
[SkillDrawingBase] Line2D 创建成功: skill_pyro_q
[Arena] 生成角色成功: pyro 在位置 (500.0, 300.0)
[PlayerBase] Bond stat modifiers applied:
  HP: 98 -> 98
  Speed: 500
  EnergyRegen: 1.6
  PickupRange: 150
  Damage: 10
[Arena] ✅ 角色切换后羁绊属性已重新应用
[Arena] ===== 角色切换结束 =====
[PlayerBase] SkillManager already exists (created by child: @Node@4172), loaded=3, skip auto create
[Arena] 玩家死亡信号已连接
[RangeBehavior] ========== 开始远程攻击 ==========
[RangeBehavior] 武器名称: 激光1级
[RangeBehavior] 武器位置: (500.0, 285.0)
[RangeBehavior] 武器旋转: -50.1033580906271度
[RangeBehavior] Muzzle 位置: (538.4843, 238.9678)
[RangeBehavior] 生成子弹:
  - 子弹场景: res://scenes/projectiles/projectile_laser.tscn
  - 生成位置: (538.4843, 238.9678)
  - 角度偏移: 0.0度
  - 速度: (1282.809, -1534.406)
  - 伤害: 17.0
[Projectile] 子弹初始化:
  - 位置: (538.4843, 238.9678)
  - 速度: (1282.809, -1534.406)
  - 伤害: 11.0
  - 暴击: true
  - 击退: 0.5
  - 发射者: PlayerGeneric
  - Hitbox 碰撞层: 4
  - Hitbox 碰撞掩码: 8
[RangeBehavior] 发射 single x1
[skill_pyro_q] ===== 鏉╂稑鍙嗙憴鍕灊濡€崇础 ===== 鐠ч鍋? (500.0002, 299.364), line_2d閺堝鏅? true
[Projectile] ========== 子弹命中！==========
[Projectile] 子弹位置: (573.6685, 196.8842)
[Projectile] 目标: CLIEnemy_(90_0, -120_0)
[Projectile] 目标位置: (582.5812, 188.669)
[Projectile] 子弹销毁
[RangeBehavior] 攻击结束
[PlayerBase] Q released -> release_skill('q')
[skill_pyro_q] ===== 退出规划模式 ===== 点数: 65, 闭合: false
[skill_pyro_q] 最终闭合判定: false
[skill_pyro_q] 閻㈢喐鍨氬鈧弨鎹愮熅瀵板嫭鏅ラ弸婊愮礉閸樼喎顫愰悙瑙勬殶: 65, 閸氬牆鑻熺痪鎸庮唽閺? 7
[skill_pyro_q] open-path effects spawned
[PlayerBase] E pressed -> execute_skill('e')
[HealthComponent] 血量归零，触发死亡信号
[ExplosionArea] 检测到 0 个重叠区域
[ExplosionArea] 共击中 0 个敌人
[RangeBehavior] ========== 开始远程攻击 ==========
[RangeBehavior] 武器名称: 激光1级
[RangeBehavior] 武器位置: (775.9537, 332.4293)
[RangeBehavior] 武器旋转: -163.719443159909度
[RangeBehavior] Muzzle 位置: (718.3597, 315.6088)
[RangeBehavior] 生成子弹:
  - 子弹场景: res://scenes/projectiles/projectile_laser.tscn
  - 生成位置: (718.3597, 315.6088)
  - 角度偏移: 0.0度
  - 速度: (-1919.801, -560.682)
  - 伤害: 11.0
[Projectile] 子弹初始化:
  - 位置: (718.3597, 315.6088)
  - 速度: (-1919.801, -560.682)
  - 伤害: 11.0
  - 暴击: false
  - 击退: 0.5
  - 发射者: PlayerGeneric
  - Hitbox 碰撞层: 4
  - Hitbox 碰撞掩码: 8
[RangeBehavior] 发射 single x1
[Projectile] ========== 子弹命中！==========
[Projectile] 子弹位置: (603.8695, 282.1718)
[Projectile] 目标: CLIEnemy_(180_0, 0_0)
[Projectile] 目标位置: (644.9674, 296.1267)
[Projectile] 子弹销毁
[Projectile] ========== 子弹命中！==========
[Projectile] 子弹位置: (603.8695, 282.1718)
[Projectile] 目标: CLIEnemy_(120_0, 90_0)
[Projectile] 目标位置: (618.3077, 318.0717)
[Projectile] 子弹销毁
[PlayerBase] F pressed, ultimate_skill = UltimateSkill:<Node#3319137309610>
[PlayerBase] try activate ultimate, energy: 100.0%
[RangeBehavior] 攻击结束
[DebugSwitcher] record saved: d:/Godot/Production/PolyLash_Project/.godot_cli/Roaming/Godot/app_userdata/PolyLash/qa_reports/input_recordings/player_ops_20260315_120619_674_pyro.json
[DebugSwitcher] test mode disabled
[BackgroundManager] 地图纹理大小: (994.000000, 460.000000)
[BackgroundManager] 初始化完成 - 瓦片大小: 2000, 已生成: 25 个瓦片
[ChestManager] 初始化完成 - 生成 2 个宝箱（分散布局）
[ChestManager] 初始化完成 - 预生成 2 个宝箱位置
[ChestIndicator] indicator_show_range = 3000 (from map_config.csv)
[ExitConfirmDialog] _ready() called
[Arena] _ready() 开始
[Arena] 已添加到 arena 组
[Arena] 已启用波末战利品模式，禁用旧宝箱流程
[Arena] 暂停菜单已初始化
[Arena] 商店面板已连接
[Arena] WaveRewardSystem 已创建
[Arena] WaveRewardPanel 已添加到 GameUI
[Arena] WildcardPanel 已添加到 GameUI
[Arena] BattleFlowController 已初始化
[Arena] Spawner 波次完成信号已连接
[Arena] 准备初始化玩家...
[Arena] _init_player_from_selection 开始
[Arena] selected_player_ids: ["pyro"]
[Arena] selected_player_weapons: { "pyro": "laser" }
WARNING: [ConfigManager] game_config 缺少键 'enable_wave_recruit_mode'，使用默认值: 1
   at: push_warning (core/variant/variant_utility.cpp:1034)
   GDScript backtrace (most recent call first):
       [0] get_game_setting (res://autoloads/config_manager.gd:590)
       [1] is_wave_recruit_mode_enabled (res://autoloads/global.gd:298)
       [2] enter_wave_recruit_mode (res://autoloads/global.gd:303)
       [3] _init_player_from_selection (res://scenes/arena/arena_core.gd:467)
       [4] _ready (res://scenes/arena/arena_core.gd:117)
[Arena] 场景中没有默认玩家，直接生成选择的角色
[Arena] _spawn_player 开始: player_id=pyro, pos=(500.0, 300.0)
[Arena] Global.selected_player_weapons = { "pyro": "laser" }
[Arena] visual_config: { "player_id": "pyro", "sprite_path": "res://assets/sprites/Players/Player_10.png", "scene_path": "res://scenes/unit/players/player_generic.tscn", "scale_x": 1.0, "scale_y": 1.0, "color_r": 1.0, "color_g": 1.0, "color_b": 1.0, "color_a": 1.0, "z_index": 1.0 }
[Arena] 创建角色: pyro
[PlayerFactory] 设置 player_id: pyro
[PlayerFactory] 已加载脚本: res://scenes/unit/players/player_pyro.gd (player_id=pyro)
[PlayerFactory] 成功创建角色: pyro
[Arena] 警告: player_id 不匹配，重新设置:  -> pyro
[PlayerBase] player pyro has no equipped item
[ItemWeapon] 尝试加载武器场景: res://scenes/weapons/range/weapon_range_beam.tscn
[ItemWeapon] 成功加载武器场景: res://scenes/weapons/range/weapon_range_beam.tscn
[Player] weapon added: 激光1级 (laser_1)
[Weapon] _ready() - Sprite2D 初始化:
  - 可见性: true
  - z_index: 2
  - 缩放: (1.0, 1.0)
  - 位置: (27.0, 0.0)
  - Sprite2D 全局位置: (527.0, 300.0)
  - Weapon 全局位置: (500.0, 300.0)
[Player] weapon node added to scene
[Player] weapon position: (0.0, 0.0)
[Player] weapon global position: (500.0, 300.0)
[Player] weapon visible: true
[Player] weapon z_index: 0
[Weapon] 加载贴图: res://assets/sprites/Weapons/Range/WeaponLaser.png
[Weapon] Sprite2D 可见性: true
[Weapon] Sprite2D 位置: (27.0, 0.0)
[Weapon] Sprite2D 缩放: (1.0, 1.0)
[Weapon] 贴图大小: (200.0, 100.0)
[Weapon] 动态创建枪口节点，偏移: (24.0, 0.0)
[Weapon] 武器设置完成: 激光1级 (laser_1)
  - 类型: RANGE
  - 等级: 1
  - 形状类型: straight
  - 子弹模式: single
  - 碰撞体位置/缩放: (0.0, 0.0) / (1.0, 1.0)
  - 基础场景: res://scenes/weapons/range/weapon_range_beam.tscn
[Player] weapon position after layout: (0.0, -15.0)
[Player] weapon global position after layout: (500.0, 285.0)
[PlayerBase] player pyro loaded 1 weapons
[PlayerBase] death signal connected
[PlayerBase] start loading ultimate, player_id = pyro
[PlayerBase] ultimate config loaded: { "ult_id": "pyro_ult", "name": "炼狱化身", "duration": 10.0, "energy_cost": 40.0, "bonus_bond_tag": "vanguard", "visual_color_hex": "#3366FF", "scale_multiplier": 1.2, "explosion_radius": 300.0, "explosion_damage_scale": 1.1, "description": "焰术师进入过热炉心并放大闭合爆燃", "f_role_id": "pyro", "f_internal_cd": 0.85, "f_q_line_amp": 1.6, "f_q_closure_amp": 2.1, "f_special_value_1": 1.3, "f_special_value_2": 240.0, "f_special_value_3": 0.22, "f_bond_o_payload": "tag:inkborn|lv2:0.12|lv3:0.24|axis:line", "f_bond_m_payload": "tag:blaster|lv2:0.16|lv3:0.32|axis:closure", "f_bond_t_payload": "tag:vanguard|lv2:0.10|lv3:0.20|axis:tempo" }
[PlayerBase] ultimate script loaded: (res://scenes/skills/players/f_roles/skill_pyro_f.gd):<GDScript#-9223371721912874193>
[PlayerBase] ultimate node created
[PlayerBase] ultimate load complete: 炼狱化身
[SkillDrawingBase] _ready(): skill_pyro_q, skill_owner=PlayerGeneric:<Area2D#3340981243699>
[SkillDrawingBase] Line2D 创建成功: skill_pyro_q
[Arena] 生成角色成功: pyro 在位置 (500.0, 300.0)
[Arena] 玩家初始化完成
[CharacterSlot] 加载角色图标: pyro -> res://assets/sprites/Players/Player_10.png
[SquadHUD] 初始化 1 个角色卡槽
[Arena] 小队 HUD 初始化完成
[Arena] ===== _init_bond_hud() 开始 =====
[Arena] ✅ 找到 GameUI 节点: /root/Arena/GameUI
[Arena] ✅ BondHUD 场景加载成功
[Arena] ✅ BondHUD 实例化成功
[Arena] ✅ BondHUD 已添加到 GameUI
[Arena] BondHUD 路径: /root/Arena/GameUI/BondHUD
[Arena] BondHUD 可见性: true
[Arena] _ready() 完成，飘字保护已解除
[PlayerBase] SkillManager already exists (created by child: @Node@4296), loaded=3, skip auto create
[Arena] ===== 角色切换开始 =====
[Arena] 收到角色切换请求: pyro
[Arena] 跳过自动保存（QEF测试模式）: character_switch
[Arena] 当前玩家: pyro
[Arena] 当前玩家位置: (500.0, 300.0)
[Arena] 不清理旧玩家的技能效果（默认行为）
[Arena] 调用 player.queue_free()
[Arena] 等待一帧...
[DebugSwitcher] test mode enabled: wave_time=999, key8 toggles recording
[Arena] 玩家死亡信号已连接
[Arena] 触发 BondManager 重新计算羁绊...
[Arena] 当前队伍: ["butcher", "pyro", "weaver"]
[Arena] ✅ 羁绊计算完成
[PlayerBase] Bond stat modifiers applied:
  HP: 98 -> 98
  Speed: 500
  EnergyRegen: 1.6
  PickupRange: 150
  Damage: 10
[Arena] ✅ 羁绊属性已应用到玩家
[Arena] ===== _init_bond_hud() 完成 =====
[Arena] 玩家死亡信号已连接
[Arena] 等待完成，开始生成新角色
[Arena] _spawn_player 开始: player_id=pyro, pos=(500.0, 300.0)
[Arena] Global.selected_player_weapons = { "butcher": "punch", "pyro": "laser", "weaver": "laser" }
[Arena] visual_config: { "player_id": "pyro", "sprite_path": "res://assets/sprites/Players/Player_10.png", "scene_path": "res://scenes/unit/players/player_generic.tscn", "scale_x": 1.0, "scale_y": 1.0, "color_r": 1.0, "color_g": 1.0, "color_b": 1.0, "color_a": 1.0, "z_index": 1.0 }
[Arena] 创建角色: pyro
[PlayerFactory] 设置 player_id: pyro
[PlayerFactory] 已加载脚本: res://scenes/unit/players/player_pyro.gd (player_id=pyro)
[PlayerFactory] 成功创建角色: pyro
[Arena] 警告: player_id 不匹配，重新设置:  -> pyro
[PlayerBase] player pyro has no equipped item
[ItemWeapon] 尝试加载武器场景: res://scenes/weapons/range/weapon_range_beam.tscn
[ItemWeapon] 成功加载武器场景: res://scenes/weapons/range/weapon_range_beam.tscn
[Player] weapon added: 激光1级 (laser_1)
[Weapon] _ready() - Sprite2D 初始化:
  - 可见性: true
  - z_index: 2
  - 缩放: (1.0, 1.0)
  - 位置: (27.0, 0.0)
  - Sprite2D 全局位置: (527.0, 300.0)
  - Weapon 全局位置: (500.0, 300.0)
[Player] weapon node added to scene
[Player] weapon position: (0.0, 0.0)
[Player] weapon global position: (500.0, 300.0)
[Player] weapon visible: true
[Player] weapon z_index: 0
[Weapon] 加载贴图: res://assets/sprites/Weapons/Range/WeaponLaser.png
[Weapon] Sprite2D 可见性: true
[Weapon] Sprite2D 位置: (27.0, 0.0)
[Weapon] Sprite2D 缩放: (1.0, 1.0)
[Weapon] 贴图大小: (200.0, 100.0)
[Weapon] 动态创建枪口节点，偏移: (24.0, 0.0)
[Weapon] 武器设置完成: 激光1级 (laser_1)
  - 类型: RANGE
  - 等级: 1
  - 形状类型: straight
  - 子弹模式: single
  - 碰撞体位置/缩放: (0.0, 0.0) / (1.0, 1.0)
  - 基础场景: res://scenes/weapons/range/weapon_range_beam.tscn
[Player] weapon position after layout: (0.0, -15.0)
[Player] weapon global position after layout: (500.0, 285.0)
[PlayerBase] player pyro loaded 1 weapons
[PlayerBase] death signal connected
[PlayerBase] start loading ultimate, player_id = pyro
[PlayerBase] ultimate config loaded: { "ult_id": "pyro_ult", "name": "炼狱化身", "duration": 10.0, "energy_cost": 40.0, "bonus_bond_tag": "vanguard", "visual_color_hex": "#3366FF", "scale_multiplier": 1.2, "explosion_radius": 300.0, "explosion_damage_scale": 1.1, "description": "焰术师进入过热炉心并放大闭合爆燃", "f_role_id": "pyro", "f_internal_cd": 0.85, "f_q_line_amp": 1.6, "f_q_closure_amp": 2.1, "f_special_value_1": 1.3, "f_special_value_2": 240.0, "f_special_value_3": 0.22, "f_bond_o_payload": "tag:inkborn|lv2:0.12|lv3:0.24|axis:line", "f_bond_m_payload": "tag:blaster|lv2:0.16|lv3:0.32|axis:closure", "f_bond_t_payload": "tag:vanguard|lv2:0.10|lv3:0.20|axis:tempo" }
[PlayerBase] ultimate script loaded: (res://scenes/skills/players/f_roles/skill_pyro_f.gd):<GDScript#-9223371721912874193>
[PlayerBase] ultimate node created
[PlayerBase] ultimate load complete: 炼狱化身
[SkillDrawingBase] _ready(): skill_pyro_q, skill_owner=PlayerGeneric:<Area2D#3348480659251>
[SkillDrawingBase] Line2D 创建成功: skill_pyro_q
[Arena] 生成角色成功: pyro 在位置 (500.0, 300.0)
[PlayerBase] Bond stat modifiers applied:
  HP: 98 -> 98
  Speed: 500
  EnergyRegen: 1.6
  PickupRange: 150
  Damage: 10
[Arena] ✅ 角色切换后羁绊属性已重新应用
[Arena] ===== 角色切换结束 =====
[PlayerBase] SkillManager already exists (created by child: @Node@4307), loaded=3, skip auto create
[Arena] 玩家死亡信号已连接
[DebugSwitcher] replay started: d:/Godot/Production/PolyLash_Project/.godot_cli/Roaming/Godot/app_userdata/PolyLash/qa_reports/input_recordings/player_ops_20260315_120619_674_pyro.json
[Arena] ===== 角色切换开始 =====
[Arena] 收到角色切换请求: pyro
[Arena] 跳过自动保存（QEF测试模式）: character_switch
[Arena] 当前玩家: pyro
[Arena] 当前玩家位置: (500.0, 300.0)
[Arena] 不清理旧玩家的技能效果（默认行为）
[Arena] 调用 player.queue_free()
[Arena] 等待一帧...
[Arena] 等待完成，开始生成新角色
[Arena] _spawn_player 开始: player_id=pyro, pos=(500.0, 300.0)
[Arena] Global.selected_player_weapons = { "butcher": "punch", "pyro": "laser", "weaver": "laser" }
[Arena] visual_config: { "player_id": "pyro", "sprite_path": "res://assets/sprites/Players/Player_10.png", "scene_path": "res://scenes/unit/players/player_generic.tscn", "scale_x": 1.0, "scale_y": 1.0, "color_r": 1.0, "color_g": 1.0, "color_b": 1.0, "color_a": 1.0, "z_index": 1.0 }
[Arena] 创建角色: pyro
[PlayerFactory] 设置 player_id: pyro
[PlayerFactory] 已加载脚本: res://scenes/unit/players/player_pyro.gd (player_id=pyro)
[PlayerFactory] 成功创建角色: pyro
[Arena] 警告: player_id 不匹配，重新设置:  -> pyro
[PlayerBase] player pyro has no equipped item
[ItemWeapon] 尝试加载武器场景: res://scenes/weapons/range/weapon_range_beam.tscn
[ItemWeapon] 成功加载武器场景: res://scenes/weapons/range/weapon_range_beam.tscn
[Player] weapon added: 激光1级 (laser_1)
[Weapon] _ready() - Sprite2D 初始化:
  - 可见性: true
  - z_index: 2
  - 缩放: (1.0, 1.0)
  - 位置: (27.0, 0.0)
  - Sprite2D 全局位置: (527.0, 300.0)
  - Weapon 全局位置: (500.0, 300.0)
[Player] weapon node added to scene
[Player] weapon position: (0.0, 0.0)
[Player] weapon global position: (500.0, 300.0)
[Player] weapon visible: true
[Player] weapon z_index: 0
[Weapon] 加载贴图: res://assets/sprites/Weapons/Range/WeaponLaser.png
[Weapon] Sprite2D 可见性: true
[Weapon] Sprite2D 位置: (27.0, 0.0)
[Weapon] Sprite2D 缩放: (1.0, 1.0)
[Weapon] 贴图大小: (200.0, 100.0)
[Weapon] 动态创建枪口节点，偏移: (24.0, 0.0)
[Weapon] 武器设置完成: 激光1级 (laser_1)
  - 类型: RANGE
  - 等级: 1
  - 形状类型: straight
  - 子弹模式: single
  - 碰撞体位置/缩放: (0.0, 0.0) / (1.0, 1.0)
  - 基础场景: res://scenes/weapons/range/weapon_range_beam.tscn
[Player] weapon position after layout: (0.0, -15.0)
[Player] weapon global position after layout: (500.0, 285.0)
[PlayerBase] player pyro loaded 1 weapons
[PlayerBase] death signal connected
[PlayerBase] start loading ultimate, player_id = pyro
[PlayerBase] ultimate config loaded: { "ult_id": "pyro_ult", "name": "炼狱化身", "duration": 10.0, "energy_cost": 40.0, "bonus_bond_tag": "vanguard", "visual_color_hex": "#3366FF", "scale_multiplier": 1.2, "explosion_radius": 300.0, "explosion_damage_scale": 1.1, "description": "焰术师进入过热炉心并放大闭合爆燃", "f_role_id": "pyro", "f_internal_cd": 0.85, "f_q_line_amp": 1.6, "f_q_closure_amp": 2.1, "f_special_value_1": 1.3, "f_special_value_2": 240.0, "f_special_value_3": 0.22, "f_bond_o_payload": "tag:inkborn|lv2:0.12|lv3:0.24|axis:line", "f_bond_m_payload": "tag:blaster|lv2:0.16|lv3:0.32|axis:closure", "f_bond_t_payload": "tag:vanguard|lv2:0.10|lv3:0.20|axis:tempo" }
[PlayerBase] ultimate script loaded: (res://scenes/skills/players/f_roles/skill_pyro_f.gd):<GDScript#-9223371721912874193>
[PlayerBase] ultimate node created
[PlayerBase] ultimate load complete: 炼狱化身
[SkillDrawingBase] _ready(): skill_pyro_q, skill_owner=PlayerGeneric:<Area2D#3354939885601>
[SkillDrawingBase] Line2D 创建成功: skill_pyro_q
[Arena] 生成角色成功: pyro 在位置 (500.0, 300.0)
[PlayerBase] Bond stat modifiers applied:
  HP: 98 -> 98
  Speed: 500
  EnergyRegen: 2.0
  PickupRange: 150
  Damage: 10
[Arena] ✅ 角色切换后羁绊属性已重新应用
[Arena] ===== 角色切换结束 =====
[PlayerBase] SkillManager already exists (created by child: @Node@4317), loaded=3, skip auto create
[Arena] 玩家死亡信号已连接
[RangeBehavior] ========== 开始远程攻击 ==========
[RangeBehavior] 武器名称: 激光1级
[RangeBehavior] 武器位置: (500.0, 285.0)
[RangeBehavior] 武器旋转: -48.2990645836253度
[RangeBehavior] Muzzle 位置: (539.9146, 240.2024)
[RangeBehavior] 生成子弹:
  - 子弹场景: res://scenes/projectiles/projectile_laser.tscn
  - 生成位置: (539.9146, 240.2024)
  - 角度偏移: 0.0度
  - 速度: (1330.485, -1493.255)
  - 伤害: 11.0
[Projectile] 子弹初始化:
  - 位置: (539.9146, 240.2024)
  - 速度: (1330.485, -1493.255)
  - 伤害: 11.0
  - 暴击: false
  - 击退: 0.5
  - 发射者: PlayerGeneric
  - Hitbox 碰撞层: 4
  - Hitbox 碰撞掩码: 8
[RangeBehavior] 发射 single x1
[skill_pyro_q] ===== 鏉╂稑鍙嗙憴鍕灊濡€崇础 ===== 鐠ч鍋? (500.0002, 299.364), line_2d閺堝鏅? true
[Projectile] ========== 子弹命中！==========
[Projectile] 子弹位置: (587.8096, 186.4478)
[Projectile] 目标: CLIEnemy_(90_0, -120_0)
[Projectile] 目标位置: (582.4164, 188.5355)
[Projectile] 子弹销毁
[RangeBehavior] 攻击结束
[PlayerBase] Q released -> release_skill('q')
[skill_pyro_q] ===== 退出规划模式 ===== 点数: 72, 闭合: false
[skill_pyro_q] 最终闭合判定: false
[skill_pyro_q] 閻㈢喐鍨氬鈧弨鎹愮熅瀵板嫭鏅ラ弸婊愮礉閸樼喎顫愰悙瑙勬殶: 72, 閸氬牆鑻熺痪鎸庮唽閺? 7
[skill_pyro_q] open-path effects spawned
[PlayerBase] E pressed -> execute_skill('e')
[HealthComponent] 血量归零，触发死亡信号
[RangeBehavior] ========== 开始远程攻击 ==========
[RangeBehavior] 武器名称: 激光1级
[RangeBehavior] 武器位置: (775.9537, 332.4293)
[RangeBehavior] 武器旋转: -166.320734365687度
[RangeBehavior] Muzzle 位置: (717.6556, 318.2401)
[RangeBehavior] 生成子弹:
  - 子弹场景: res://scenes/projectiles/projectile_laser.tscn
  - 生成位置: (717.6556, 318.2401)
  - 角度偏移: 0.0度
  - 速度: (-1943.27, -472.9731)
  - 伤害: 11.0
[Projectile] 子弹初始化:
  - 位置: (717.6556, 318.2401)
  - 速度: (-1943.27, -472.9731)
  - 伤害: 11.0
  - 暴击: false
  - 击退: 0.5
  - 发射者: PlayerGeneric
  - Hitbox 碰撞层: 4
  - Hitbox 碰撞掩码: 8
[RangeBehavior] 发射 single x1
[ExplosionArea] 检测到 0 个重叠区域
[ExplosionArea] 共击中 0 个敌人
[Projectile] ========== 子弹命中！==========
[Projectile] 子弹位置: (607.0402, 291.3169)
[Projectile] 目标: CLIEnemy_(180_0, 0_0)
[Projectile] 目标位置: (634.8386, 299.5391)
[Projectile] 子弹销毁
[RangeBehavior] 攻击结束
[PlayerBase] F pressed, ultimate_skill = UltimateSkill:<Node#3356735048244>
[PlayerBase] try activate ultimate, energy: 100.0%
[DebugSwitcher] replay finished
[DebugSwitcher] test mode disabled
WARNING: ObjectDB instances leaked at exit (run with --verbose for details).
   at: cleanup (core/object/object.cpp:2641)
