Godot Engine v4.6.1.stable.official.14d19694e - https://godotengine.org

ERROR: Failed to read the root certificate store.
   at: get_system_ca_certificates (platform/windows/os_windows.cpp:2570)
=== 配置管理器初始化 ===
[ConfigManager] 加载配置: res://config/player/player_config.csv - 32 条记录
[ConfigManager] 加载配置: res://config/player/player_visual.csv - 32 条记录
[ConfigManager] 加载配置: res://config/player/player_weapons.csv - 32 条记录
[ConfigManager] 加载配置: res://config/player/player_skill_bindings.csv - 32 条记录
[ConfigManager] 加载配置: res://config/player/player_available_weapons.csv - 32 条记录
[ConfigManager] 加载宽表技能参数: res://config/player/skill_params_wide.csv - 71 个技能, 102 条描述
[ConfigManager] 加载配置: res://config/enemy/enemy_config.csv - 12 条记录
[ConfigManager] 加载配置: res://config/enemy/enemy_visual.csv - 12 条记录
[ConfigManager] 加载配置: res://config/enemy/enemy_weapons.csv - 5 条记录
[ConfigManager] 加载配置: res://config/weapon/weapon_config_optimized.csv - 35 条记录
[ConfigManager] 加载配置: res://config/wave/wave_config.csv - 4 条记录
[ConfigManager] 加载波次单位配置: res://config/wave/wave_units_config.csv - 4 个波次
[ConfigManager] 加载配置: res://config/system/input_config.csv - 16 条记录
[ConfigManager] 加载配置: res://config/item/upgrade_attributes.csv - 4 条记录
[ConfigManager] 加载配置: res://config/item/chest_config.csv - 4 条记录
[ConfigManager] 加载配置: res://config/wave/wave_chest_config.csv - 5 条记录
[ConfigManager] 加载 key-value 配置: res://config/system/game_config.csv - 53 条记录
[ConfigManager] 加载 key-value 配置: res://config/system/camera_config.csv - 8 条记录
[ConfigManager] 加载 key-value 配置: res://config/system/map_config.csv - 15 条记录
[ConfigManager] 加载新格式道具配置: res://config/item/item_config.csv - 59 条记录
[ConfigManager] 加载护符配置: res://config/item/emblem_config.csv - 14 条记录
[ConfigManager] 加载致谢配置: res://config/system/credits_config.csv - 4 条记录
=== 配置加载完成 ===
[ConfigManager] 加载配置: res://config/audio/ui_sounds.csv - 12 条记录
[ConfigManager] 加载配置: res://config/audio/combat_sounds.csv - 18 条记录
[ConfigManager] 加载配置: res://config/audio/skill_sounds.csv - 10 条记录
[ConfigManager] 加载配置: res://config/audio/environment_sounds.csv - 25 条记录
[SoundManager] 初始化完成: 65 条配置, 93 个音频缓存, 1 个音效组
=== 升级管理器初始化 ===
[EliteConfigManager] 加载精英敌人: EliteConfig(enemy_glutton: 吞噬者)
[EliteConfigManager] 加载精英能力配置: EliteAbilityConfig(enemy_glutton)
[EliteConfigManager] 加载进化阶段: EvolutionStage(enemy_glutton Stage 1)
[EliteConfigManager] 加载进化阶段: EvolutionStage(enemy_glutton Stage 2)
[EliteConfigManager] 加载进化阶段: EvolutionStage(enemy_glutton Stage 3)
[EliteConfigManager] 加载进化阶段: EvolutionStage(enemy_glutton Stage 4)
[EliteConfigManager] 加载进化阶段: EvolutionStage(enemy_glutton Stage 5)
[EliteConfigManager] 加载波次精英配置: WaveEliteConfig(wave_1_to_5: enemy_glutton x0)
[EliteConfigManager] 加载波次精英配置: WaveEliteConfig(wave_6_to_10: enemy_glutton x1)
[EliteConfigManager] 加载波次精英配置: WaveEliteConfig(wave_11_to_15: enemy_glutton x2)
[EliteConfigManager] 加载波次精英配置: WaveEliteConfig(wave_16_to_20: enemy_glutton x3)
[EliteConfigManager] 加载精英生成配置: EliteSpawnConfig(wave_1_to_5: enemy_glutton, 间隔999.0-999.0s, 最多0个)
[EliteConfigManager] 加载精英生成配置: EliteSpawnConfig(wave_6_to_10: enemy_glutton, 间隔20.0-30.0s, 最多1个)
[EliteConfigManager] 加载精英生成配置: EliteSpawnConfig(wave_11_to_15: enemy_glutton, 间隔15.0-25.0s, 最多2个)
[EliteConfigManager] 加载精英生成配置: EliteSpawnConfig(wave_16_to_20: enemy_glutton, 间隔12.0-22.0s, 最多3个)
[EliteConfigManager] 初始化完成

=== 精英敌人配置 ===
  enemy_glutton: 吞噬者 (血量88, 伤害9, 护甲0.0, 速度158.0)

=== 进化阶段配置 ===
  enemy_glutton:
    Stage 1: 血量x1.00, 伤害x1.00, 护甲x1.00, 速度x1.00, 吞噬1个敌人 - 初始阶段
    Stage 2: 血量x1.00, 伤害x1.20, 护甲x1.00, 速度x1.07, 吞噬5个敌人 - 酸液射手
    Stage 3: 血量x1.40, 伤害x1.44, 护甲x1.00, 速度x1.13, 吞噬5个敌人 - 巨型怪物
    Stage 4: 血量x1.88, 伤害x1.73, 护甲x1.00, 速度x1.20, 吞噬5个敌人 - 过度进食
    Stage 5: 血量x1.46, 伤害x2.07, 护甲x1.00, 速度x1.27, 吞噬5个敌人 - 终极形态

=== 波次精英配置 ===
  wave_1_to_5:
    enemy_glutton: 生成0个, 权重0.0, 初始阶段1, 允许进化false
  wave_6_to_10:
    enemy_glutton: 生成1个, 权重2.0, 初始阶段1, 允许进化true
  wave_11_to_15:
    enemy_glutton: 生成2个, 权重3.0, 初始阶段1, 允许进化true
  wave_16_to_20:
    enemy_glutton: 生成3个, 权重4.0, 初始阶段1, 允许进化true

=== 精英生成配置 ===
  wave_1_to_5:
    enemy_glutton: 生成间隔999.0-999.0s, 最多0个 [禁用]
  wave_6_to_10:
    enemy_glutton: 生成间隔20.0-30.0s, 最多1个 [启用]
  wave_11_to_15:
    enemy_glutton: 生成间隔15.0-25.0s, 最多2个 [启用]
  wave_16_to_20:
    enemy_glutton: 生成间隔12.0-22.0s, 最多3个 [启用]
[PlayerFactory] 已初始化
[EquipmentManager] 装备数据文件不存在，使用默认值
[EquipmentManager] 初始化完成
[WarehouseManager] 加载了 59 个道具配置（委托 ConfigManager）
[WarehouseManager] 初始化完成（局内模式），容量: 48
[BondUILoader] 加载了 11 个羁绊配置
[BondUILoader] 初始化完成，加载了 11 个羁绊配置
[ResonanceRuntimeService] init complete, players=32
[RunTelemetryService] 恢复采样 run_id=run_1773549593_1584
[ShopManager] 通过 ConfigRepository 加载了 18 行商店配置数据
[ShopManager] 初始化完成，加载了 13 个商店配置项
[ShopAttributeManager] 通过 ConfigRepository 加载了 32 个属性配置
[ShopAttributeManager] 通过 ConfigRepository 加载了 5 个波次配置
[ShopAttributeManager] 初始化完成: 32个属性, 5个波次配置
[AbilityManager] 加载了 5 个敌人的能力配置
[AbilityManager] 初始化完成，已注册 3 个能力类型
[WeaponConfigLoader] 加载表头: 46 个字段
[WeaponConfigLoader] 加载完成: 35 个武器基础配置
[BackgroundManager] 地图纹理大小: (994.000000, 460.000000)
[BackgroundManager] 初始化完成 - 瓦片大小: 2000, 已生成: 25 个瓦片
[ChestManager] 初始化完成 - 生成 2 个宝箱（分散布局）
[ChestManager] 初始化完成 - 预生成 2 个宝箱位置
[ChestIndicator] indicator_show_range = 3000 (from map_config.csv)
[ExitConfirmDialog] _ready() called
[Arena] _ready() 开始
[Arena] 已添加到 arena 组
[Arena] 已启用波末战利品模式，禁用旧宝箱流程
[Arena] 暂停菜单已初始化
[Arena] 商店面板已连接
[Arena] WaveRewardSystem 已创建
[Arena] WaveRewardPanel 已添加到 GameUI
[Arena] WildcardPanel 已添加到 GameUI
[Arena] BattleFlowController 已初始化
[Arena] Spawner 波次完成信号已连接
[Arena] 准备初始化玩家...
[Arena] _init_player_from_selection 开始
[Arena] selected_player_ids: ["butcher"]
[Arena] selected_player_weapons: { "butcher": "punch" }
WARNING: [ConfigManager] game_config 缺少键 'enable_wave_recruit_mode'，使用默认值: 1
   at: push_warning (core/variant/variant_utility.cpp:1034)
   GDScript backtrace (most recent call first):
       [0] get_game_setting (res://autoloads/config_manager.gd:590)
       [1] is_wave_recruit_mode_enabled (res://autoloads/global.gd:298)
       [2] enter_wave_recruit_mode (res://autoloads/global.gd:303)
       [3] _init_player_from_selection (res://scenes/arena/arena_core.gd:467)
       [4] _ready (res://scenes/arena/arena_core.gd:117)
[Arena] 场景中没有默认玩家，直接生成选择的角色
[Arena] _spawn_player 开始: player_id=butcher, pos=(500.0, 300.0)
[Arena] Global.selected_player_weapons = { "butcher": "punch" }
[Arena] visual_config: { "player_id": "butcher", "sprite_path": "res://assets/sprites/Players/Player_5.png", "scene_path": "res://scenes/unit/players/player_generic.tscn", "scale_x": 1.0, "scale_y": 1.0, "color_r": 1.0, "color_g": 1.0, "color_b": 1.0, "color_a": 1.0, "z_index": 1.0 }
[Arena] 创建角色: butcher
[PlayerFactory] 设置 player_id: butcher
[PlayerFactory] 已加载脚本: res://scenes/unit/players/player_butcher.gd (player_id=butcher)
[PlayerFactory] 成功创建角色: butcher
[Arena] 警告: player_id 不匹配，重新设置:  -> butcher
[PlayerBase] player butcher has no equipped item
[WeaponConfigLoader] DEBUG punch row keys:
  - weapon_base_id: punch
  - display_name_template: 拳头%d级
  - type: melee
  - max_level: 4
  - base_damage: 10
  - base_accuracy: 1
  - base_cooldown: 0.8
  - base_crit_chance: 0.05
  - base_crit_damage: 1.5
  - base_max_range: 180
  - base_knockback: 1.5
  - base_life_steal: 0
  - base_recoil: 15
  - base_recoil_duration: 0.08
  - base_attack_duration: 0.3
  - base_back_duration: 0.15
  - base_projectile_speed: 0
  - base_scene_path: res://scenes/weapons/melee/weapon_melee_point.tscn
  - projectile_scene: 
  - sprite_texture_template: res://assets/sprites/Weapons/Melee/Weapon_Punch.png
  - icon_path_template: res://assets/sprites/Weapons/Melee/Weapon_Punch.png
  - muzzle_offset: 0|0
  - hitbox_offset: 30|0
  - hitbox_scale: 1.2|1.0
  - animation_frames_path: res://anims/punch_frames.tres
  - vfx_attack_scene: res://scenes/vfx/melee_punch_attack.tscn
  - vfx_hit_scene: res://scenes/vfx/melee_punch_hit.tscn
  - audio_attack: res://assets/audio/Punch.mp3
  - shape_type: point
  - bullet_mode: 
  - effect_type: 
  - base_sector_angle: 0
  - base_bullet_count: 1
  - base_spread_angle: 0
  - base_pierce_count: 0
  - param1: 0
  - param2: 0
  - param3: 0
  - item_cost_base: 1
  - resource_path: 
  - damage_scale: 0.5
  - cooldown_scale: -0.1
  - range_scale: 10
  - knockback_scale: 0.1
  - pierce_scale: 0
  - bullet_count_scale: 0
[WeaponConfigLoader] DEBUG punch:
  - base_max_range: 180.0
  - range_scale: 10.0
  - level: 1
  - max_range: 180.0
  - row['base_max_range']: 180
[WeaponConfigLoader] 创建武器 Stats: punch_1 (punch Lv.1)
[ItemWeapon] 尝试加载武器场景: res://scenes/weapons/melee/weapon_melee_point.tscn
[ItemWeapon] 成功加载武器场景: res://scenes/weapons/melee/weapon_melee_point.tscn
[Player] weapon added: 拳头1级 (punch_1)
[Weapon] _ready() - Sprite2D 初始化:
  - 可见性: true
  - z_index: 2
  - 缩放: (1.0, 1.0)
  - 位置: (27.0, 0.0)
  - Sprite2D 全局位置: (527.0, 300.0)
  - Weapon 全局位置: (500.0, 300.0)
[Player] weapon node added to scene
[Player] weapon position: (0.0, 0.0)
[Player] weapon global position: (500.0, 300.0)
[Player] weapon visible: true
[Player] weapon z_index: 0
[Weapon] 加载贴图: res://assets/sprites/Weapons/Melee/Weapon_Punch.png
[Weapon] Sprite2D 可见性: true
[Weapon] Sprite2D 位置: (27.0, 0.0)
[Weapon] Sprite2D 缩放: (1.0, 1.0)
[Weapon] 贴图大小: (200.0, 100.0)
[Weapon] 武器设置完成: 拳头1级 (punch_1)
  - 类型: MELEE
  - 等级: 1
  - 形状类型: point
  - 子弹模式: 未指定
  - 碰撞体: 由 MeleeBehavior 动态创建
  - 基础场景: res://scenes/weapons/melee/weapon_melee_point.tscn
[Player] weapon position after layout: (0.0, -15.0)
[Player] weapon global position after layout: (500.0, 285.0)
[PlayerBase] player butcher loaded 1 weapons
[PlayerBase] death signal connected
[PlayerBase] start loading ultimate, player_id = butcher
[PlayerBase] ultimate config loaded: { "ult_id": "butcher_ult", "name": "血之狂怒", "duration": 10.0, "energy_cost": 40.0, "bonus_bond_tag": "vanguard", "visual_color_hex": "#FF3333", "scale_multiplier": 1.2, "explosion_radius": 220.0, "explosion_damage_scale": 1.3, "description": "屠夫进入血锯屠场窗口并强化画线屠杀", "f_role_id": "butcher", "f_internal_cd": 0.9, "f_q_line_amp": 1.55, "f_q_closure_amp": 2.05, "f_special_value_1": 1.35, "f_special_value_2": 220.0, "f_special_value_3": 0.3, "f_bond_o_payload": "tag:colossus|lv2:0.12|lv3:0.24|axis:line", "f_bond_m_payload": "tag:architect|lv2:0.16|lv3:0.32|axis:closure", "f_bond_t_payload": "tag:vanguard|lv2:0.10|lv3:0.20|axis:tempo" }
[PlayerBase] ultimate script loaded: (res://scenes/skills/players/f_roles/skill_butcher_f.gd):<GDScript#-9223371857204344454>
[PlayerBase] ultimate node created
[PlayerBase] ultimate load complete: 血之狂怒
[Arena] 生成角色成功: butcher 在位置 (500.0, 300.0)
[Arena] 玩家初始化完成
[CharacterSlot] 加载角色图标: butcher -> res://assets/sprites/Players/Player_5.png
[SquadHUD] 初始化 1 个角色卡槽
[Arena] 小队 HUD 初始化完成
[Arena] ===== _init_bond_hud() 开始 =====
[Arena] ✅ 找到 GameUI 节点: /root/Arena/GameUI
[Arena] ✅ BondHUD 场景加载成功
[Arena] ✅ BondHUD 实例化成功
[Arena] ✅ BondHUD 已添加到 GameUI
[Arena] BondHUD 路径: /root/Arena/GameUI/BondHUD
[Arena] BondHUD 可见性: true
[Arena] _ready() 完成，飘字保护已解除
[PlayerBase] SkillManager already exists (created by child: @Node@116), loaded=3, skip auto create
[Arena] ===== 角色切换开始 =====
[Arena] 收到角色切换请求: butcher
[Arena] 跳过自动保存（QEF测试模式）: character_switch
[Arena] 当前玩家: butcher
[Arena] 当前玩家位置: (500.0, 300.0)
[Arena] 不清理旧玩家的技能效果（默认行为）
[Arena] 调用 player.queue_free()
[Arena] 等待一帧...
[DebugSwitcher] test mode enabled: wave_time=999, key8 toggles recording
[Arena] 玩家死亡信号已连接
[Arena] 触发 BondManager 重新计算羁绊...
[Arena] 当前队伍: ["butcher", "pyro", "weaver"]
[Arena] ✅ 羁绊计算完成
[PlayerBase] Bond stat modifiers applied:
  HP: 158 -> 158
  Speed: 450
  EnergyRegen: 0.7
  PickupRange: 150
  Damage: 10
[Arena] ✅ 羁绊属性已应用到玩家
[Arena] ===== _init_bond_hud() 完成 =====
[Arena] 玩家死亡信号已连接
[Arena] 等待完成，开始生成新角色
[Arena] _spawn_player 开始: player_id=butcher, pos=(500.0, 300.0)
[Arena] Global.selected_player_weapons = { "butcher": "punch", "pyro": "laser", "weaver": "laser" }
[Arena] visual_config: { "player_id": "butcher", "sprite_path": "res://assets/sprites/Players/Player_5.png", "scene_path": "res://scenes/unit/players/player_generic.tscn", "scale_x": 1.0, "scale_y": 1.0, "color_r": 1.0, "color_g": 1.0, "color_b": 1.0, "color_a": 1.0, "z_index": 1.0 }
[Arena] 创建角色: butcher
[PlayerFactory] 设置 player_id: butcher
[PlayerFactory] 已加载脚本: res://scenes/unit/players/player_butcher.gd (player_id=butcher)
[PlayerFactory] 成功创建角色: butcher
[Arena] 警告: player_id 不匹配，重新设置:  -> butcher
[PlayerBase] player butcher has no equipped item
[ItemWeapon] 尝试加载武器场景: res://scenes/weapons/melee/weapon_melee_point.tscn
[ItemWeapon] 成功加载武器场景: res://scenes/weapons/melee/weapon_melee_point.tscn
[Player] weapon added: 拳头1级 (punch_1)
[Weapon] _ready() - Sprite2D 初始化:
  - 可见性: true
  - z_index: 2
  - 缩放: (1.0, 1.0)
  - 位置: (27.0, 0.0)
  - Sprite2D 全局位置: (527.0, 300.0)
  - Weapon 全局位置: (500.0, 300.0)
[Player] weapon node added to scene
[Player] weapon position: (0.0, 0.0)
[Player] weapon global position: (500.0, 300.0)
[Player] weapon visible: true
[Player] weapon z_index: 0
[Weapon] 加载贴图: res://assets/sprites/Weapons/Melee/Weapon_Punch.png
[Weapon] Sprite2D 可见性: true
[Weapon] Sprite2D 位置: (27.0, 0.0)
[Weapon] Sprite2D 缩放: (1.0, 1.0)
[Weapon] 贴图大小: (200.0, 100.0)
[Weapon] 武器设置完成: 拳头1级 (punch_1)
  - 类型: MELEE
  - 等级: 1
  - 形状类型: point
  - 子弹模式: 未指定
  - 碰撞体: 由 MeleeBehavior 动态创建
  - 基础场景: res://scenes/weapons/melee/weapon_melee_point.tscn
[Player] weapon position after layout: (0.0, -15.0)
[Player] weapon global position after layout: (500.0, 285.0)
[PlayerBase] player butcher loaded 1 weapons
[PlayerBase] death signal connected
[PlayerBase] start loading ultimate, player_id = butcher
[PlayerBase] ultimate config loaded: { "ult_id": "butcher_ult", "name": "血之狂怒", "duration": 10.0, "energy_cost": 40.0, "bonus_bond_tag": "vanguard", "visual_color_hex": "#FF3333", "scale_multiplier": 1.2, "explosion_radius": 220.0, "explosion_damage_scale": 1.3, "description": "屠夫进入血锯屠场窗口并强化画线屠杀", "f_role_id": "butcher", "f_internal_cd": 0.9, "f_q_line_amp": 1.55, "f_q_closure_amp": 2.05, "f_special_value_1": 1.35, "f_special_value_2": 220.0, "f_special_value_3": 0.3, "f_bond_o_payload": "tag:colossus|lv2:0.12|lv3:0.24|axis:line", "f_bond_m_payload": "tag:architect|lv2:0.16|lv3:0.32|axis:closure", "f_bond_t_payload": "tag:vanguard|lv2:0.10|lv3:0.20|axis:tempo" }
[PlayerBase] ultimate script loaded: (res://scenes/skills/players/f_roles/skill_butcher_f.gd):<GDScript#-9223371857204344454>
[PlayerBase] ultimate node created
[PlayerBase] ultimate load complete: 血之狂怒
[Arena] 生成角色成功: butcher 在位置 (500.0, 300.0)
[PlayerBase] Bond stat modifiers applied:
  HP: 158 -> 158
  Speed: 450
  EnergyRegen: 0.7
  PickupRange: 150
  Damage: 10
[Arena] ✅ 角色切换后羁绊属性已重新应用
[Arena] ===== 角色切换结束 =====
[PlayerBase] SkillManager already exists (created by child: @Node@129), loaded=3, skip auto create
[Arena] 玩家死亡信号已连接
[PlayerBase] E pressed -> execute_skill('e')
[ExplosionArea] 检测到 3 个重叠区域
[ExplosionArea] 区域 1: HurtboxComponent -> 父节点: CLIEnemy_(180_0, 0_0) (类型: Area2D)
[ExplosionArea]   ⚠️ 使用备用伤害方案
[ExplosionArea]   ✅ 造成伤害(备用): 0.0 -> CLIEnemy_(180_0, 0_0)
[ExplosionArea] 区域 2: HurtboxComponent -> 父节点: CLIEnemy_(120_0, 90_0) (类型: Area2D)
[ExplosionArea]   ⚠️ 使用备用伤害方案
[ExplosionArea]   ✅ 造成伤害(备用): 0.0 -> CLIEnemy_(120_0, 90_0)
[ExplosionArea] 区域 3: HurtboxComponent -> 父节点: CLIEnemy_(90_0, -120_0) (类型: Area2D)
[ExplosionArea]   ⚠️ 使用备用伤害方案
[ExplosionArea]   ✅ 造成伤害(备用): 0.0 -> CLIEnemy_(90_0, -120_0)
[ExplosionArea] 共击中 3 个敌人
[PlayerBase] F pressed, ultimate_skill = UltimateSkill:<Node#195370682740>
[PlayerBase] try activate ultimate, energy: 100.0%
[HealthComponent] 血量归零，触发死亡信号
[HealthComponent] 血量归零，触发死亡信号
[HealthComponent] 血量归零，触发死亡信号
[HealthComponent] 已经死亡，忽略伤害
[HealthComponent] 已经死亡，忽略伤害
[HealthComponent] 已经死亡，忽略伤害
[DebugSwitcher] test mode disabled
[BackgroundManager] 地图纹理大小: (994.000000, 460.000000)
[BackgroundManager] 初始化完成 - 瓦片大小: 2000, 已生成: 25 个瓦片
[ChestManager] 初始化完成 - 生成 2 个宝箱（分散布局）
[ChestManager] 初始化完成 - 预生成 2 个宝箱位置
[ChestIndicator] indicator_show_range = 3000 (from map_config.csv)
[ExitConfirmDialog] _ready() called
[Arena] _ready() 开始
[Arena] 已添加到 arena 组
[Arena] 已启用波末战利品模式，禁用旧宝箱流程
[Arena] 暂停菜单已初始化
[Arena] 商店面板已连接
[Arena] WaveRewardSystem 已创建
[Arena] WaveRewardPanel 已添加到 GameUI
[Arena] WildcardPanel 已添加到 GameUI
[Arena] BattleFlowController 已初始化
[Arena] Spawner 波次完成信号已连接
[Arena] 准备初始化玩家...
[Arena] _init_player_from_selection 开始
[Arena] selected_player_ids: ["weaver"]
[Arena] selected_player_weapons: { "weaver": "laser" }
WARNING: [ConfigManager] game_config 缺少键 'enable_wave_recruit_mode'，使用默认值: 1
   at: push_warning (core/variant/variant_utility.cpp:1034)
   GDScript backtrace (most recent call first):
       [0] get_game_setting (res://autoloads/config_manager.gd:590)
       [1] is_wave_recruit_mode_enabled (res://autoloads/global.gd:298)
       [2] enter_wave_recruit_mode (res://autoloads/global.gd:303)
       [3] _init_player_from_selection (res://scenes/arena/arena_core.gd:467)
       [4] _ready (res://scenes/arena/arena_core.gd:117)
[Arena] 场景中没有默认玩家，直接生成选择的角色
[Arena] _spawn_player 开始: player_id=weaver, pos=(500.0, 300.0)
[Arena] Global.selected_player_weapons = { "weaver": "laser" }
[Arena] visual_config: { "player_id": "weaver", "sprite_path": "res://assets/sprites/Players/Player_8.png", "scene_path": "res://scenes/unit/players/player_generic.tscn", "scale_x": 1.0, "scale_y": 1.0, "color_r": 1.0, "color_g": 1.0, "color_b": 1.0, "color_a": 1.0, "z_index": 1.0 }
[Arena] 创建角色: weaver
[PlayerFactory] 设置 player_id: weaver
[PlayerFactory] 已加载脚本: res://scenes/unit/players/player_weaver.gd (player_id=weaver)
[PlayerFactory] 成功创建角色: weaver
[Arena] 警告: player_id 不匹配，重新设置:  -> weaver
[PlayerBase] player weaver has no equipped item
[WeaponConfigLoader] 创建武器 Stats: laser_1 (laser Lv.1)
[ItemWeapon] 尝试加载武器场景: res://scenes/weapons/range/weapon_range_beam.tscn
[ItemWeapon] 成功加载武器场景: res://scenes/weapons/range/weapon_range_beam.tscn
[Player] weapon added: 激光1级 (laser_1)
[Weapon] _ready() - Sprite2D 初始化:
  - 可见性: true
  - z_index: 2
  - 缩放: (1.0, 1.0)
  - 位置: (27.0, 0.0)
  - Sprite2D 全局位置: (527.0, 300.0)
  - Weapon 全局位置: (500.0, 300.0)
[Player] weapon node added to scene
[Player] weapon position: (0.0, 0.0)
[Player] weapon global position: (500.0, 300.0)
[Player] weapon visible: true
[Player] weapon z_index: 0
[Weapon] 加载贴图: res://assets/sprites/Weapons/Range/WeaponLaser.png
[Weapon] Sprite2D 可见性: true
[Weapon] Sprite2D 位置: (27.0, 0.0)
[Weapon] Sprite2D 缩放: (1.0, 1.0)
[Weapon] 贴图大小: (200.0, 100.0)
[Weapon] 动态创建枪口节点，偏移: (24.0, 0.0)
[Weapon] 武器设置完成: 激光1级 (laser_1)
  - 类型: RANGE
  - 等级: 1
  - 形状类型: straight
  - 子弹模式: single
  - 碰撞体位置/缩放: (0.0, 0.0) / (1.0, 1.0)
  - 基础场景: res://scenes/weapons/range/weapon_range_beam.tscn
[Player] weapon position after layout: (0.0, -15.0)
[Player] weapon global position after layout: (500.0, 285.0)
[PlayerBase] player weaver loaded 1 weapons
[PlayerBase] death signal connected
[PlayerBase] start loading ultimate, player_id = weaver
[PlayerBase] ultimate config loaded: { "ult_id": "weaver_ult", "name": "万丝归巢", "duration": 10.0, "energy_cost": 40.0, "bonus_bond_tag": "assist", "visual_color_hex": "#FFAA33", "scale_multiplier": 1.3, "explosion_radius": 200.0, "explosion_damage_scale": 1.2, "description": "织网者启动万丝归巢并强化闭合禁行", "f_role_id": "weaver", "f_internal_cd": 1.0, "f_q_line_amp": 1.42, "f_q_closure_amp": 1.92, "f_special_value_1": 1.05, "f_special_value_2": 250.0, "f_special_value_3": 0.35, "f_bond_o_payload": "tag:inkborn|lv2:0.12|lv3:0.24|axis:line", "f_bond_m_payload": "tag:hexer|lv2:0.16|lv3:0.32|axis:closure", "f_bond_t_payload": "tag:assist|lv2:0.10|lv3:0.20|axis:tempo" }
[PlayerBase] ultimate script loaded: (res://scenes/skills/players/f_roles/skill_weaver_f.gd):<GDScript#-9223371817022912035>
[PlayerBase] ultimate node created
[PlayerBase] ultimate load complete: 万丝归巢
[Arena] 生成角色成功: weaver 在位置 (500.0, 300.0)
[Arena] 玩家初始化完成
[CharacterSlot] 加载角色图标: weaver -> res://assets/sprites/Players/Player_8.png
[SquadHUD] 初始化 1 个角色卡槽
[Arena] 小队 HUD 初始化完成
[Arena] ===== _init_bond_hud() 开始 =====
[Arena] ✅ 找到 GameUI 节点: /root/Arena/GameUI
[Arena] ✅ BondHUD 场景加载成功
[Arena] ✅ BondHUD 实例化成功
[Arena] ✅ BondHUD 已添加到 GameUI
[Arena] BondHUD 路径: /root/Arena/GameUI/BondHUD
[Arena] BondHUD 可见性: true
[Arena] _ready() 完成，飘字保护已解除
[PlayerBase] SkillManager already exists (created by child: @Node@205), loaded=3, skip auto create
[Arena] ===== 角色切换开始 =====
[Arena] 收到角色切换请求: weaver
[Arena] 跳过自动保存（QEF测试模式）: character_switch
[Arena] 当前玩家: weaver
[Arena] 当前玩家位置: (500.0, 300.0)
[Arena] 不清理旧玩家的技能效果（默认行为）
[Arena] 调用 player.queue_free()
[Arena] 等待一帧...
[DebugSwitcher] test mode enabled: wave_time=999, key8 toggles recording
[Arena] 玩家死亡信号已连接
[Arena] 触发 BondManager 重新计算羁绊...
[Arena] 当前队伍: ["butcher", "pyro", "weaver"]
[Arena] ✅ 羁绊计算完成
[PlayerBase] Bond stat modifiers applied:
  HP: 103 -> 103
  Speed: 510
  EnergyRegen: 1.0
  PickupRange: 150
  Damage: 10
[Arena] ✅ 羁绊属性已应用到玩家
[Arena] ===== _init_bond_hud() 完成 =====
[Arena] 玩家死亡信号已连接
[Arena] 等待完成，开始生成新角色
[Arena] _spawn_player 开始: player_id=weaver, pos=(500.0, 300.0)
[Arena] Global.selected_player_weapons = { "butcher": "punch", "pyro": "laser", "weaver": "laser" }
[Arena] visual_config: { "player_id": "weaver", "sprite_path": "res://assets/sprites/Players/Player_8.png", "scene_path": "res://scenes/unit/players/player_generic.tscn", "scale_x": 1.0, "scale_y": 1.0, "color_r": 1.0, "color_g": 1.0, "color_b": 1.0, "color_a": 1.0, "z_index": 1.0 }
[Arena] 创建角色: weaver
[PlayerFactory] 设置 player_id: weaver
[PlayerFactory] 已加载脚本: res://scenes/unit/players/player_weaver.gd (player_id=weaver)
[PlayerFactory] 成功创建角色: weaver
[Arena] 警告: player_id 不匹配，重新设置:  -> weaver
[PlayerBase] player weaver has no equipped item
[ItemWeapon] 尝试加载武器场景: res://scenes/weapons/range/weapon_range_beam.tscn
[ItemWeapon] 成功加载武器场景: res://scenes/weapons/range/weapon_range_beam.tscn
[Player] weapon added: 激光1级 (laser_1)
[Weapon] _ready() - Sprite2D 初始化:
  - 可见性: true
  - z_index: 2
  - 缩放: (1.0, 1.0)
  - 位置: (27.0, 0.0)
  - Sprite2D 全局位置: (527.0, 300.0)
  - Weapon 全局位置: (500.0, 300.0)
[Player] weapon node added to scene
[Player] weapon position: (0.0, 0.0)
[Player] weapon global position: (500.0, 300.0)
[Player] weapon visible: true
[Player] weapon z_index: 0
[Weapon] 加载贴图: res://assets/sprites/Weapons/Range/WeaponLaser.png
[Weapon] Sprite2D 可见性: true
[Weapon] Sprite2D 位置: (27.0, 0.0)
[Weapon] Sprite2D 缩放: (1.0, 1.0)
[Weapon] 贴图大小: (200.0, 100.0)
[Weapon] 动态创建枪口节点，偏移: (24.0, 0.0)
[Weapon] 武器设置完成: 激光1级 (laser_1)
  - 类型: RANGE
  - 等级: 1
  - 形状类型: straight
  - 子弹模式: single
  - 碰撞体位置/缩放: (0.0, 0.0) / (1.0, 1.0)
  - 基础场景: res://scenes/weapons/range/weapon_range_beam.tscn
[Player] weapon position after layout: (0.0, -15.0)
[Player] weapon global position after layout: (500.0, 285.0)
[PlayerBase] player weaver loaded 1 weapons
[PlayerBase] death signal connected
[PlayerBase] start loading ultimate, player_id = weaver
[PlayerBase] ultimate config loaded: { "ult_id": "weaver_ult", "name": "万丝归巢", "duration": 10.0, "energy_cost": 40.0, "bonus_bond_tag": "assist", "visual_color_hex": "#FFAA33", "scale_multiplier": 1.3, "explosion_radius": 200.0, "explosion_damage_scale": 1.2, "description": "织网者启动万丝归巢并强化闭合禁行", "f_role_id": "weaver", "f_internal_cd": 1.0, "f_q_line_amp": 1.42, "f_q_closure_amp": 1.92, "f_special_value_1": 1.05, "f_special_value_2": 250.0, "f_special_value_3": 0.35, "f_bond_o_payload": "tag:inkborn|lv2:0.12|lv3:0.24|axis:line", "f_bond_m_payload": "tag:hexer|lv2:0.16|lv3:0.32|axis:closure", "f_bond_t_payload": "tag:assist|lv2:0.10|lv3:0.20|axis:tempo" }
[PlayerBase] ultimate script loaded: (res://scenes/skills/players/f_roles/skill_weaver_f.gd):<GDScript#-9223371817022912035>
[PlayerBase] ultimate node created
[PlayerBase] ultimate load complete: 万丝归巢
[Arena] 生成角色成功: weaver 在位置 (500.0, 300.0)
[PlayerBase] Bond stat modifiers applied:
  HP: 103 -> 103
  Speed: 510
  EnergyRegen: 1.0
  PickupRange: 150
  Damage: 10
[Arena] ✅ 角色切换后羁绊属性已重新应用
[Arena] ===== 角色切换结束 =====
[PlayerBase] SkillManager already exists (created by child: @Node@216), loaded=3, skip auto create
[Arena] 玩家死亡信号已连接
[RangeBehavior] ========== 开始远程攻击 ==========
[RangeBehavior] 武器名称: 激光1级
[RangeBehavior] 武器位置: (500.0, 285.0)
[RangeBehavior] 武器旋转: -49.8909187168722度
[RangeBehavior] Muzzle 位置: (538.6547, 239.1108)
[RangeBehavior] 生成子弹:
  - 子弹场景: res://scenes/projectiles/projectile_laser.tscn
  - 生成位置: (538.6547, 239.1108)
  - 角度偏移: 0.0度
  - 速度: (1288.49, -1529.639)
  - 伤害: 11.0
[Projectile] 子弹初始化:
  - 位置: (538.6547, 239.1108)
  - 速度: (1288.49, -1529.639)
  - 伤害: 11.0
  - 暴击: false
  - 击退: 0.5
  - 发射者: PlayerGeneric
  - Hitbox 碰撞层: 4
  - Hitbox 碰撞掩码: 8
[RangeBehavior] 发射 single x1
[Projectile] ========== 子弹命中！==========
[Projectile] 子弹位置: (577.2438, 193.3073)
[Projectile] 目标: CLIEnemy_(90_0, -120_0)
[Projectile] 目标位置: (584.9625, 185.4321)
[Projectile] 子弹销毁
[RangeBehavior] 攻击结束
[PolygonUtils] 交叉点数量: 1
[PolygonUtils] 排序后: ["[0,4]"]
[PolygonUtils] 单交叉点区域: 点数=4
[PolygonUtils] 提取完成，共 1 个区域
[PlayerBase] E pressed -> execute_skill('e')
[HealthComponent] 血量归零，触发死亡信号
[HealthComponent] 血量归零，触发死亡信号
[ExplosionArea] 检测到 1 个重叠区域
[ExplosionArea] 区域 1: HurtboxComponent -> 父节点: CLIEnemy_(120_0, 90_0) (类型: Area2D)
[ExplosionArea]   ⚠️ 使用备用伤害方案
[ExplosionArea]   ✅ 造成伤害(备用): 0.0 -> CLIEnemy_(120_0, 90_0)
[ExplosionArea] 共击中 1 个敌人
[ExplosionArea] 检测到 1 个重叠区域
[ExplosionArea] 区域 1: HurtboxComponent -> 父节点: CLIEnemy_(180_0, 0_0) (类型: Area2D)
[ExplosionArea]   ⚠️ 使用备用伤害方案
[ExplosionArea]   ✅ 造成伤害(备用): 0.0 -> CLIEnemy_(180_0, 0_0)
[ExplosionArea] 共击中 1 个敌人
[ExplosionArea] 检测到 1 个重叠区域
[ExplosionArea] 区域 1: HurtboxComponent -> 父节点: CLIEnemy_(90_0, -120_0) (类型: Area2D)
[ExplosionArea]   ⚠️ 使用备用伤害方案
[ExplosionArea]   ✅ 造成伤害(备用): 0.0 -> CLIEnemy_(90_0, -120_0)
[ExplosionArea] 共击中 1 个敌人
[HealthComponent] 已经死亡，忽略伤害
[PlayerBase] F pressed, ultimate_skill = UltimateSkill:<Node#230418287072>
[PlayerBase] try activate ultimate, energy: 100.0%
[RangeBehavior] ========== 开始远程攻击 ==========
[RangeBehavior] 武器名称: 激光1级
[RangeBehavior] 武器位置: (500.0, 282.3432)
[RangeBehavior] 武器旋转: -46.7371369242268度
[RangeBehavior] Muzzle 位置: (548.4041, 230.9113)
[RangeBehavior] 生成子弹:
  - 子弹场景: res://scenes/projectiles/projectile_laser.tscn
  - 生成位置: (548.4041, 230.9113)
  - 角度偏移: 0.0度
  - 速度: (1370.693, -1456.434)
  - 伤害: 11.0
[Projectile] 子弹初始化:
  - 位置: (548.4041, 230.9113)
  - 速度: (1370.693, -1456.434)
  - 伤害: 11.0
  - 暴击: false
  - 击退: 0.5
  - 发射者: PlayerGeneric
  - Hitbox 碰撞层: 4
  - Hitbox 碰撞掩码: 8
[RangeBehavior] 发射 single x1
[HealthComponent] 血量归零，触发死亡信号
[Projectile] ========== 子弹命中！==========
[Projectile] 子弹位置: (574.9211, 202.7356)
[Projectile] 目标: CLIEnemy_(90_0, -120_0)
[Projectile] 目标位置: (542.1326, 237.8267)
[Projectile] 子弹销毁
[Projectile] ✓ 生成爆炸: 伤害=1.0, 半径=200.0
[Projectile] 爆炸伤害: 13.2 (基础:11.0 × 倍率:1.2)
[ExplosionArea] 检测到 3 个重叠区域
[ExplosionArea] 区域 1: HurtboxComponent -> 父节点: CLIEnemy_(120_0, 90_0) (类型: Area2D)
[ExplosionArea]   ⚠️ 使用备用伤害方案
[ExplosionArea]   ✅ 造成伤害(备用): 13.2 -> CLIEnemy_(120_0, 90_0)
[ExplosionArea] 区域 2: HurtboxComponent -> 父节点: CLIEnemy_(90_0, -120_0) (类型: Area2D)
[ExplosionArea]   ⚠️ 使用备用伤害方案
[ExplosionArea]   ✅ 造成伤害(备用): 13.2 -> CLIEnemy_(90_0, -120_0)
[ExplosionArea] 区域 3: HurtboxComponent -> 父节点: CLIEnemy_(180_0, 0_0) (类型: Area2D)
[ExplosionArea]   ⚠️ 使用备用伤害方案
[ExplosionArea]   ✅ 造成伤害(备用): 13.2 -> CLIEnemy_(180_0, 0_0)
[ExplosionArea] 共击中 3 个敌人
[HealthComponent] 已经死亡，忽略伤害
[DebugSwitcher] test mode disabled
[BackgroundManager] 地图纹理大小: (994.000000, 460.000000)
[BackgroundManager] 初始化完成 - 瓦片大小: 2000, 已生成: 25 个瓦片
[ChestManager] 初始化完成 - 生成 2 个宝箱（分散布局）
[ChestManager] 初始化完成 - 预生成 2 个宝箱位置
[ChestIndicator] indicator_show_range = 3000 (from map_config.csv)
[ExitConfirmDialog] _ready() called
[Arena] _ready() 开始
[Arena] 已添加到 arena 组
[Arena] 已启用波末战利品模式，禁用旧宝箱流程
[Arena] 暂停菜单已初始化
[Arena] 商店面板已连接
[Arena] WaveRewardSystem 已创建
[Arena] WaveRewardPanel 已添加到 GameUI
[Arena] WildcardPanel 已添加到 GameUI
[Arena] BattleFlowController 已初始化
[Arena] Spawner 波次完成信号已连接
[Arena] 准备初始化玩家...
[Arena] _init_player_from_selection 开始
[Arena] selected_player_ids: ["lurewarden"]
[Arena] selected_player_weapons: { "lurewarden": "pistol" }
WARNING: [ConfigManager] game_config 缺少键 'enable_wave_recruit_mode'，使用默认值: 1
   at: push_warning (core/variant/variant_utility.cpp:1034)
   GDScript backtrace (most recent call first):
       [0] get_game_setting (res://autoloads/config_manager.gd:590)
       [1] is_wave_recruit_mode_enabled (res://autoloads/global.gd:298)
       [2] enter_wave_recruit_mode (res://autoloads/global.gd:303)
       [3] _init_player_from_selection (res://scenes/arena/arena_core.gd:467)
       [4] _ready (res://scenes/arena/arena_core.gd:117)
[Arena] 场景中没有默认玩家，直接生成选择的角色
[Arena] _spawn_player 开始: player_id=lurewarden, pos=(500.0, 300.0)
[Arena] Global.selected_player_weapons = { "lurewarden": "pistol" }
[Arena] visual_config: { "player_id": "lurewarden", "sprite_path": "res://assets/sprites/Players/Player_7.png", "scene_path": "res://scenes/unit/players/player_generic.tscn", "scale_x": 1.0, "scale_y": 1.0, "color_r": 1.0, "color_g": 1.0, "color_b": 1.0, "color_a": 1.0, "z_index": 1.0 }
[Arena] 创建角色: lurewarden
[PlayerFactory] 设置 player_id: lurewarden
[PlayerFactory] 已加载脚本: res://scenes/unit/players/player_lurewarden.gd (player_id=lurewarden)
[PlayerFactory] 成功创建角色: lurewarden
[Arena] 警告: player_id 不匹配，重新设置:  -> lurewarden
[PlayerBase] player lurewarden has no equipped item
[WeaponConfigLoader] 创建武器 Stats: pistol_1 (pistol Lv.1)
[ItemWeapon] 尝试加载武器场景: res://scenes/weapons/range/weapon_range_physical.tscn
[ItemWeapon] 成功加载武器场景: res://scenes/weapons/range/weapon_range_physical.tscn
[Player] weapon added: 手枪1级 (pistol_1)
[Weapon] _ready() - Sprite2D 初始化:
  - 可见性: true
  - z_index: 2
  - 缩放: (1.0, 1.0)
  - 位置: (27.0, 0.0)
  - Sprite2D 全局位置: (527.0, 300.0)
  - Weapon 全局位置: (500.0, 300.0)
[Player] weapon node added to scene
[Player] weapon position: (0.0, 0.0)
[Player] weapon global position: (500.0, 300.0)
[Player] weapon visible: true
[Player] weapon z_index: 0
[Weapon] 加载贴图: res://assets/sprites/Weapons/Range/WeaponPistol.png
[Weapon] Sprite2D 可见性: true
[Weapon] Sprite2D 位置: (27.0, 0.0)
[Weapon] Sprite2D 缩放: (1.0, 1.0)
[Weapon] 贴图大小: (200.0, 100.0)
[Weapon] 动态创建枪口节点，偏移: (20.0, -2.0)
[Weapon] 武器设置完成: 手枪1级 (pistol_1)
  - 类型: RANGE
  - 等级: 1
  - 形状类型: straight
  - 子弹模式: single
  - 碰撞体位置/缩放: (0.0, 0.0) / (1.0, 1.0)
  - 基础场景: res://scenes/weapons/range/weapon_range_physical.tscn
[Player] weapon position after layout: (0.0, -15.0)
[Player] weapon global position after layout: (500.0, 285.0)
[PlayerBase] player lurewarden loaded 1 weapons
[PlayerBase] death signal connected
[PlayerBase] start loading ultimate, player_id = lurewarden
[PlayerBase] ultimate config loaded: { "ult_id": "lurewarden_ult", "name": "诱猎号令", "duration": 10.0, "energy_cost": 40.0, "bonus_bond_tag": "commander", "visual_color_hex": "#66FF33", "scale_multiplier": 1.2, "explosion_radius": 280.0, "explosion_damage_scale": 1.0, "description": "诱猎师开启诱猎号令并强化诱饵围捕", "f_role_id": "lurewarden", "f_internal_cd": 0.95, "f_q_line_amp": 1.48, "f_q_closure_amp": 1.96, "f_special_value_1": 1.18, "f_special_value_2": 250.0, "f_special_value_3": 0.3, "f_bond_o_payload": "tag:alchemist|lv2:0.12|lv3:0.24|axis:line", "f_bond_m_payload": "tag:architect|lv2:0.16|lv3:0.32|axis:closure", "f_bond_t_payload": "tag:commander|lv2:0.10|lv3:0.20|axis:tempo" }
[PlayerBase] ultimate script loaded: (res://scenes/skills/players/f_roles/skill_lurewarden_f.gd):<GDScript#-9223371778334651887>
[PlayerBase] ultimate node created
[PlayerBase] ultimate load complete: 诱猎号令
[SkillDrawingBase] _ready(): skill_lurewarden_q, skill_owner=PlayerGeneric:<Area2D#255986763792>
[SkillDrawingBase] Line2D 创建成功: skill_lurewarden_q
[Arena] 生成角色成功: lurewarden 在位置 (500.0, 300.0)
[Arena] 玩家初始化完成
[CharacterSlot] 加载角色图标: lurewarden -> res://assets/sprites/Players/Player_7.png
[SquadHUD] 初始化 1 个角色卡槽
[Arena] 小队 HUD 初始化完成
[Arena] ===== _init_bond_hud() 开始 =====
[Arena] ✅ 找到 GameUI 节点: /root/Arena/GameUI
[Arena] ✅ BondHUD 场景加载成功
[Arena] ✅ BondHUD 实例化成功
[Arena] ✅ BondHUD 已添加到 GameUI
[Arena] BondHUD 路径: /root/Arena/GameUI/BondHUD
[Arena] BondHUD 可见性: true
[Arena] _ready() 完成，飘字保护已解除
[PlayerBase] SkillManager already exists (created by child: @Node@333), loaded=3, skip auto create
[Arena] ===== 角色切换开始 =====
[Arena] 收到角色切换请求: lurewarden
[Arena] 跳过自动保存（QEF测试模式）: character_switch
[Arena] 当前玩家: lurewarden
[Arena] 当前玩家位置: (500.0, 300.0)
[Arena] 不清理旧玩家的技能效果（默认行为）
[Arena] 调用 player.queue_free()
[Arena] 等待一帧...
[DebugSwitcher] test mode enabled: wave_time=999, key8 toggles recording
[Arena] 玩家死亡信号已连接
[Arena] 触发 BondManager 重新计算羁绊...
[Arena] 当前队伍: ["sapper", "spiritcaller", "lurewarden"]
[Arena] ✅ 羁绊计算完成
[PlayerBase] Bond stat modifiers applied:
  HP: 108 -> 141
  Speed: 640
  EnergyRegen: 0.7
  PickupRange: 225
  Damage: 10
[Arena] ✅ 羁绊属性已应用到玩家
[Arena] ===== _init_bond_hud() 完成 =====
[Arena] 玩家死亡信号已连接
[Arena] 等待完成，开始生成新角色
[Arena] _spawn_player 开始: player_id=lurewarden, pos=(500.0, 300.0)
[Arena] Global.selected_player_weapons = { "sapper": "pistol", "spiritcaller": "punch", "lurewarden": "pistol" }
[Arena] visual_config: { "player_id": "lurewarden", "sprite_path": "res://assets/sprites/Players/Player_7.png", "scene_path": "res://scenes/unit/players/player_generic.tscn", "scale_x": 1.0, "scale_y": 1.0, "color_r": 1.0, "color_g": 1.0, "color_b": 1.0, "color_a": 1.0, "z_index": 1.0 }
[Arena] 创建角色: lurewarden
[PlayerFactory] 设置 player_id: lurewarden
[PlayerFactory] 已加载脚本: res://scenes/unit/players/player_lurewarden.gd (player_id=lurewarden)
[PlayerFactory] 成功创建角色: lurewarden
[Arena] 警告: player_id 不匹配，重新设置:  -> lurewarden
[PlayerBase] player lurewarden has no equipped item
[ItemWeapon] 尝试加载武器场景: res://scenes/weapons/range/weapon_range_physical.tscn
[ItemWeapon] 成功加载武器场景: res://scenes/weapons/range/weapon_range_physical.tscn
[Player] weapon added: 手枪1级 (pistol_1)
[Weapon] _ready() - Sprite2D 初始化:
  - 可见性: true
  - z_index: 2
  - 缩放: (1.0, 1.0)
  - 位置: (27.0, 0.0)
  - Sprite2D 全局位置: (527.0, 300.0)
  - Weapon 全局位置: (500.0, 300.0)
[Player] weapon node added to scene
[Player] weapon position: (0.0, 0.0)
[Player] weapon global position: (500.0, 300.0)
[Player] weapon visible: true
[Player] weapon z_index: 0
[Weapon] 加载贴图: res://assets/sprites/Weapons/Range/WeaponPistol.png
[Weapon] Sprite2D 可见性: true
[Weapon] Sprite2D 位置: (27.0, 0.0)
[Weapon] Sprite2D 缩放: (1.0, 1.0)
[Weapon] 贴图大小: (200.0, 100.0)
[Weapon] 动态创建枪口节点，偏移: (20.0, -2.0)
[Weapon] 武器设置完成: 手枪1级 (pistol_1)
  - 类型: RANGE
  - 等级: 1
  - 形状类型: straight
  - 子弹模式: single
  - 碰撞体位置/缩放: (0.0, 0.0) / (1.0, 1.0)
  - 基础场景: res://scenes/weapons/range/weapon_range_physical.tscn
[Player] weapon position after layout: (0.0, -15.0)
[Player] weapon global position after layout: (500.0, 285.0)
[PlayerBase] player lurewarden loaded 1 weapons
[PlayerBase] death signal connected
[PlayerBase] start loading ultimate, player_id = lurewarden
[PlayerBase] ultimate config loaded: { "ult_id": "lurewarden_ult", "name": "诱猎号令", "duration": 10.0, "energy_cost": 40.0, "bonus_bond_tag": "commander", "visual_color_hex": "#66FF33", "scale_multiplier": 1.2, "explosion_radius": 280.0, "explosion_damage_scale": 1.0, "description": "诱猎师开启诱猎号令并强化诱饵围捕", "f_role_id": "lurewarden", "f_internal_cd": 0.95, "f_q_line_amp": 1.48, "f_q_closure_amp": 1.96, "f_special_value_1": 1.18, "f_special_value_2": 250.0, "f_special_value_3": 0.3, "f_bond_o_payload": "tag:alchemist|lv2:0.12|lv3:0.24|axis:line", "f_bond_m_payload": "tag:architect|lv2:0.16|lv3:0.32|axis:closure", "f_bond_t_payload": "tag:commander|lv2:0.10|lv3:0.20|axis:tempo" }
[PlayerBase] ultimate script loaded: (res://scenes/skills/players/f_roles/skill_lurewarden_f.gd):<GDScript#-9223371778334651887>
[PlayerBase] ultimate node created
[PlayerBase] ultimate load complete: 诱猎号令
[SkillDrawingBase] _ready(): skill_lurewarden_q, skill_owner=PlayerGeneric:<Area2D#272461990753>
[SkillDrawingBase] Line2D 创建成功: skill_lurewarden_q
[Arena] 生成角色成功: lurewarden 在位置 (500.0, 300.0)
[PlayerBase] Bond stat modifiers applied:
  HP: 108 -> 141
  Speed: 640
  EnergyRegen: 0.7
  PickupRange: 225
  Damage: 10
[Arena] ✅ 角色切换后羁绊属性已重新应用
[Arena] ===== 角色切换结束 =====
[PlayerBase] SkillManager already exists (created by child: @Node@354), loaded=3, skip auto create
[Arena] 玩家死亡信号已连接
[RangeBehavior] ========== 开始远程攻击 ==========
[RangeBehavior] 武器名称: 手枪1级
[RangeBehavior] 武器位置: (500.0, 285.0)
[RangeBehavior] 武器旋转: -49.3732142834473度
[RangeBehavior] Muzzle 位置: (532.5565, 247.0517)
[RangeBehavior] 生成子弹:
  - 子弹场景: res://scenes/projectiles/projectile_pistol.tscn
  - 生成位置: (532.5565, 247.0517)
  - 角度偏移: 0.0度
  - 速度: (1172.032, -1366.141)
  - 伤害: 11.0
[Projectile] 子弹初始化:
  - 位置: (532.5565, 247.0517)
  - 速度: (1172.032, -1366.141)
  - 伤害: 11.0
  - 暴击: false
  - 击退: 1.0
  - 发射者: PlayerGeneric
  - Hitbox 碰撞层: 4
  - Hitbox 碰撞掩码: 8
[RangeBehavior] 发射 single x1
[skill_lurewarden_q] ===== 鏉╂稑鍙嗙憴鍕灊濡€崇础 ===== 鐠ч鍋? (500.0002, 299.364), line_2d閺堝鏅? true
[Projectile] ========== 子弹命中！==========
[Projectile] 子弹位置: (575.5312, 196.9591)
[Projectile] 目标: CLIEnemy_(90_0, -120_0)
[Projectile] 目标位置: (582.2372, 188.741)
[Projectile] 子弹销毁
[RangeBehavior] 攻击结束
[PlayerBase] Q released -> release_skill('q')
[skill_lurewarden_q] ===== 退出规划模式 ===== 点数: 86, 闭合: false
[skill_lurewarden_q] 最终闭合判定: false
[skill_lurewarden_q] 閻㈢喐鍨氬鈧弨鎹愮熅瀵板嫭鏅ラ弸婊愮礉閸樼喎顫愰悙瑙勬殶: 86, 閸氬牆鑻熺痪鎸庮唽閺? 9
[skill_lurewarden_q] [P0-2] 线段持续加成: 5.0s -> 8.0s (+3.0s)
[skill_lurewarden_q] [P0-2] 线段持续加成: 5.0s -> 8.0s (+3.0s)
[skill_lurewarden_q] [P0-2] 线段持续加成: 5.0s -> 8.0s (+3.0s)
[skill_lurewarden_q] [P0-2] 线段持续加成: 5.0s -> 8.0s (+3.0s)
[skill_lurewarden_q] [P0-2] 线段持续加成: 5.0s -> 8.0s (+3.0s)
[skill_lurewarden_q] [P0-2] 线段持续加成: 5.0s -> 8.0s (+3.0s)
[skill_lurewarden_q] [P0-2] 线段持续加成: 5.0s -> 8.0s (+3.0s)
[skill_lurewarden_q] [P0-2] 线段持续加成: 5.0s -> 8.0s (+3.0s)
[skill_lurewarden_q] [P0-2] 线段持续加成: 5.0s -> 8.0s (+3.0s)
[skill_lurewarden_q] [P0-2] 线段持续加成: 5.0s -> 8.0s (+3.0s)
[skill_lurewarden_q] open-path effects spawned
[skill_lurewarden_q] [P0-2] 线段持续加成: 5.0s -> 8.0s (+3.0s)
[ExplosionArea] 检测到 1 个重叠区域
[ExplosionArea] 区域 1: HurtboxComponent -> 父节点: CLIEnemy_(120_0, 90_0) (类型: Area2D)
[ExplosionArea]   ⚠️ 使用备用伤害方案
[ExplosionArea]   ✅ 造成伤害(备用): 0.0 -> CLIEnemy_(120_0, 90_0)
[ExplosionArea] 共击中 1 个敌人
[ExplosionArea] 检测到 1 个重叠区域
[ExplosionArea] 区域 1: HurtboxComponent -> 父节点: CLIEnemy_(120_0, 90_0) (类型: Area2D)
[ExplosionArea]   ⚠️ 使用备用伤害方案
[ExplosionArea]   ✅ 造成伤害(备用): 0.0 -> CLIEnemy_(120_0, 90_0)
[ExplosionArea] 共击中 1 个敌人
[ExplosionArea] 检测到 0 个重叠区域
[ExplosionArea] 共击中 0 个敌人
[ExplosionArea] 检测到 0 个重叠区域
[ExplosionArea] 共击中 0 个敌人
[ExplosionArea] 检测到 0 个重叠区域
[ExplosionArea] 共击中 0 个敌人
[ExplosionArea] 检测到 0 个重叠区域
[ExplosionArea] 共击中 0 个敌人
[ExplosionArea] 检测到 0 个重叠区域
[ExplosionArea] 共击中 0 个敌人
[skill_lurewarden_q] ===== 鏉╂稑鍙嗙憴鍕灊濡€崇础 ===== 鐠ч鍋? (711.0715, 330.8399), line_2d閺堝鏅? true
[RangeBehavior] ========== 开始远程攻击 ==========
[RangeBehavior] 武器名称: 手枪1级
[RangeBehavior] 武器位置: (714.4684, 315.8038)
[RangeBehavior] 武器旋转: -168.301216017423度
[RangeBehavior] Muzzle 位置: (665.4872, 305.7615)
[RangeBehavior] 生成子弹:
  - 子弹场景: res://scenes/projectiles/projectile_pistol.tscn
  - 生成位置: (665.4872, 305.7615)
  - 角度偏移: 0.0度
  - 速度: (-1762.609, -364.9797)
  - 伤害: 11.0
[Projectile] 子弹初始化:
  - 位置: (665.4872, 305.7615)
  - 速度: (-1762.609, -364.9797)
  - 伤害: 11.0
  - 暴击: false
  - 击退: 1.0
  - 发射者: PlayerGeneric
  - Hitbox 碰撞层: 4
  - Hitbox 碰撞掩码: 8
[RangeBehavior] 发射 single x1
[Projectile] ========== 子弹命中！==========
[Projectile] 子弹位置: (660.4521, 304.7187)
[Projectile] 目标: CLIEnemy_(180_0, 0_0)
[Projectile] 目标位置: (658.802, 304.2689)
[Projectile] 子弹销毁
[Projectile] ========== 子弹命中！==========
[Projectile] 子弹位置: (660.4521, 304.7187)
[Projectile] 目标: CLIEnemy_(120_0, 90_0)
[Projectile] 目标位置: (635.8917, 351.9885)
[Projectile] 子弹销毁
[RangeBehavior] 攻击结束
[PlayerBase] Q released -> release_skill('q')
[skill_lurewarden_q] ===== 退出规划模式 ===== 点数: 130, 闭合: true
[skill_lurewarden_q] 最终闭合判定: true
[PolygonUtils] 交叉点数量: 2
[PolygonUtils] 排序后: ["[99,114]", "[102,112]"]
[PolygonUtils] 8字形检测: i1=99, j1=114, i2=102, j2=112
[PolygonUtils] ✅ 确认为8字形结构
[PolygonUtils] 提取完成，共 0 个区域
[PlayerBase] E pressed -> execute_skill('e')
[ExplosionArea] 检测到 0 个重叠区域
[ExplosionArea] 共击中 0 个敌人
[ExplosionArea] 检测到 0 个重叠区域
[ExplosionArea] 共击中 0 个敌人
[PlayerBase] F pressed, ultimate_skill = UltimateSkill:<Node#274257153201>
[PlayerBase] try activate ultimate, energy: 100.0%
[RangeBehavior] ========== 开始远程攻击 ==========
[RangeBehavior] 武器名称: 手枪1级
[RangeBehavior] 武器位置: (950.1001, 306.9724)
[RangeBehavior] 武器旋转: -138.861994204023度
[RangeBehavior] Muzzle 位置: (988.5256, 262.9832)
[RangeBehavior] 生成子弹:
  - 子弹场景: res://scenes/projectiles/projectile_pistol.tscn
  - 生成位置: (988.5256, 262.9832)
  - 角度偏移: 0.0度
  - 速度: (-1355.629, -1184.175)
  - 伤害: 11.0
[Projectile] 子弹初始化:
  - 位置: (988.5256, 262.9832)
  - 速度: (-1355.629, -1184.175)
  - 伤害: 11.0
  - 暴击: false
  - 击退: 1.0
  - 发射者: PlayerGeneric
  - Hitbox 碰撞层: 4
  - Hitbox 碰撞掩码: 8
[RangeBehavior] 发射 single x1
[DebugSwitcher] test mode disabled
[Arena] 清理了 1 个残留投射物
[BackgroundManager] 地图纹理大小: (994.000000, 460.000000)
[BackgroundManager] 初始化完成 - 瓦片大小: 2000, 已生成: 25 个瓦片
[ChestManager] 初始化完成 - 生成 2 个宝箱（分散布局）
[ChestManager] 初始化完成 - 预生成 2 个宝箱位置
[ChestIndicator] indicator_show_range = 3000 (from map_config.csv)
[ExitConfirmDialog] _ready() called
[Arena] _ready() 开始
[Arena] 已添加到 arena 组
[Arena] 已启用波末战利品模式，禁用旧宝箱流程
[Arena] 暂停菜单已初始化
[Arena] 商店面板已连接
[Arena] WaveRewardSystem 已创建
[Arena] WaveRewardPanel 已添加到 GameUI
[Arena] WildcardPanel 已添加到 GameUI
[Arena] BattleFlowController 已初始化
[Arena] Spawner 波次完成信号已连接
[Arena] 准备初始化玩家...
[Arena] _init_player_from_selection 开始
[Arena] selected_player_ids: ["pyro"]
[Arena] selected_player_weapons: { "pyro": "laser" }
WARNING: [ConfigManager] game_config 缺少键 'enable_wave_recruit_mode'，使用默认值: 1
   at: push_warning (core/variant/variant_utility.cpp:1034)
   GDScript backtrace (most recent call first):
       [0] get_game_setting (res://autoloads/config_manager.gd:590)
       [1] is_wave_recruit_mode_enabled (res://autoloads/global.gd:298)
       [2] enter_wave_recruit_mode (res://autoloads/global.gd:303)
       [3] _init_player_from_selection (res://scenes/arena/arena_core.gd:467)
       [4] _ready (res://scenes/arena/arena_core.gd:117)
[Arena] 场景中没有默认玩家，直接生成选择的角色
[Arena] _spawn_player 开始: player_id=pyro, pos=(500.0, 300.0)
[Arena] Global.selected_player_weapons = { "pyro": "laser" }
[Arena] visual_config: { "player_id": "pyro", "sprite_path": "res://assets/sprites/Players/Player_10.png", "scene_path": "res://scenes/unit/players/player_generic.tscn", "scale_x": 1.0, "scale_y": 1.0, "color_r": 1.0, "color_g": 1.0, "color_b": 1.0, "color_a": 1.0, "z_index": 1.0 }
[Arena] 创建角色: pyro
[PlayerFactory] 设置 player_id: pyro
[PlayerFactory] 已加载脚本: res://scenes/unit/players/player_pyro.gd (player_id=pyro)
[PlayerFactory] 成功创建角色: pyro
[Arena] 警告: player_id 不匹配，重新设置:  -> pyro
[PlayerBase] player pyro has no equipped item
[ItemWeapon] 尝试加载武器场景: res://scenes/weapons/range/weapon_range_beam.tscn
[ItemWeapon] 成功加载武器场景: res://scenes/weapons/range/weapon_range_beam.tscn
[Player] weapon added: 激光1级 (laser_1)
[Weapon] _ready() - Sprite2D 初始化:
  - 可见性: true
  - z_index: 2
  - 缩放: (1.0, 1.0)
  - 位置: (27.0, 0.0)
  - Sprite2D 全局位置: (527.0, 300.0)
  - Weapon 全局位置: (500.0, 300.0)
[Player] weapon node added to scene
[Player] weapon position: (0.0, 0.0)
[Player] weapon global position: (500.0, 300.0)
[Player] weapon visible: true
[Player] weapon z_index: 0
[Weapon] 加载贴图: res://assets/sprites/Weapons/Range/WeaponLaser.png
[Weapon] Sprite2D 可见性: true
[Weapon] Sprite2D 位置: (27.0, 0.0)
[Weapon] Sprite2D 缩放: (1.0, 1.0)
[Weapon] 贴图大小: (200.0, 100.0)
[Weapon] 动态创建枪口节点，偏移: (24.0, 0.0)
[Weapon] 武器设置完成: 激光1级 (laser_1)
  - 类型: RANGE
  - 等级: 1
  - 形状类型: straight
  - 子弹模式: single
  - 碰撞体位置/缩放: (0.0, 0.0) / (1.0, 1.0)
  - 基础场景: res://scenes/weapons/range/weapon_range_beam.tscn
[Player] weapon position after layout: (0.0, -15.0)
[Player] weapon global position after layout: (500.0, 285.0)
[PlayerBase] player pyro loaded 1 weapons
[PlayerBase] death signal connected
[PlayerBase] start loading ultimate, player_id = pyro
[PlayerBase] ultimate config loaded: { "ult_id": "pyro_ult", "name": "炼狱化身", "duration": 10.0, "energy_cost": 40.0, "bonus_bond_tag": "vanguard", "visual_color_hex": "#3366FF", "scale_multiplier": 1.2, "explosion_radius": 300.0, "explosion_damage_scale": 1.1, "description": "焰术师进入过热炉心并放大闭合爆燃", "f_role_id": "pyro", "f_internal_cd": 0.85, "f_q_line_amp": 1.6, "f_q_closure_amp": 2.1, "f_special_value_1": 1.3, "f_special_value_2": 240.0, "f_special_value_3": 0.22, "f_bond_o_payload": "tag:inkborn|lv2:0.12|lv3:0.24|axis:line", "f_bond_m_payload": "tag:blaster|lv2:0.16|lv3:0.32|axis:closure", "f_bond_t_payload": "tag:vanguard|lv2:0.10|lv3:0.20|axis:tempo" }
[PlayerBase] ultimate script loaded: (res://scenes/skills/players/f_roles/skill_pyro_f.gd):<GDScript#-9223371718842643665>
[PlayerBase] ultimate node created
[PlayerBase] ultimate load complete: 炼狱化身
[SkillDrawingBase] _ready(): skill_pyro_q, skill_owner=PlayerGeneric:<Area2D#315646544833>
[SkillDrawingBase] Line2D 创建成功: skill_pyro_q
[Arena] 生成角色成功: pyro 在位置 (500.0, 300.0)
[Arena] 玩家初始化完成
[CharacterSlot] 加载角色图标: pyro -> res://assets/sprites/Players/Player_10.png
[SquadHUD] 初始化 1 个角色卡槽
[Arena] 小队 HUD 初始化完成
[Arena] ===== _init_bond_hud() 开始 =====
[Arena] ✅ 找到 GameUI 节点: /root/Arena/GameUI
[Arena] ✅ BondHUD 场景加载成功
[Arena] ✅ BondHUD 实例化成功
[Arena] ✅ BondHUD 已添加到 GameUI
[Arena] BondHUD 路径: /root/Arena/GameUI/BondHUD
[Arena] BondHUD 可见性: true
[Arena] _ready() 完成，飘字保护已解除
[PlayerBase] SkillManager already exists (created by child: @Node@548), loaded=3, skip auto create
[Arena] ===== 角色切换开始 =====
[Arena] 收到角色切换请求: pyro
[Arena] 跳过自动保存（QEF测试模式）: character_switch
[Arena] 当前玩家: pyro
[Arena] 当前玩家位置: (500.0, 300.0)
[Arena] 不清理旧玩家的技能效果（默认行为）
[Arena] 调用 player.queue_free()
[Arena] 等待一帧...
[DebugSwitcher] test mode enabled: wave_time=999, key8 toggles recording
[Arena] 玩家死亡信号已连接
[Arena] 触发 BondManager 重新计算羁绊...
[Arena] 当前队伍: ["butcher", "pyro", "weaver"]
[Arena] ✅ 羁绊计算完成
[PlayerBase] Bond stat modifiers applied:
  HP: 98 -> 98
  Speed: 500
  EnergyRegen: 1.6
  PickupRange: 150
  Damage: 10
[Arena] ✅ 羁绊属性已应用到玩家
[Arena] ===== _init_bond_hud() 完成 =====
[Arena] 玩家死亡信号已连接
[Arena] 等待完成，开始生成新角色
[Arena] _spawn_player 开始: player_id=pyro, pos=(500.0, 300.0)
[Arena] Global.selected_player_weapons = { "butcher": "punch", "pyro": "laser", "weaver": "laser" }
[Arena] visual_config: { "player_id": "pyro", "sprite_path": "res://assets/sprites/Players/Player_10.png", "scene_path": "res://scenes/unit/players/player_generic.tscn", "scale_x": 1.0, "scale_y": 1.0, "color_r": 1.0, "color_g": 1.0, "color_b": 1.0, "color_a": 1.0, "z_index": 1.0 }
[Arena] 创建角色: pyro
[PlayerFactory] 设置 player_id: pyro
[PlayerFactory] 已加载脚本: res://scenes/unit/players/player_pyro.gd (player_id=pyro)
[PlayerFactory] 成功创建角色: pyro
[Arena] 警告: player_id 不匹配，重新设置:  -> pyro
[PlayerBase] player pyro has no equipped item
[ItemWeapon] 尝试加载武器场景: res://scenes/weapons/range/weapon_range_beam.tscn
[ItemWeapon] 成功加载武器场景: res://scenes/weapons/range/weapon_range_beam.tscn
[Player] weapon added: 激光1级 (laser_1)
[Weapon] _ready() - Sprite2D 初始化:
  - 可见性: true
  - z_index: 2
  - 缩放: (1.0, 1.0)
  - 位置: (27.0, 0.0)
  - Sprite2D 全局位置: (527.0, 300.0)
  - Weapon 全局位置: (500.0, 300.0)
[Player] weapon node added to scene
[Player] weapon position: (0.0, 0.0)
[Player] weapon global position: (500.0, 300.0)
[Player] weapon visible: true
[Player] weapon z_index: 0
[Weapon] 加载贴图: res://assets/sprites/Weapons/Range/WeaponLaser.png
[Weapon] Sprite2D 可见性: true
[Weapon] Sprite2D 位置: (27.0, 0.0)
[Weapon] Sprite2D 缩放: (1.0, 1.0)
[Weapon] 贴图大小: (200.0, 100.0)
[Weapon] 动态创建枪口节点，偏移: (24.0, 0.0)
[Weapon] 武器设置完成: 激光1级 (laser_1)
  - 类型: RANGE
  - 等级: 1
  - 形状类型: straight
  - 子弹模式: single
  - 碰撞体位置/缩放: (0.0, 0.0) / (1.0, 1.0)
  - 基础场景: res://scenes/weapons/range/weapon_range_beam.tscn
[Player] weapon position after layout: (0.0, -15.0)
[Player] weapon global position after layout: (500.0, 285.0)
[PlayerBase] player pyro loaded 1 weapons
[PlayerBase] death signal connected
[PlayerBase] start loading ultimate, player_id = pyro
[PlayerBase] ultimate config loaded: { "ult_id": "pyro_ult", "name": "炼狱化身", "duration": 10.0, "energy_cost": 40.0, "bonus_bond_tag": "vanguard", "visual_color_hex": "#3366FF", "scale_multiplier": 1.2, "explosion_radius": 300.0, "explosion_damage_scale": 1.1, "description": "焰术师进入过热炉心并放大闭合爆燃", "f_role_id": "pyro", "f_internal_cd": 0.85, "f_q_line_amp": 1.6, "f_q_closure_amp": 2.1, "f_special_value_1": 1.3, "f_special_value_2": 240.0, "f_special_value_3": 0.22, "f_bond_o_payload": "tag:inkborn|lv2:0.12|lv3:0.24|axis:line", "f_bond_m_payload": "tag:blaster|lv2:0.16|lv3:0.32|axis:closure", "f_bond_t_payload": "tag:vanguard|lv2:0.10|lv3:0.20|axis:tempo" }
[PlayerBase] ultimate script loaded: (res://scenes/skills/players/f_roles/skill_pyro_f.gd):<GDScript#-9223371718842643665>
[PlayerBase] ultimate node created
[PlayerBase] ultimate load complete: 炼狱化身
[SkillDrawingBase] _ready(): skill_pyro_q, skill_owner=PlayerGeneric:<Area2D#328816659532>
[SkillDrawingBase] Line2D 创建成功: skill_pyro_q
[Arena] 生成角色成功: pyro 在位置 (500.0, 300.0)
[PlayerBase] Bond stat modifiers applied:
  HP: 98 -> 98
  Speed: 500
  EnergyRegen: 1.6
  PickupRange: 150
  Damage: 10
[Arena] ✅ 角色切换后羁绊属性已重新应用
[Arena] ===== 角色切换结束 =====
[PlayerBase] SkillManager already exists (created by child: @Node@569), loaded=3, skip auto create
[Arena] 玩家死亡信号已连接
[RangeBehavior] ========== 开始远程攻击 ==========
[RangeBehavior] 武器名称: 激光1级
[RangeBehavior] 武器位置: (500.0, 285.0)
[RangeBehavior] 武器旋转: -50.0822698815647度
[RangeBehavior] Muzzle 位置: (538.5012, 238.982)
[RangeBehavior] 生成子弹:
  - 子弹场景: res://scenes/projectiles/projectile_laser.tscn
  - 生成位置: (538.5012, 238.982)
  - 角度偏移: 0.0度
  - 速度: (1283.374, -1533.933)
  - 伤害: 11.0
[Projectile] 子弹初始化:
  - 位置: (538.5012, 238.982)
  - 速度: (1283.374, -1533.933)
  - 伤害: 11.0
  - 暴击: false
  - 击退: 0.5
  - 发射者: PlayerGeneric
  - Hitbox 碰撞层: 4
  - Hitbox 碰撞掩码: 8
[RangeBehavior] 发射 single x1
[skill_pyro_q] ===== 鏉╂稑鍙嗙憴鍕灊濡€崇础 ===== 鐠ч鍋? (500.0002, 299.364), line_2d閺堝鏅? true
[Projectile] ========== 子弹命中！==========
[Projectile] 子弹位置: (574.9843, 195.377)
[Projectile] 目标: CLIEnemy_(90_0, -120_0)
[Projectile] 目标位置: (582.8381, 188.2933)
[Projectile] 子弹销毁
[RangeBehavior] 攻击结束
[PlayerBase] Q released -> release_skill('q')
[skill_pyro_q] ===== 退出规划模式 ===== 点数: 65, 闭合: false
[skill_pyro_q] 最终闭合判定: false
[skill_pyro_q] 閻㈢喐鍨氬鈧弨鎹愮熅瀵板嫭鏅ラ弸婊愮礉閸樼喎顫愰悙瑙勬殶: 65, 閸氬牆鑻熺痪鎸庮唽閺? 7
[skill_pyro_q] open-path effects spawned
[skill_pyro_q] ===== 鏉╂稑鍙嗙憴鍕灊濡€崇础 ===== 鐠ч鍋? (500.0002, 299.364), line_2d閺堝鏅? true
[RangeBehavior] ========== 开始远程攻击 ==========
[RangeBehavior] 武器名称: 激光1级
[RangeBehavior] 武器位置: (500.0, 285.0)
[RangeBehavior] 武器旋转: 51.1540153547989度
[RangeBehavior] Muzzle 位置: (537.6337, 331.7301)
[RangeBehavior] 生成子弹:
  - 子弹场景: res://scenes/projectiles/projectile_laser.tscn
  - 生成位置: (537.6337, 331.7301)
  - 角度偏移: 0.0度
  - 速度: (1254.458, 1557.67)
  - 伤害: 11.0
[Projectile] 子弹初始化:
  - 位置: (537.6337, 331.7301)
  - 速度: (1254.458, 1557.67)
  - 伤害: 11.0
  - 暴击: false
  - 击退: 0.5
  - 发射者: PlayerGeneric
  - Hitbox 碰撞层: 4
  - Hitbox 碰撞掩码: 8
[RangeBehavior] 发射 single x1
[Projectile] ========== 子弹命中！==========
[Projectile] 子弹位置: (540.4775, 335.2611)
[Projectile] 目标: CLIEnemy_(120_0, 90_0)
[Projectile] 目标位置: (553.4944, 353.3151)
[Projectile] 子弹销毁
[RangeBehavior] 攻击结束
[PlayerBase] Q released -> release_skill('q')
[skill_pyro_q] ===== 退出规划模式 ===== 点数: 109, 闭合: true
[skill_pyro_q] 最终闭合判定: true
[skill_pyro_q] detected 1 closed polygons
[ExplosionArea] 检测到 0 个重叠区域
[ExplosionArea] 共击中 0 个敌人
[HealthComponent] 血量归零，触发死亡信号
[PlayerBase] E pressed -> execute_skill('e')
[HealthComponent] 已经死亡，忽略伤害
[RangeBehavior] ========== 开始远程攻击 ==========
[RangeBehavior] 武器名称: 激光1级
[RangeBehavior] 武器位置: (498.5931, 286.4997)
[RangeBehavior] 武器旋转: 8.59372266936889度
[RangeBehavior] Muzzle 位置: (557.9194, 295.4653)
[RangeBehavior] 生成子弹:
  - 子弹场景: res://scenes/projectiles/projectile_laser.tscn
  - 生成位置: (557.9194, 295.4653)
  - 角度偏移: 0.0度
  - 速度: (1977.546, 298.854)
  - 伤害: 11.0
[Projectile] 子弹初始化:
  - 位置: (557.9194, 295.4653)
  - 速度: (1977.546, 298.854)
  - 伤害: 11.0
  - 暴击: false
  - 击退: 0.5
  - 发射者: PlayerGeneric
  - Hitbox 碰撞层: 4
  - Hitbox 碰撞掩码: 8
[RangeBehavior] 发射 single x1
[Projectile] ========== 子弹命中！==========
[Projectile] 子弹位置: (618.17, 304.5707)
[Projectile] 目标: CLIEnemy_(180_0, 0_0)
[Projectile] 目标位置: (558.4487, 297.45)
[Projectile] 子弹销毁
[ExplosionArea] 检测到 2 个重叠区域
[ExplosionArea] 区域 1: HurtboxComponent -> 父节点: CLIEnemy_(180_0, 0_0) (类型: Area2D)
[ExplosionArea]   ⚠️ 使用备用伤害方案
[ExplosionArea]   ✅ 造成伤害(备用): 0.0 -> CLIEnemy_(180_0, 0_0)
[ExplosionArea] 区域 2: HurtboxComponent -> 父节点: CLIEnemy_(120_0, 90_0) (类型: Area2D)
[ExplosionArea]   ⚠️ 使用备用伤害方案
[ExplosionArea]   ✅ 造成伤害(备用): 0.0 -> CLIEnemy_(120_0, 90_0)
[ExplosionArea] 共击中 2 个敌人
[RangeBehavior] 攻击结束
[PlayerBase] F pressed, ultimate_skill = UltimateSkill:<Node#330611820543>
[PlayerBase] try activate ultimate, energy: 100.0%
[DebugSwitcher] test mode disabled
[BackgroundManager] 地图纹理大小: (994.000000, 460.000000)
[BackgroundManager] 初始化完成 - 瓦片大小: 2000, 已生成: 25 个瓦片
[ChestManager] 初始化完成 - 生成 2 个宝箱（分散布局）
[ChestManager] 初始化完成 - 预生成 2 个宝箱位置
[ChestIndicator] indicator_show_range = 3000 (from map_config.csv)
[ExitConfirmDialog] _ready() called
[Arena] _ready() 开始
[Arena] 已添加到 arena 组
[Arena] 已启用波末战利品模式，禁用旧宝箱流程
[Arena] 暂停菜单已初始化
[Arena] 商店面板已连接
[Arena] WaveRewardSystem 已创建
[Arena] WaveRewardPanel 已添加到 GameUI
[Arena] WildcardPanel 已添加到 GameUI
[Arena] BattleFlowController 已初始化
[Arena] Spawner 波次完成信号已连接
[Arena] 准备初始化玩家...
[Arena] _init_player_from_selection 开始
[Arena] selected_player_ids: ["glacier"]
[Arena] selected_player_weapons: { "glacier": "punch" }
WARNING: [ConfigManager] game_config 缺少键 'enable_wave_recruit_mode'，使用默认值: 1
   at: push_warning (core/variant/variant_utility.cpp:1034)
   GDScript backtrace (most recent call first):
       [0] get_game_setting (res://autoloads/config_manager.gd:590)
       [1] is_wave_recruit_mode_enabled (res://autoloads/global.gd:298)
       [2] enter_wave_recruit_mode (res://autoloads/global.gd:303)
       [3] _init_player_from_selection (res://scenes/arena/arena_core.gd:467)
       [4] _ready (res://scenes/arena/arena_core.gd:117)
[Arena] 场景中没有默认玩家，直接生成选择的角色
[Arena] _spawn_player 开始: player_id=glacier, pos=(500.0, 300.0)
[Arena] Global.selected_player_weapons = { "glacier": "punch" }
[Arena] visual_config: { "player_id": "glacier", "sprite_path": "res://assets/sprites/Players/Player_1.png", "scene_path": "res://scenes/unit/players/player_generic.tscn", "scale_x": 1.0, "scale_y": 1.0, "color_r": 1.0, "color_g": 1.0, "color_b": 1.0, "color_a": 1.0, "z_index": 1.0 }
[Arena] 创建角色: glacier
[PlayerFactory] 设置 player_id: glacier
[PlayerFactory] 已加载脚本: res://scenes/unit/players/player_glacier.gd (player_id=glacier)
[PlayerFactory] 成功创建角色: glacier
[Arena] 警告: player_id 不匹配，重新设置:  -> glacier
[PlayerBase] player glacier has no equipped item
[ItemWeapon] 尝试加载武器场景: res://scenes/weapons/melee/weapon_melee_point.tscn
[ItemWeapon] 成功加载武器场景: res://scenes/weapons/melee/weapon_melee_point.tscn
[Player] weapon added: 拳头1级 (punch_1)
[Weapon] _ready() - Sprite2D 初始化:
  - 可见性: true
  - z_index: 2
  - 缩放: (1.0, 1.0)
  - 位置: (27.0, 0.0)
  - Sprite2D 全局位置: (527.0, 300.0)
  - Weapon 全局位置: (500.0, 300.0)
[Player] weapon node added to scene
[Player] weapon position: (0.0, 0.0)
[Player] weapon global position: (500.0, 300.0)
[Player] weapon visible: true
[Player] weapon z_index: 0
[Weapon] 加载贴图: res://assets/sprites/Weapons/Melee/Weapon_Punch.png
[Weapon] Sprite2D 可见性: true
[Weapon] Sprite2D 位置: (27.0, 0.0)
[Weapon] Sprite2D 缩放: (1.0, 1.0)
[Weapon] 贴图大小: (200.0, 100.0)
[Weapon] 武器设置完成: 拳头1级 (punch_1)
  - 类型: MELEE
  - 等级: 1
  - 形状类型: point
  - 子弹模式: 未指定
  - 碰撞体: 由 MeleeBehavior 动态创建
  - 基础场景: res://scenes/weapons/melee/weapon_melee_point.tscn
[Player] weapon position after layout: (0.0, -15.0)
[Player] weapon global position after layout: (500.0, 285.0)
[PlayerBase] player glacier loaded 1 weapons
[PlayerBase] death signal connected
[PlayerBase] start loading ultimate, player_id = glacier
[PlayerBase] ultimate config loaded: { "ult_id": "glacier_ult", "name": "极夜冰环", "duration": 10.0, "energy_cost": 40.0, "bonus_bond_tag": "vanguard", "visual_color_hex": "#66CCFF", "scale_multiplier": 1.2, "explosion_radius": 230.0, "explosion_damage_scale": 1.1, "description": "冰河释放极夜冰环并强化冻结碎裂", "f_role_id": "glacier", "f_internal_cd": 1.05, "f_q_line_amp": 1.4, "f_q_closure_amp": 1.9, "f_special_value_1": 1.1, "f_special_value_2": 240.0, "f_special_value_3": 0.34, "f_bond_o_payload": "tag:colossus|lv2:0.12|lv3:0.24|axis:line", "f_bond_m_payload": "tag:architect|lv2:0.16|lv3:0.32|axis:closure", "f_bond_t_payload": "tag:vanguard|lv2:0.10|lv3:0.20|axis:tempo" }
[PlayerBase] ultimate script loaded: (res://scenes/skills/players/f_roles/skill_glacier_f.gd):<GDScript#-9223371672554305580>
[PlayerBase] ultimate node created
[PlayerBase] ultimate load complete: 极夜冰环
[SkillDrawingBase] _ready(): skill_glacier_q, skill_owner=PlayerGeneric:<Area2D#362203319540>
[SkillDrawingBase] Line2D 创建成功: skill_glacier_q
[Arena] 生成角色成功: glacier 在位置 (500.0, 300.0)
[Arena] 玩家初始化完成
[CharacterSlot] 加载角色图标: glacier -> res://assets/sprites/Players/Player_1.png
[SquadHUD] 初始化 1 个角色卡槽
[Arena] 小队 HUD 初始化完成
[Arena] ===== _init_bond_hud() 开始 =====
[Arena] ✅ 找到 GameUI 节点: /root/Arena/GameUI
[Arena] ✅ BondHUD 场景加载成功
[Arena] ✅ BondHUD 实例化成功
[Arena] ✅ BondHUD 已添加到 GameUI
[Arena] BondHUD 路径: /root/Arena/GameUI/BondHUD
[Arena] BondHUD 可见性: true
[Arena] _ready() 完成，飘字保护已解除
[PlayerBase] SkillManager already exists (created by child: @Node@718), loaded=3, skip auto create
[Arena] ===== 角色切换开始 =====
[Arena] 收到角色切换请求: glacier
[Arena] 跳过自动保存（QEF测试模式）: character_switch
[Arena] 当前玩家: glacier
[Arena] 当前玩家位置: (500.0, 300.0)
[Arena] 不清理旧玩家的技能效果（默认行为）
[Arena] 调用 player.queue_free()
[Arena] 等待一帧...
[DebugSwitcher] test mode enabled: wave_time=999, key8 toggles recording
[Arena] 玩家死亡信号已连接
[Arena] 触发 BondManager 重新计算羁绊...
[Arena] 当前队伍: ["glacier", "arcstriker", "runeblazer"]
[Arena] ✅ 羁绊计算完成
[PlayerBase] Bond stat modifiers applied:
  HP: 158 -> 158
  Speed: 400
  EnergyRegen: 0.5
  PickupRange: 150
  Damage: 10
[Arena] ✅ 羁绊属性已应用到玩家
[Arena] ===== _init_bond_hud() 完成 =====
[Arena] 玩家死亡信号已连接
[Arena] 等待完成，开始生成新角色
[Arena] _spawn_player 开始: player_id=glacier, pos=(500.0, 300.0)
[Arena] Global.selected_player_weapons = { "glacier": "punch", "arcstriker": "punch", "runeblazer": "punch" }
[Arena] visual_config: { "player_id": "glacier", "sprite_path": "res://assets/sprites/Players/Player_1.png", "scene_path": "res://scenes/unit/players/player_generic.tscn", "scale_x": 1.0, "scale_y": 1.0, "color_r": 1.0, "color_g": 1.0, "color_b": 1.0, "color_a": 1.0, "z_index": 1.0 }
[Arena] 创建角色: glacier
[PlayerFactory] 设置 player_id: glacier
[PlayerFactory] 已加载脚本: res://scenes/unit/players/player_glacier.gd (player_id=glacier)
[PlayerFactory] 成功创建角色: glacier
[Arena] 警告: player_id 不匹配，重新设置:  -> glacier
[PlayerBase] player glacier has no equipped item
[ItemWeapon] 尝试加载武器场景: res://scenes/weapons/melee/weapon_melee_point.tscn
[ItemWeapon] 成功加载武器场景: res://scenes/weapons/melee/weapon_melee_point.tscn
[Player] weapon added: 拳头1级 (punch_1)
[Weapon] _ready() - Sprite2D 初始化:
  - 可见性: true
  - z_index: 2
  - 缩放: (1.0, 1.0)
  - 位置: (27.0, 0.0)
  - Sprite2D 全局位置: (527.0, 300.0)
  - Weapon 全局位置: (500.0, 300.0)
[Player] weapon node added to scene
[Player] weapon position: (0.0, 0.0)
[Player] weapon global position: (500.0, 300.0)
[Player] weapon visible: true
[Player] weapon z_index: 0
[Weapon] 加载贴图: res://assets/sprites/Weapons/Melee/Weapon_Punch.png
[Weapon] Sprite2D 可见性: true
[Weapon] Sprite2D 位置: (27.0, 0.0)
[Weapon] Sprite2D 缩放: (1.0, 1.0)
[Weapon] 贴图大小: (200.0, 100.0)
[Weapon] 武器设置完成: 拳头1级 (punch_1)
  - 类型: MELEE
  - 等级: 1
  - 形状类型: point
  - 子弹模式: 未指定
  - 碰撞体: 由 MeleeBehavior 动态创建
  - 基础场景: res://scenes/weapons/melee/weapon_melee_point.tscn
[Player] weapon position after layout: (0.0, -15.0)
[Player] weapon global position after layout: (500.0, 285.0)
[PlayerBase] player glacier loaded 1 weapons
[PlayerBase] death signal connected
[PlayerBase] start loading ultimate, player_id = glacier
[PlayerBase] ultimate config loaded: { "ult_id": "glacier_ult", "name": "极夜冰环", "duration": 10.0, "energy_cost": 40.0, "bonus_bond_tag": "vanguard", "visual_color_hex": "#66CCFF", "scale_multiplier": 1.2, "explosion_radius": 230.0, "explosion_damage_scale": 1.1, "description": "冰河释放极夜冰环并强化冻结碎裂", "f_role_id": "glacier", "f_internal_cd": 1.05, "f_q_line_amp": 1.4, "f_q_closure_amp": 1.9, "f_special_value_1": 1.1, "f_special_value_2": 240.0, "f_special_value_3": 0.34, "f_bond_o_payload": "tag:colossus|lv2:0.12|lv3:0.24|axis:line", "f_bond_m_payload": "tag:architect|lv2:0.16|lv3:0.32|axis:closure", "f_bond_t_payload": "tag:vanguard|lv2:0.10|lv3:0.20|axis:tempo" }
[PlayerBase] ultimate script loaded: (res://scenes/skills/players/f_roles/skill_glacier_f.gd):<GDScript#-9223371672554305580>
[PlayerBase] ultimate node created
[PlayerBase] ultimate load complete: 极夜冰环
[SkillDrawingBase] _ready(): skill_glacier_q, skill_owner=PlayerGeneric:<Area2D#373947369816>
[SkillDrawingBase] Line2D 创建成功: skill_glacier_q
[Arena] 生成角色成功: glacier 在位置 (500.0, 300.0)
[PlayerBase] Bond stat modifiers applied:
  HP: 158 -> 158
  Speed: 400
  EnergyRegen: 0.5
  PickupRange: 150
  Damage: 10
[Arena] ✅ 角色切换后羁绊属性已重新应用
[Arena] ===== 角色切换结束 =====
[PlayerBase] SkillManager already exists (created by child: @Node@737), loaded=3, skip auto create
[Arena] 玩家死亡信号已连接
[skill_glacier_q] ===== 鏉╂稑鍙嗙憴鍕灊濡€崇础 ===== 鐠ч鍋? (500.0002, 299.364), line_2d閺堝鏅? true
[PlayerBase] Q released -> release_skill('q')
[skill_glacier_q] ===== 退出规划模式 ===== 点数: 65, 闭合: false
[skill_glacier_q] 最终闭合判定: false
[skill_glacier_q] 閻㈢喐鍨氬鈧弨鎹愮熅瀵板嫭鏅ラ弸婊愮礉閸樼喎顫愰悙瑙勬殶: 65, 閸氬牆鑻熺痪鎸庮唽閺? 6
[skill_glacier_q] open-path effects spawned
[ExplosionArea] 检测到 0 个重叠区域
[ExplosionArea] 共击中 0 个敌人
[ExplosionArea] 检测到 0 个重叠区域
[ExplosionArea] 共击中 0 个敌人
[ExplosionArea] 检测到 0 个重叠区域
[ExplosionArea] 共击中 0 个敌人
[ExplosionArea] 检测到 0 个重叠区域
[ExplosionArea] 共击中 0 个敌人
[skill_glacier_q] ===== 鏉╂稑鍙嗙憴鍕灊濡€崇础 ===== 鐠ч鍋? (500.0002, 299.364), line_2d閺堝鏅? true
[HealthComponent] 血量归零，触发死亡信号
[HealthComponent] 已经死亡，忽略伤害
[HealthComponent] 已经死亡，忽略伤害
[HealthComponent] 已经死亡，忽略伤害
[HealthComponent] 已经死亡，忽略伤害
[HealthComponent] 已经死亡，忽略伤害
[ExplosionArea] 检测到 0 个重叠区域
[ExplosionArea] 共击中 0 个敌人
[ExplosionArea] 检测到 1 个重叠区域
[ExplosionArea] 区域 1: HurtboxComponent -> 父节点: CLIEnemy_(120_0, 90_0) (类型: Area2D)
[ExplosionArea]   ⚠️ 使用备用伤害方案
[ExplosionArea]   ✅ 造成伤害(备用): 0.0 -> CLIEnemy_(120_0, 90_0)
[ExplosionArea] 共击中 1 个敌人
[HealthComponent] 已经死亡，忽略伤害
[HealthComponent] 已经死亡，忽略伤害
[PlayerBase] Q released -> release_skill('q')
[skill_glacier_q] ===== 退出规划模式 ===== 点数: 109, 闭合: true
[skill_glacier_q] 最终闭合判定: true
[skill_glacier_q] detected 1 closed polygons
[HealthComponent] 已经死亡，忽略伤害
[PlayerBase] E pressed -> execute_skill('e')
[HealthComponent] 血量归零，触发死亡信号
[HealthComponent] 已经死亡，忽略伤害
[ExplosionArea] 检测到 0 个重叠区域
[ExplosionArea] 共击中 0 个敌人
[ExplosionArea] 检测到 0 个重叠区域
[ExplosionArea] 共击中 0 个敌人
[ExplosionArea] 检测到 0 个重叠区域
[ExplosionArea] 共击中 0 个敌人
[ExplosionArea] 检测到 0 个重叠区域
[ExplosionArea] 共击中 0 个敌人
[ExplosionArea] 检测到 0 个重叠区域
[ExplosionArea] 共击中 0 个敌人
[ExplosionArea] 检测到 0 个重叠区域
[ExplosionArea] 共击中 0 个敌人
[HealthComponent] 血量归零，触发死亡信号
[PlayerBase] F pressed, ultimate_skill = UltimateSkill:<Node#375675423266>
[PlayerBase] try activate ultimate, energy: 100.0%
[DebugSwitcher] test mode disabled
[BackgroundManager] 地图纹理大小: (994.000000, 460.000000)
[BackgroundManager] 初始化完成 - 瓦片大小: 2000, 已生成: 25 个瓦片
[ChestManager] 初始化完成 - 生成 2 个宝箱（分散布局）
[ChestManager] 初始化完成 - 预生成 2 个宝箱位置
[ChestIndicator] indicator_show_range = 3000 (from map_config.csv)
[ExitConfirmDialog] _ready() called
[Arena] _ready() 开始
[Arena] 已添加到 arena 组
[Arena] 已启用波末战利品模式，禁用旧宝箱流程
[Arena] 暂停菜单已初始化
[Arena] 商店面板已连接
[Arena] WaveRewardSystem 已创建
[Arena] WaveRewardPanel 已添加到 GameUI
[Arena] WildcardPanel 已添加到 GameUI
[Arena] BattleFlowController 已初始化
[Arena] Spawner 波次完成信号已连接
[Arena] 准备初始化玩家...
[Arena] _init_player_from_selection 开始
[Arena] selected_player_ids: ["quartermaster"]
[Arena] selected_player_weapons: { "quartermaster": "punch" }
WARNING: [ConfigManager] game_config 缺少键 'enable_wave_recruit_mode'，使用默认值: 1
   at: push_warning (core/variant/variant_utility.cpp:1034)
   GDScript backtrace (most recent call first):
       [0] get_game_setting (res://autoloads/config_manager.gd:590)
       [1] is_wave_recruit_mode_enabled (res://autoloads/global.gd:298)
       [2] enter_wave_recruit_mode (res://autoloads/global.gd:303)
       [3] _init_player_from_selection (res://scenes/arena/arena_core.gd:467)
       [4] _ready (res://scenes/arena/arena_core.gd:117)
[Arena] 场景中没有默认玩家，直接生成选择的角色
[Arena] _spawn_player 开始: player_id=quartermaster, pos=(500.0, 300.0)
[Arena] Global.selected_player_weapons = { "quartermaster": "punch" }
[Arena] visual_config: { "player_id": "quartermaster", "sprite_path": "res://assets/sprites/Players/Player_15.png", "scene_path": "res://scenes/unit/players/player_generic.tscn", "scale_x": 1.0, "scale_y": 1.0, "color_r": 1.0, "color_g": 1.0, "color_b": 1.0, "color_a": 1.0, "z_index": 1.0 }
[Arena] 创建角色: quartermaster
[PlayerFactory] 设置 player_id: quartermaster
[PlayerFactory] 已加载脚本: res://scenes/unit/players/player_quartermaster.gd (player_id=quartermaster)
[PlayerFactory] 成功创建角色: quartermaster
[Arena] 警告: player_id 不匹配，重新设置:  -> quartermaster
[PlayerBase] player quartermaster has no equipped item
[ItemWeapon] 尝试加载武器场景: res://scenes/weapons/melee/weapon_melee_point.tscn
[ItemWeapon] 成功加载武器场景: res://scenes/weapons/melee/weapon_melee_point.tscn
[Player] weapon added: 拳头1级 (punch_1)
[Weapon] _ready() - Sprite2D 初始化:
  - 可见性: true
  - z_index: 2
  - 缩放: (1.0, 1.0)
  - 位置: (27.0, 0.0)
  - Sprite2D 全局位置: (527.0, 300.0)
  - Weapon 全局位置: (500.0, 300.0)
[Player] weapon node added to scene
[Player] weapon position: (0.0, 0.0)
[Player] weapon global position: (500.0, 300.0)
[Player] weapon visible: true
[Player] weapon z_index: 0
[Weapon] 加载贴图: res://assets/sprites/Weapons/Melee/Weapon_Punch.png
[Weapon] Sprite2D 可见性: true
[Weapon] Sprite2D 位置: (27.0, 0.0)
[Weapon] Sprite2D 缩放: (1.0, 1.0)
[Weapon] 贴图大小: (200.0, 100.0)
[Weapon] 武器设置完成: 拳头1级 (punch_1)
  - 类型: MELEE
  - 等级: 1
  - 形状类型: point
  - 子弹模式: 未指定
  - 碰撞体: 由 MeleeBehavior 动态创建
  - 基础场景: res://scenes/weapons/melee/weapon_melee_point.tscn
[Player] weapon position after layout: (0.0, -15.0)
[Player] weapon global position after layout: (500.0, 285.0)
[PlayerBase] player quartermaster loaded 1 weapons
[PlayerBase] death signal connected
[PlayerBase] start loading ultimate, player_id = quartermaster
[PlayerBase] ultimate config loaded: { "ult_id": "quartermaster_ult", "name": "火力链路", "duration": 10.0, "energy_cost": 40.0, "bonus_bond_tag": "assist", "visual_color_hex": "#999933", "scale_multiplier": 1.2, "explosion_radius": 240.0, "explosion_damage_scale": 1.1, "description": "军需官进入火力链路并增强压制节奏", "f_role_id": "quartermaster", "f_internal_cd": 0.95, "f_q_line_amp": 1.52, "f_q_closure_amp": 1.98, "f_special_value_1": 1.18, "f_special_value_2": 240.0, "f_special_value_3": 0.31, "f_bond_o_payload": "tag:alchemist|lv2:0.12|lv3:0.24|axis:line", "f_bond_m_payload": "tag:blaster|lv2:0.16|lv3:0.32|axis:closure", "f_bond_t_payload": "tag:assist|lv2:0.10|lv3:0.20|axis:tempo" }
[PlayerBase] ultimate script loaded: (res://scenes/skills/players/f_roles/skill_quartermaster_f.gd):<GDScript#-9223371549828970226>
[PlayerBase] ultimate node created
[PlayerBase] ultimate load complete: 火力链路
[SkillDrawingBase] _ready(): skill_quartermaster_q, skill_owner=PlayerGeneric:<Area2D#484727327199>
[SkillDrawingBase] Line2D 创建成功: skill_quartermaster_q
[Arena] 生成角色成功: quartermaster 在位置 (500.0, 300.0)
[Arena] 玩家初始化完成
[CharacterSlot] 加载角色图标: quartermaster -> res://assets/sprites/Players/Player_15.png
[SquadHUD] 初始化 1 个角色卡槽
[Arena] 小队 HUD 初始化完成
[Arena] ===== _init_bond_hud() 开始 =====
[Arena] ✅ 找到 GameUI 节点: /root/Arena/GameUI
[Arena] ✅ BondHUD 场景加载成功
[Arena] ✅ BondHUD 实例化成功
[Arena] ✅ BondHUD 已添加到 GameUI
[Arena] BondHUD 路径: /root/Arena/GameUI/BondHUD
[Arena] BondHUD 可见性: true
[Arena] _ready() 完成，飘字保护已解除
[PlayerBase] SkillManager already exists (created by child: @Node@1216), loaded=3, skip auto create
[Arena] ===== 角色切换开始 =====
[Arena] 收到角色切换请求: quartermaster
[Arena] 跳过自动保存（QEF测试模式）: character_switch
[Arena] 当前玩家: quartermaster
[Arena] 当前玩家位置: (500.0, 300.0)
[Arena] 不清理旧玩家的技能效果（默认行为）
[Arena] 调用 player.queue_free()
[Arena] 等待一帧...
[DebugSwitcher] test mode enabled: wave_time=999, key8 toggles recording
[Arena] 玩家死亡信号已连接
[Arena] 触发 BondManager 重新计算羁绊...
[Arena] 当前队伍: ["quartermaster", "paladin", "bloodsworn"]
[Arena] ✅ 羁绊计算完成
[PlayerBase] Bond stat modifiers applied:
  HP: 108 -> 108
  Speed: 500
  EnergyRegen: 0.7
  PickupRange: 150
  Damage: 10
[Arena] ✅ 羁绊属性已应用到玩家
[Arena] ===== _init_bond_hud() 完成 =====
[Arena] 玩家死亡信号已连接
[Arena] 等待完成，开始生成新角色
[Arena] _spawn_player 开始: player_id=quartermaster, pos=(500.0, 300.0)
[Arena] Global.selected_player_weapons = { "quartermaster": "punch", "paladin": "punch", "bloodsworn": "punch" }
[Arena] visual_config: { "player_id": "quartermaster", "sprite_path": "res://assets/sprites/Players/Player_15.png", "scene_path": "res://scenes/unit/players/player_generic.tscn", "scale_x": 1.0, "scale_y": 1.0, "color_r": 1.0, "color_g": 1.0, "color_b": 1.0, "color_a": 1.0, "z_index": 1.0 }
[Arena] 创建角色: quartermaster
[PlayerFactory] 设置 player_id: quartermaster
[PlayerFactory] 已加载脚本: res://scenes/unit/players/player_quartermaster.gd (player_id=quartermaster)
[PlayerFactory] 成功创建角色: quartermaster
[Arena] 警告: player_id 不匹配，重新设置:  -> quartermaster
[PlayerBase] player quartermaster has no equipped item
[ItemWeapon] 尝试加载武器场景: res://scenes/weapons/melee/weapon_melee_point.tscn
[ItemWeapon] 成功加载武器场景: res://scenes/weapons/melee/weapon_melee_point.tscn
[Player] weapon added: 拳头1级 (punch_1)
[Weapon] _ready() - Sprite2D 初始化:
  - 可见性: true
  - z_index: 2
  - 缩放: (1.0, 1.0)
  - 位置: (27.0, 0.0)
  - Sprite2D 全局位置: (527.0, 300.0)
  - Weapon 全局位置: (500.0, 300.0)
[Player] weapon node added to scene
[Player] weapon position: (0.0, 0.0)
[Player] weapon global position: (500.0, 300.0)
[Player] weapon visible: true
[Player] weapon z_index: 0
[Weapon] 加载贴图: res://assets/sprites/Weapons/Melee/Weapon_Punch.png
[Weapon] Sprite2D 可见性: true
[Weapon] Sprite2D 位置: (27.0, 0.0)
[Weapon] Sprite2D 缩放: (1.0, 1.0)
[Weapon] 贴图大小: (200.0, 100.0)
[Weapon] 武器设置完成: 拳头1级 (punch_1)
  - 类型: MELEE
  - 等级: 1
  - 形状类型: point
  - 子弹模式: 未指定
  - 碰撞体: 由 MeleeBehavior 动态创建
  - 基础场景: res://scenes/weapons/melee/weapon_melee_point.tscn
[Player] weapon position after layout: (0.0, -15.0)
[Player] weapon global position after layout: (500.0, 285.0)
[PlayerBase] player quartermaster loaded 1 weapons
[PlayerBase] death signal connected
[PlayerBase] start loading ultimate, player_id = quartermaster
[PlayerBase] ultimate config loaded: { "ult_id": "quartermaster_ult", "name": "火力链路", "duration": 10.0, "energy_cost": 40.0, "bonus_bond_tag": "assist", "visual_color_hex": "#999933", "scale_multiplier": 1.2, "explosion_radius": 240.0, "explosion_damage_scale": 1.1, "description": "军需官进入火力链路并增强压制节奏", "f_role_id": "quartermaster", "f_internal_cd": 0.95, "f_q_line_amp": 1.52, "f_q_closure_amp": 1.98, "f_special_value_1": 1.18, "f_special_value_2": 240.0, "f_special_value_3": 0.31, "f_bond_o_payload": "tag:alchemist|lv2:0.12|lv3:0.24|axis:line", "f_bond_m_payload": "tag:blaster|lv2:0.16|lv3:0.32|axis:closure", "f_bond_t_payload": "tag:assist|lv2:0.10|lv3:0.20|axis:tempo" }
[PlayerBase] ultimate script loaded: (res://scenes/skills/players/f_roles/skill_quartermaster_f.gd):<GDScript#-9223371549828970226>
[PlayerBase] ultimate node created
[PlayerBase] ultimate load complete: 火力链路
[SkillDrawingBase] _ready(): skill_quartermaster_q, skill_owner=PlayerGeneric:<Area2D#500246253780>
[SkillDrawingBase] Line2D 创建成功: skill_quartermaster_q
[Arena] 生成角色成功: quartermaster 在位置 (500.0, 300.0)
[PlayerBase] Bond stat modifiers applied:
  HP: 108 -> 108
  Speed: 500
  EnergyRegen: 0.7
  PickupRange: 150
  Damage: 10
[Arena] ✅ 角色切换后羁绊属性已重新应用
[Arena] ===== 角色切换结束 =====
[PlayerBase] SkillManager already exists (created by child: @Node@1237), loaded=3, skip auto create
[Arena] 玩家死亡信号已连接
[skill_quartermaster_q] ===== 鏉╂稑鍙嗙憴鍕灊濡€崇础 ===== 鐠ч鍋? (500.0002, 299.364), line_2d閺堝鏅? true
[HealthComponent] 血量归零，触发死亡信号
[PlayerBase] Q released -> release_skill('q')
[skill_quartermaster_q] ===== 退出规划模式 ===== 点数: 65, 闭合: false
[skill_quartermaster_q] 最终闭合判定: false
[skill_quartermaster_q] 閻㈢喐鍨氬鈧弨鎹愮熅瀵板嫭鏅ラ弸婊愮礉閸樼喎顫愰悙瑙勬殶: 65, 閸氬牆鑻熺痪鎸庮唽閺? 6
[HealthComponent] 已经死亡，忽略伤害
[skill_quartermaster_q] open-path effects spawned
[ExplosionArea] 检测到 0 个重叠区域
[ExplosionArea] 共击中 0 个敌人
[ExplosionArea] 检测到 0 个重叠区域
[ExplosionArea] 共击中 0 个敌人
[ExplosionArea] 检测到 1 个重叠区域
[ExplosionArea] 区域 1: HurtboxComponent -> 父节点: CLIEnemy_(120_0, 90_0) (类型: Area2D)
[ExplosionArea]   ⚠️ 使用备用伤害方案
[ExplosionArea]   ✅ 造成伤害(备用): 0.0 -> CLIEnemy_(120_0, 90_0)
[ExplosionArea] 共击中 1 个敌人
[ExplosionArea] 检测到 0 个重叠区域
[ExplosionArea] 共击中 0 个敌人
[ExplosionArea] 检测到 0 个重叠区域
[ExplosionArea] 共击中 0 个敌人
[ExplosionArea] 检测到 0 个重叠区域
[ExplosionArea] 共击中 0 个敌人
[ExplosionArea] 检测到 0 个重叠区域
[ExplosionArea] 共击中 0 个敌人
[ExplosionArea] 检测到 0 个重叠区域
[ExplosionArea] 共击中 0 个敌人
[ExplosionArea] 检测到 0 个重叠区域
[ExplosionArea] 共击中 0 个敌人
[ExplosionArea] 检测到 0 个重叠区域
[ExplosionArea] 共击中 0 个敌人
[HealthComponent] 已经死亡，忽略伤害
[HealthComponent] 已经死亡，忽略伤害
[HealthComponent] 血量归零，触发死亡信号
[skill_quartermaster_q] ===== 鏉╂稑鍙嗙憴鍕灊濡€崇础 ===== 鐠ч鍋? (502.0221, 298.9399), line_2d閺堝鏅? true
[HealthComponent] 已经死亡，忽略伤害
[HealthComponent] 已经死亡，忽略伤害
[HealthComponent] 已经死亡，忽略伤害
[ExplosionArea] 检测到 0 个重叠区域
[ExplosionArea] 共击中 0 个敌人
[ExplosionArea] 检测到 0 个重叠区域
[ExplosionArea] 共击中 0 个敌人
[ExplosionArea] 检测到 1 个重叠区域
[ExplosionArea] 区域 1: HurtboxComponent -> 父节点: CLIEnemy_(120_0, 90_0) (类型: Area2D)
[ExplosionArea]   ⚠️ 使用备用伤害方案
[ExplosionArea]   ✅ 造成伤害(备用): 0.0 -> CLIEnemy_(120_0, 90_0)
[ExplosionArea] 共击中 1 个敌人
[ExplosionArea] 检测到 0 个重叠区域
[ExplosionArea] 共击中 0 个敌人
[ExplosionArea] 检测到 0 个重叠区域
[ExplosionArea] 共击中 0 个敌人
[ExplosionArea] 检测到 0 个重叠区域
[ExplosionArea] 共击中 0 个敌人
[ExplosionArea] 检测到 0 个重叠区域
[ExplosionArea] 共击中 0 个敌人
[ExplosionArea] 检测到 0 个重叠区域
[ExplosionArea] 共击中 0 个敌人
[ExplosionArea] 检测到 0 个重叠区域
[ExplosionArea] 共击中 0 个敌人
[ExplosionArea] 检测到 0 个重叠区域
[ExplosionArea] 共击中 0 个敌人
[ExplosionArea] 检测到 0 个重叠区域
[ExplosionArea] 共击中 0 个敌人
[ExplosionArea] 检测到 0 个重叠区域
[ExplosionArea] 共击中 0 个敌人
[PlayerBase] Q released -> release_skill('q')
[skill_quartermaster_q] ===== 退出规划模式 ===== 点数: 109, 闭合: true
[skill_quartermaster_q] 最终闭合判定: true
[skill_quartermaster_q] detected 1 closed polygons
[ExplosionArea] 检测到 0 个重叠区域
[ExplosionArea] 共击中 0 个敌人
[ExplosionArea] 检测到 0 个重叠区域
[ExplosionArea] 共击中 0 个敌人
[ExplosionArea] 检测到 0 个重叠区域
[ExplosionArea] 共击中 0 个敌人
[ExplosionArea] 检测到 0 个重叠区域
[ExplosionArea] 共击中 0 个敌人
[ExplosionArea] 检测到 0 个重叠区域
[ExplosionArea] 共击中 0 个敌人
[ExplosionArea] 检测到 0 个重叠区域
[ExplosionArea] 共击中 0 个敌人
[PlayerBase] E pressed -> execute_skill('e')
[ExplosionArea] 检测到 0 个重叠区域
[ExplosionArea] 共击中 0 个敌人
[ExplosionArea] 检测到 0 个重叠区域
[ExplosionArea] 共击中 0 个敌人
[ExplosionArea] 检测到 0 个重叠区域
[ExplosionArea] 共击中 0 个敌人
[ExplosionArea] 检测到 0 个重叠区域
[ExplosionArea] 共击中 0 个敌人
[ExplosionArea] 检测到 0 个重叠区域
[ExplosionArea] 共击中 0 个敌人
[ExplosionArea] 检测到 0 个重叠区域
[ExplosionArea] 共击中 0 个敌人
[PlayerBase] F pressed, ultimate_skill = UltimateSkill:<Node#501974306243>
[PlayerBase] try activate ultimate, energy: 100.0%
[DebugSwitcher] test mode disabled
[BackgroundManager] 地图纹理大小: (994.000000, 460.000000)
[BackgroundManager] 初始化完成 - 瓦片大小: 2000, 已生成: 25 个瓦片
[ChestManager] 初始化完成 - 生成 2 个宝箱（分散布局）
[ChestManager] 初始化完成 - 预生成 2 个宝箱位置
[ChestIndicator] indicator_show_range = 3000 (from map_config.csv)
[ExitConfirmDialog] _ready() called
[Arena] _ready() 开始
[Arena] 已添加到 arena 组
[Arena] 已启用波末战利品模式，禁用旧宝箱流程
[Arena] 暂停菜单已初始化
[Arena] 商店面板已连接
[Arena] WaveRewardSystem 已创建
[Arena] WaveRewardPanel 已添加到 GameUI
[Arena] WildcardPanel 已添加到 GameUI
[Arena] BattleFlowController 已初始化
[Arena] Spawner 波次完成信号已连接
[Arena] 准备初始化玩家...
[Arena] _init_player_from_selection 开始
[Arena] selected_player_ids: ["wind"]
[Arena] selected_player_weapons: { "wind": "pistol" }
WARNING: [ConfigManager] game_config 缺少键 'enable_wave_recruit_mode'，使用默认值: 1
   at: push_warning (core/variant/variant_utility.cpp:1034)
   GDScript backtrace (most recent call first):
       [0] get_game_setting (res://autoloads/config_manager.gd:590)
       [1] is_wave_recruit_mode_enabled (res://autoloads/global.gd:298)
       [2] enter_wave_recruit_mode (res://autoloads/global.gd:303)
       [3] _init_player_from_selection (res://scenes/arena/arena_core.gd:467)
       [4] _ready (res://scenes/arena/arena_core.gd:117)
[Arena] 场景中没有默认玩家，直接生成选择的角色
[Arena] _spawn_player 开始: player_id=wind, pos=(500.0, 300.0)
[Arena] Global.selected_player_weapons = { "wind": "pistol" }
[Arena] visual_config: { "player_id": "wind", "sprite_path": "res://assets/sprites/Players/Player_2.png", "scene_path": "res://scenes/unit/players/player_generic.tscn", "scale_x": 1.0, "scale_y": 1.0, "color_r": 1.0, "color_g": 1.0, "color_b": 1.0, "color_a": 1.0, "z_index": 1.0 }
[Arena] 创建角色: wind
[PlayerFactory] 设置 player_id: wind
[PlayerFactory] 已加载脚本: res://scenes/unit/players/player_wind.gd (player_id=wind)
[PlayerFactory] 成功创建角色: wind
[Arena] 警告: player_id 不匹配，重新设置:  -> wind
[PlayerBase] player wind has no equipped item
[ItemWeapon] 尝试加载武器场景: res://scenes/weapons/range/weapon_range_physical.tscn
[ItemWeapon] 成功加载武器场景: res://scenes/weapons/range/weapon_range_physical.tscn
[Player] weapon added: 手枪1级 (pistol_1)
[Weapon] _ready() - Sprite2D 初始化:
  - 可见性: true
  - z_index: 2
  - 缩放: (1.0, 1.0)
  - 位置: (27.0, 0.0)
  - Sprite2D 全局位置: (527.0, 300.0)
  - Weapon 全局位置: (500.0, 300.0)
[Player] weapon node added to scene
[Player] weapon position: (0.0, 0.0)
[Player] weapon global position: (500.0, 300.0)
[Player] weapon visible: true
[Player] weapon z_index: 0
[Weapon] 加载贴图: res://assets/sprites/Weapons/Range/WeaponPistol.png
[Weapon] Sprite2D 可见性: true
[Weapon] Sprite2D 位置: (27.0, 0.0)
[Weapon] Sprite2D 缩放: (1.0, 1.0)
[Weapon] 贴图大小: (200.0, 100.0)
[Weapon] 动态创建枪口节点，偏移: (20.0, -2.0)
[Weapon] 武器设置完成: 手枪1级 (pistol_1)
  - 类型: RANGE
  - 等级: 1
  - 形状类型: straight
  - 子弹模式: single
  - 碰撞体位置/缩放: (0.0, 0.0) / (1.0, 1.0)
  - 基础场景: res://scenes/weapons/range/weapon_range_physical.tscn
[Player] weapon position after layout: (0.0, -15.0)
[Player] weapon global position after layout: (500.0, 285.0)
[PlayerBase] player wind loaded 1 weapons
[PlayerBase] death signal connected
[PlayerBase] start loading ultimate, player_id = wind
[PlayerBase] ultimate config loaded: { "ult_id": "wind_ult", "name": "风之升华", "duration": 10.0, "energy_cost": 40.0, "bonus_bond_tag": "commander", "visual_color_hex": "#33FF99", "scale_multiplier": 1.2, "explosion_radius": 260.0, "explosion_damage_scale": 0.9, "description": "风行者开启飓眼迁跃并强化牵引风切", "f_role_id": "wind", "f_internal_cd": 0.95, "f_q_line_amp": 1.5, "f_q_closure_amp": 1.95, "f_special_value_1": 1.15, "f_special_value_2": 260.0, "f_special_value_3": 0.28, "f_bond_o_payload": "tag:nomad|lv2:0.12|lv3:0.24|axis:line", "f_bond_m_payload": "tag:geometrist|lv2:0.16|lv3:0.32|axis:closure", "f_bond_t_payload": "tag:commander|lv2:0.10|lv3:0.20|axis:tempo" }
[PlayerBase] ultimate script loaded: (res://scenes/skills/players/f_roles/skill_wind_f.gd):<GDScript#-9223371356907762440>
[PlayerBase] ultimate node created
[PlayerBase] ultimate load complete: 风之升华
[SkillDrawingBase] _ready(): skill_wind_q, skill_owner=PlayerGeneric:<Area2D#677581425273>
[SkillDrawingBase] Line2D 创建成功: skill_wind_q
[Arena] 生成角色成功: wind 在位置 (500.0, 300.0)
[Arena] 玩家初始化完成
[CharacterSlot] 加载角色图标: wind -> res://assets/sprites/Players/Player_2.png
[SquadHUD] 初始化 1 个角色卡槽
[Arena] 小队 HUD 初始化完成
[Arena] ===== _init_bond_hud() 开始 =====
[Arena] ✅ 找到 GameUI 节点: /root/Arena/GameUI
[Arena] ✅ BondHUD 场景加载成功
[Arena] ✅ BondHUD 实例化成功
[Arena] ✅ BondHUD 已添加到 GameUI
[Arena] BondHUD 路径: /root/Arena/GameUI/BondHUD
[Arena] BondHUD 可见性: true
[Arena] _ready() 完成，飘字保护已解除
[PlayerBase] SkillManager already exists (created by child: @Node@2010), loaded=3, skip auto create
[Arena] ===== 角色切换开始 =====
[Arena] 收到角色切换请求: wind
[Arena] 跳过自动保存（QEF测试模式）: character_switch
[Arena] 当前玩家: wind
[Arena] 当前玩家位置: (500.0, 300.0)
[Arena] 不清理旧玩家的技能效果（默认行为）
[Arena] 调用 player.queue_free()
[Arena] 等待一帧...
[DebugSwitcher] test mode enabled: wave_time=999, key8 toggles recording
[Arena] 玩家死亡信号已连接
[Arena] 触发 BondManager 重新计算羁绊...
[Arena] 当前队伍: ["blacksmith", "medic", "wind"]
[Arena] ✅ 羁绊计算完成
[PlayerBase] Bond stat modifiers applied:
  HP: 93 -> 93
  Speed: 600
  EnergyRegen: 0.6
  PickupRange: 150
  Damage: 10
[Arena] ✅ 羁绊属性已应用到玩家
[Arena] ===== _init_bond_hud() 完成 =====
[Arena] 玩家死亡信号已连接
[Arena] 等待完成，开始生成新角色
[Arena] _spawn_player 开始: player_id=wind, pos=(500.0, 300.0)
[Arena] Global.selected_player_weapons = { "blacksmith": "punch", "medic": "punch", "wind": "pistol" }
[Arena] visual_config: { "player_id": "wind", "sprite_path": "res://assets/sprites/Players/Player_2.png", "scene_path": "res://scenes/unit/players/player_generic.tscn", "scale_x": 1.0, "scale_y": 1.0, "color_r": 1.0, "color_g": 1.0, "color_b": 1.0, "color_a": 1.0, "z_index": 1.0 }
[Arena] 创建角色: wind
[PlayerFactory] 设置 player_id: wind
[PlayerFactory] 已加载脚本: res://scenes/unit/players/player_wind.gd (player_id=wind)
[PlayerFactory] 成功创建角色: wind
[Arena] 警告: player_id 不匹配，重新设置:  -> wind
[PlayerBase] player wind has no equipped item
[ItemWeapon] 尝试加载武器场景: res://scenes/weapons/range/weapon_range_physical.tscn
[ItemWeapon] 成功加载武器场景: res://scenes/weapons/range/weapon_range_physical.tscn
[Player] weapon added: 手枪1级 (pistol_1)
[Weapon] _ready() - Sprite2D 初始化:
  - 可见性: true
  - z_index: 2
  - 缩放: (1.0, 1.0)
  - 位置: (27.0, 0.0)
  - Sprite2D 全局位置: (527.0, 300.0)
  - Weapon 全局位置: (500.0, 300.0)
[Player] weapon node added to scene
[Player] weapon position: (0.0, 0.0)
[Player] weapon global position: (500.0, 300.0)
[Player] weapon visible: true
[Player] weapon z_index: 0
[Weapon] 加载贴图: res://assets/sprites/Weapons/Range/WeaponPistol.png
[Weapon] Sprite2D 可见性: true
[Weapon] Sprite2D 位置: (27.0, 0.0)
[Weapon] Sprite2D 缩放: (1.0, 1.0)
[Weapon] 贴图大小: (200.0, 100.0)
[Weapon] 动态创建枪口节点，偏移: (20.0, -2.0)
[Weapon] 武器设置完成: 手枪1级 (pistol_1)
  - 类型: RANGE
  - 等级: 1
  - 形状类型: straight
  - 子弹模式: single
  - 碰撞体位置/缩放: (0.0, 0.0) / (1.0, 1.0)
  - 基础场景: res://scenes/weapons/range/weapon_range_physical.tscn
[Player] weapon position after layout: (0.0, -15.0)
[Player] weapon global position after layout: (500.0, 285.0)
[PlayerBase] player wind loaded 1 weapons
[PlayerBase] death signal connected
[PlayerBase] start loading ultimate, player_id = wind
[PlayerBase] ultimate config loaded: { "ult_id": "wind_ult", "name": "风之升华", "duration": 10.0, "energy_cost": 40.0, "bonus_bond_tag": "commander", "visual_color_hex": "#33FF99", "scale_multiplier": 1.2, "explosion_radius": 260.0, "explosion_damage_scale": 0.9, "description": "风行者开启飓眼迁跃并强化牵引风切", "f_role_id": "wind", "f_internal_cd": 0.95, "f_q_line_amp": 1.5, "f_q_closure_amp": 1.95, "f_special_value_1": 1.15, "f_special_value_2": 260.0, "f_special_value_3": 0.28, "f_bond_o_payload": "tag:nomad|lv2:0.12|lv3:0.24|axis:line", "f_bond_m_payload": "tag:geometrist|lv2:0.16|lv3:0.32|axis:closure", "f_bond_t_payload": "tag:commander|lv2:0.10|lv3:0.20|axis:tempo" }
[PlayerBase] ultimate script loaded: (res://scenes/skills/players/f_roles/skill_wind_f.gd):<GDScript#-9223371356907762440>
[PlayerBase] ultimate node created
[PlayerBase] ultimate load complete: 风之升华
[SkillDrawingBase] _ready(): skill_wind_q, skill_owner=PlayerGeneric:<Area2D#693888882177>
[SkillDrawingBase] Line2D 创建成功: skill_wind_q
[Arena] 生成角色成功: wind 在位置 (500.0, 300.0)
[PlayerBase] Bond stat modifiers applied:
  HP: 93 -> 93
  Speed: 600
  EnergyRegen: 0.6
  PickupRange: 150
  Damage: 10
[Arena] ✅ 角色切换后羁绊属性已重新应用
[Arena] ===== 角色切换结束 =====
[PlayerBase] SkillManager already exists (created by child: @Node@2030), loaded=3, skip auto create
[Arena] 玩家死亡信号已连接
[Arena] ===== 角色切换开始 =====
[Arena] 收到角色切换请求: wind
[Arena] 跳过自动保存（QEF测试模式）: character_switch
[Arena] 当前玩家: wind
[Arena] 当前玩家位置: (500.0, 300.0)
[Arena] 不清理旧玩家的技能效果（默认行为）
[Arena] 调用 player.queue_free()
[Arena] 等待一帧...
[DebugSwitcher] recording started: d:/Godot/Production/PolyLash_Project/.godot_cli/Godot/app_userdata/PolyLash/qa_reports/input_recordings/player_ops_20260315_125415_519_wind.json
[Arena] 等待完成，开始生成新角色
[Arena] _spawn_player 开始: player_id=wind, pos=(500.0, 300.0)
[Arena] Global.selected_player_weapons = { "blacksmith": "punch", "medic": "punch", "wind": "pistol" }
[Arena] visual_config: { "player_id": "wind", "sprite_path": "res://assets/sprites/Players/Player_2.png", "scene_path": "res://scenes/unit/players/player_generic.tscn", "scale_x": 1.0, "scale_y": 1.0, "color_r": 1.0, "color_g": 1.0, "color_b": 1.0, "color_a": 1.0, "z_index": 1.0 }
[Arena] 创建角色: wind
[PlayerFactory] 设置 player_id: wind
[PlayerFactory] 已加载脚本: res://scenes/unit/players/player_wind.gd (player_id=wind)
[PlayerFactory] 成功创建角色: wind
[Arena] 警告: player_id 不匹配，重新设置:  -> wind
[PlayerBase] player wind has no equipped item
[ItemWeapon] 尝试加载武器场景: res://scenes/weapons/range/weapon_range_physical.tscn
[ItemWeapon] 成功加载武器场景: res://scenes/weapons/range/weapon_range_physical.tscn
[Player] weapon added: 手枪1级 (pistol_1)
[Weapon] _ready() - Sprite2D 初始化:
  - 可见性: true
  - z_index: 2
  - 缩放: (1.0, 1.0)
  - 位置: (27.0, 0.0)
  - Sprite2D 全局位置: (527.0, 300.0)
  - Weapon 全局位置: (500.0, 300.0)
[Player] weapon node added to scene
[Player] weapon position: (0.0, 0.0)
[Player] weapon global position: (500.0, 300.0)
[Player] weapon visible: true
[Player] weapon z_index: 0
[Weapon] 加载贴图: res://assets/sprites/Weapons/Range/WeaponPistol.png
[Weapon] Sprite2D 可见性: true
[Weapon] Sprite2D 位置: (27.0, 0.0)
[Weapon] Sprite2D 缩放: (1.0, 1.0)
[Weapon] 贴图大小: (200.0, 100.0)
[Weapon] 动态创建枪口节点，偏移: (20.0, -2.0)
[Weapon] 武器设置完成: 手枪1级 (pistol_1)
  - 类型: RANGE
  - 等级: 1
  - 形状类型: straight
  - 子弹模式: single
  - 碰撞体位置/缩放: (0.0, 0.0) / (1.0, 1.0)
  - 基础场景: res://scenes/weapons/range/weapon_range_physical.tscn
[Player] weapon position after layout: (0.0, -15.0)
[Player] weapon global position after layout: (500.0, 285.0)
[PlayerBase] player wind loaded 1 weapons
[PlayerBase] death signal connected
[PlayerBase] start loading ultimate, player_id = wind
[PlayerBase] ultimate config loaded: { "ult_id": "wind_ult", "name": "风之升华", "duration": 10.0, "energy_cost": 40.0, "bonus_bond_tag": "commander", "visual_color_hex": "#33FF99", "scale_multiplier": 1.2, "explosion_radius": 260.0, "explosion_damage_scale": 0.9, "description": "风行者开启飓眼迁跃并强化牵引风切", "f_role_id": "wind", "f_internal_cd": 0.95, "f_q_line_amp": 1.5, "f_q_closure_amp": 1.95, "f_special_value_1": 1.15, "f_special_value_2": 260.0, "f_special_value_3": 0.28, "f_bond_o_payload": "tag:nomad|lv2:0.12|lv3:0.24|axis:line", "f_bond_m_payload": "tag:geometrist|lv2:0.16|lv3:0.32|axis:closure", "f_bond_t_payload": "tag:commander|lv2:0.10|lv3:0.20|axis:tempo" }
[PlayerBase] ultimate script loaded: (res://scenes/skills/players/f_roles/skill_wind_f.gd):<GDScript#-9223371356907762440>
[PlayerBase] ultimate node created
[PlayerBase] ultimate load complete: 风之升华
[SkillDrawingBase] _ready(): skill_wind_q, skill_owner=PlayerGeneric:<Area2D#715112060417>
[SkillDrawingBase] Line2D 创建成功: skill_wind_q
[Arena] 生成角色成功: wind 在位置 (500.0, 300.0)
[PlayerBase] Bond stat modifiers applied:
  HP: 93 -> 93
  Speed: 600
  EnergyRegen: 0.6
  PickupRange: 150
  Damage: 10
[Arena] ✅ 角色切换后羁绊属性已重新应用
[Arena] ===== 角色切换结束 =====
[PlayerBase] SkillManager already exists (created by child: @Node@2040), loaded=3, skip auto create
[Arena] 玩家死亡信号已连接
[RangeBehavior] ========== 开始远程攻击 ==========
[RangeBehavior] 武器名称: 手枪1级
[RangeBehavior] 武器位置: (500.0, 285.0)
[RangeBehavior] 武器旋转: -47.6642838776372度
[RangeBehavior] Muzzle 位置: (533.6736, 248.0394)
[RangeBehavior] 生成子弹:
  - 子弹场景: res://scenes/projectiles/projectile_pistol.tscn
  - 生成位置: (533.6736, 248.0394)
  - 角度偏移: 0.0度
  - 速度: (1212.252, -1330.581)
  - 伤害: 11.0
[Projectile] 子弹初始化:
  - 位置: (533.6736, 248.0394)
  - 速度: (1212.252, -1330.581)
  - 伤害: 11.0
  - 暴击: false
  - 击退: 1.0
  - 发射者: PlayerGeneric
  - Hitbox 碰撞层: 4
  - Hitbox 碰撞掩码: 8
[RangeBehavior] 发射 single x1
[skill_wind_q] ===== 鏉╂稑鍙嗙憴鍕灊濡€崇础 ===== 鐠ч鍋? (500.0002, 299.364), line_2d閺堝鏅? true
[Projectile] ========== 子弹命中！==========
[Projectile] 子弹位置: (577.7388, 199.676)
[Projectile] 目标: CLIEnemy_(90_0, -120_0)
[Projectile] 目标位置: (580.2331, 190.7172)
[Projectile] 子弹销毁
[HealthComponent] 血量归零，触发死亡信号
[RangeBehavior] 攻击结束
[PlayerBase] Q released -> release_skill('q')
[skill_wind_q] ===== 退出规划模式 ===== 点数: 66, 闭合: false
[skill_wind_q] 最终闭合判定: false
[skill_wind_q] 閻㈢喐鍨氬鈧弨鎹愮熅瀵板嫭鏅ラ弸婊愮礉閸樼喎顫愰悙瑙勬殶: 66, 閸氬牆鑻熺痪鎸庮唽閺? 7
[HealthComponent] 已经死亡，忽略伤害
[HealthComponent] 已经死亡，忽略伤害
[skill_wind_q] open-path effects spawned
[HealthComponent] 已经死亡，忽略伤害
[PlayerBase] E pressed -> execute_skill('e')
[HealthComponent] 已经死亡，忽略伤害
[HealthComponent] 已经死亡，忽略伤害
[ExplosionArea] 检测到 1 个重叠区域
[ExplosionArea] 区域 1: HurtboxComponent -> 父节点: CLIEnemy_(180_0, 0_0) (类型: Area2D)
[ExplosionArea]   ⚠️ 使用备用伤害方案
[ExplosionArea]   ✅ 造成伤害(备用): 0.0 -> CLIEnemy_(180_0, 0_0)
[ExplosionArea] 共击中 1 个敌人
[HealthComponent] 血量归零，触发死亡信号
[HealthComponent] 已经死亡，忽略伤害
[ExplosionArea] 检测到 0 个重叠区域
[ExplosionArea] 共击中 0 个敌人
[HealthComponent] 已经死亡，忽略伤害
[PlayerBase] F pressed, ultimate_skill = UltimateSkill:<Node#716907220715>
[PlayerBase] try activate ultimate, energy: 100.0%
[RangeBehavior] ========== 开始远程攻击 ==========
[RangeBehavior] 武器名称: 手枪1级
[RangeBehavior] 武器位置: (756.2428, 328.6654)
[RangeBehavior] 武器旋转: -31.4700214687529度
[RangeBehavior] Muzzle 位置: (799.9577, 301.9084)
[RangeBehavior] 生成子弹:
  - 子弹场景: res://scenes/projectiles/projectile_pistol.tscn
  - 生成位置: (799.9577, 301.9084)
  - 角度偏移: 0.0度
  - 速度: (1535.244, -939.6942)
  - 伤害: 11.0
[Projectile] 子弹初始化:
  - 位置: (799.9577, 301.9084)
  - 速度: (1535.244, -939.6942)
  - 伤害: 11.0
  - 暴击: false
  - 击退: 1.0
  - 发射者: PlayerGeneric
  - Hitbox 碰撞层: 4
  - Hitbox 碰撞掩码: 8
[RangeBehavior] 发射 single x1
[Projectile] ========== 子弹命中！==========
[Projectile] 子弹位置: (831.5068, 282.5978)
[Projectile] 目标: CLIEnemy_(180_0, 0_0)
[Projectile] 目标位置: (800.6307, 299.5239)
[Projectile] 子弹销毁
[Projectile] ✓ 生成爆炸: 伤害=1.0, 半径=260.0
[Projectile] 爆炸伤害: 9.9 (基础:11.0 × 倍率:0.9)
[HealthComponent] 已经死亡，忽略伤害
[ExplosionArea] 检测到 2 个重叠区域
[ExplosionArea] 区域 1: HurtboxComponent -> 父节点: CLIEnemy_(180_0, 0_0) (类型: Area2D)
[ExplosionArea]   ⚠️ 使用备用伤害方案
[ExplosionArea]   ✅ 造成伤害(备用): 9.9 -> CLIEnemy_(180_0, 0_0)
[ExplosionArea] 区域 2: HurtboxComponent -> 父节点: CLIEnemy_(90_0, -120_0) (类型: Area2D)
[ExplosionArea]   ⚠️ 使用备用伤害方案
[ExplosionArea]   ✅ 造成伤害(备用): 9.9 -> CLIEnemy_(90_0, -120_0)
[ExplosionArea] 共击中 2 个敌人
[HealthComponent] 已经死亡，忽略伤害
[HealthComponent] 已经死亡，忽略伤害
[HealthComponent] 已经死亡，忽略伤害
[HealthComponent] 已经死亡，忽略伤害
[DebugSwitcher] record saved: d:/Godot/Production/PolyLash_Project/.godot_cli/Godot/app_userdata/PolyLash/qa_reports/input_recordings/player_ops_20260315_125415_519_wind.json
[HealthComponent] 已经死亡，忽略伤害
[DebugSwitcher] test mode disabled
[BackgroundManager] 地图纹理大小: (994.000000, 460.000000)
[BackgroundManager] 初始化完成 - 瓦片大小: 2000, 已生成: 25 个瓦片
[ChestManager] 初始化完成 - 生成 2 个宝箱（分散布局）
[ChestManager] 初始化完成 - 预生成 2 个宝箱位置
[ChestIndicator] indicator_show_range = 3000 (from map_config.csv)
[ExitConfirmDialog] _ready() called
[Arena] _ready() 开始
[Arena] 已添加到 arena 组
[Arena] 已启用波末战利品模式，禁用旧宝箱流程
[Arena] 暂停菜单已初始化
[Arena] 商店面板已连接
[Arena] WaveRewardSystem 已创建
[Arena] WaveRewardPanel 已添加到 GameUI
[Arena] WildcardPanel 已添加到 GameUI
[Arena] BattleFlowController 已初始化
[Arena] Spawner 波次完成信号已连接
[Arena] 准备初始化玩家...
[Arena] _init_player_from_selection 开始
[Arena] selected_player_ids: ["wind"]
[Arena] selected_player_weapons: { "wind": "pistol" }
WARNING: [ConfigManager] game_config 缺少键 'enable_wave_recruit_mode'，使用默认值: 1
   at: push_warning (core/variant/variant_utility.cpp:1034)
   GDScript backtrace (most recent call first):
       [0] get_game_setting (res://autoloads/config_manager.gd:590)
       [1] is_wave_recruit_mode_enabled (res://autoloads/global.gd:298)
       [2] enter_wave_recruit_mode (res://autoloads/global.gd:303)
       [3] _init_player_from_selection (res://scenes/arena/arena_core.gd:467)
       [4] _ready (res://scenes/arena/arena_core.gd:117)
[Arena] 场景中没有默认玩家，直接生成选择的角色
[Arena] _spawn_player 开始: player_id=wind, pos=(500.0, 300.0)
[Arena] Global.selected_player_weapons = { "wind": "pistol" }
[Arena] visual_config: { "player_id": "wind", "sprite_path": "res://assets/sprites/Players/Player_2.png", "scene_path": "res://scenes/unit/players/player_generic.tscn", "scale_x": 1.0, "scale_y": 1.0, "color_r": 1.0, "color_g": 1.0, "color_b": 1.0, "color_a": 1.0, "z_index": 1.0 }
[Arena] 创建角色: wind
[PlayerFactory] 设置 player_id: wind
[PlayerFactory] 已加载脚本: res://scenes/unit/players/player_wind.gd (player_id=wind)
[PlayerFactory] 成功创建角色: wind
[Arena] 警告: player_id 不匹配，重新设置:  -> wind
[PlayerBase] player wind has no equipped item
[ItemWeapon] 尝试加载武器场景: res://scenes/weapons/range/weapon_range_physical.tscn
[ItemWeapon] 成功加载武器场景: res://scenes/weapons/range/weapon_range_physical.tscn
[Player] weapon added: 手枪1级 (pistol_1)
[Weapon] _ready() - Sprite2D 初始化:
  - 可见性: true
  - z_index: 2
  - 缩放: (1.0, 1.0)
  - 位置: (27.0, 0.0)
  - Sprite2D 全局位置: (527.0, 300.0)
  - Weapon 全局位置: (500.0, 300.0)
[Player] weapon node added to scene
[Player] weapon position: (0.0, 0.0)
[Player] weapon global position: (500.0, 300.0)
[Player] weapon visible: true
[Player] weapon z_index: 0
[Weapon] 加载贴图: res://assets/sprites/Weapons/Range/WeaponPistol.png
[Weapon] Sprite2D 可见性: true
[Weapon] Sprite2D 位置: (27.0, 0.0)
[Weapon] Sprite2D 缩放: (1.0, 1.0)
[Weapon] 贴图大小: (200.0, 100.0)
[Weapon] 动态创建枪口节点，偏移: (20.0, -2.0)
[Weapon] 武器设置完成: 手枪1级 (pistol_1)
  - 类型: RANGE
  - 等级: 1
  - 形状类型: straight
  - 子弹模式: single
  - 碰撞体位置/缩放: (0.0, 0.0) / (1.0, 1.0)
  - 基础场景: res://scenes/weapons/range/weapon_range_physical.tscn
[Player] weapon position after layout: (0.0, -15.0)
[Player] weapon global position after layout: (500.0, 285.0)
[PlayerBase] player wind loaded 1 weapons
[PlayerBase] death signal connected
[PlayerBase] start loading ultimate, player_id = wind
[PlayerBase] ultimate config loaded: { "ult_id": "wind_ult", "name": "风之升华", "duration": 10.0, "energy_cost": 40.0, "bonus_bond_tag": "commander", "visual_color_hex": "#33FF99", "scale_multiplier": 1.2, "explosion_radius": 260.0, "explosion_damage_scale": 0.9, "description": "风行者开启飓眼迁跃并强化牵引风切", "f_role_id": "wind", "f_internal_cd": 0.95, "f_q_line_amp": 1.5, "f_q_closure_amp": 1.95, "f_special_value_1": 1.15, "f_special_value_2": 260.0, "f_special_value_3": 0.28, "f_bond_o_payload": "tag:nomad|lv2:0.12|lv3:0.24|axis:line", "f_bond_m_payload": "tag:geometrist|lv2:0.16|lv3:0.32|axis:closure", "f_bond_t_payload": "tag:commander|lv2:0.10|lv3:0.20|axis:tempo" }
[PlayerBase] ultimate script loaded: (res://scenes/skills/players/f_roles/skill_wind_f.gd):<GDScript#-9223371356907762440>
[PlayerBase] ultimate node created
[PlayerBase] ultimate load complete: 风之升华
[SkillDrawingBase] _ready(): skill_wind_q, skill_owner=PlayerGeneric:<Area2D#796817098779>
[SkillDrawingBase] Line2D 创建成功: skill_wind_q
[Arena] 生成角色成功: wind 在位置 (500.0, 300.0)
[Arena] 玩家初始化完成
[CharacterSlot] 加载角色图标: wind -> res://assets/sprites/Players/Player_2.png
[SquadHUD] 初始化 1 个角色卡槽
[Arena] 小队 HUD 初始化完成
[Arena] ===== _init_bond_hud() 开始 =====
[Arena] ✅ 找到 GameUI 节点: /root/Arena/GameUI
[Arena] ✅ BondHUD 场景加载成功
[Arena] ✅ BondHUD 实例化成功
[Arena] ✅ BondHUD 已添加到 GameUI
[Arena] BondHUD 路径: /root/Arena/GameUI/BondHUD
[Arena] BondHUD 可见性: true
[Arena] _ready() 完成，飘字保护已解除
[PlayerBase] SkillManager already exists (created by child: @Node@2329), loaded=3, skip auto create
[Arena] ===== 角色切换开始 =====
[Arena] 收到角色切换请求: wind
[Arena] 跳过自动保存（QEF测试模式）: character_switch
[Arena] 当前玩家: wind
[Arena] 当前玩家位置: (500.0, 300.0)
[Arena] 不清理旧玩家的技能效果（默认行为）
[Arena] 调用 player.queue_free()
[Arena] 等待一帧...
[DebugSwitcher] test mode enabled: wave_time=999, key8 toggles recording
[Arena] 玩家死亡信号已连接
[Arena] 触发 BondManager 重新计算羁绊...
[Arena] 当前队伍: ["blacksmith", "medic", "wind"]
[Arena] ✅ 羁绊计算完成
[PlayerBase] Bond stat modifiers applied:
  HP: 93 -> 93
  Speed: 600
  EnergyRegen: 0.6
  PickupRange: 150
  Damage: 10
[Arena] ✅ 羁绊属性已应用到玩家
[Arena] ===== _init_bond_hud() 完成 =====
[Arena] 玩家死亡信号已连接
[Arena] 等待完成，开始生成新角色
[Arena] _spawn_player 开始: player_id=wind, pos=(500.0, 300.0)
[Arena] Global.selected_player_weapons = { "blacksmith": "punch", "medic": "punch", "wind": "pistol" }
[Arena] visual_config: { "player_id": "wind", "sprite_path": "res://assets/sprites/Players/Player_2.png", "scene_path": "res://scenes/unit/players/player_generic.tscn", "scale_x": 1.0, "scale_y": 1.0, "color_r": 1.0, "color_g": 1.0, "color_b": 1.0, "color_a": 1.0, "z_index": 1.0 }
[Arena] 创建角色: wind
[PlayerFactory] 设置 player_id: wind
[PlayerFactory] 已加载脚本: res://scenes/unit/players/player_wind.gd (player_id=wind)
[PlayerFactory] 成功创建角色: wind
[Arena] 警告: player_id 不匹配，重新设置:  -> wind
[PlayerBase] player wind has no equipped item
[ItemWeapon] 尝试加载武器场景: res://scenes/weapons/range/weapon_range_physical.tscn
[ItemWeapon] 成功加载武器场景: res://scenes/weapons/range/weapon_range_physical.tscn
[Player] weapon added: 手枪1级 (pistol_1)
[Weapon] _ready() - Sprite2D 初始化:
  - 可见性: true
  - z_index: 2
  - 缩放: (1.0, 1.0)
  - 位置: (27.0, 0.0)
  - Sprite2D 全局位置: (527.0, 300.0)
  - Weapon 全局位置: (500.0, 300.0)
[Player] weapon node added to scene
[Player] weapon position: (0.0, 0.0)
[Player] weapon global position: (500.0, 300.0)
[Player] weapon visible: true
[Player] weapon z_index: 0
[Weapon] 加载贴图: res://assets/sprites/Weapons/Range/WeaponPistol.png
[Weapon] Sprite2D 可见性: true
[Weapon] Sprite2D 位置: (27.0, 0.0)
[Weapon] Sprite2D 缩放: (1.0, 1.0)
[Weapon] 贴图大小: (200.0, 100.0)
[Weapon] 动态创建枪口节点，偏移: (20.0, -2.0)
[Weapon] 武器设置完成: 手枪1级 (pistol_1)
  - 类型: RANGE
  - 等级: 1
  - 形状类型: straight
  - 子弹模式: single
  - 碰撞体位置/缩放: (0.0, 0.0) / (1.0, 1.0)
  - 基础场景: res://scenes/weapons/range/weapon_range_physical.tscn
[Player] weapon position after layout: (0.0, -15.0)
[Player] weapon global position after layout: (500.0, 285.0)
[PlayerBase] player wind loaded 1 weapons
[PlayerBase] death signal connected
[PlayerBase] start loading ultimate, player_id = wind
[PlayerBase] ultimate config loaded: { "ult_id": "wind_ult", "name": "风之升华", "duration": 10.0, "energy_cost": 40.0, "bonus_bond_tag": "commander", "visual_color_hex": "#33FF99", "scale_multiplier": 1.2, "explosion_radius": 260.0, "explosion_damage_scale": 0.9, "description": "风行者开启飓眼迁跃并强化牵引风切", "f_role_id": "wind", "f_internal_cd": 0.95, "f_q_line_amp": 1.5, "f_q_closure_amp": 1.95, "f_special_value_1": 1.15, "f_special_value_2": 260.0, "f_special_value_3": 0.28, "f_bond_o_payload": "tag:nomad|lv2:0.12|lv3:0.24|axis:line", "f_bond_m_payload": "tag:geometrist|lv2:0.16|lv3:0.32|axis:closure", "f_bond_t_payload": "tag:commander|lv2:0.10|lv3:0.20|axis:tempo" }
[PlayerBase] ultimate script loaded: (res://scenes/skills/players/f_roles/skill_wind_f.gd):<GDScript#-9223371356907762440>
[PlayerBase] ultimate node created
[PlayerBase] ultimate load complete: 风之升华
[SkillDrawingBase] _ready(): skill_wind_q, skill_owner=PlayerGeneric:<Area2D#806128453659>
[SkillDrawingBase] Line2D 创建成功: skill_wind_q
[Arena] 生成角色成功: wind 在位置 (500.0, 300.0)
[PlayerBase] Bond stat modifiers applied:
  HP: 93 -> 93
  Speed: 600
  EnergyRegen: 0.6
  PickupRange: 150
  Damage: 10
[Arena] ✅ 角色切换后羁绊属性已重新应用
[Arena] ===== 角色切换结束 =====
[PlayerBase] SkillManager already exists (created by child: @Node@2341), loaded=3, skip auto create
[Arena] 玩家死亡信号已连接
[DebugSwitcher] replay started: d:/Godot/Production/PolyLash_Project/.godot_cli/Godot/app_userdata/PolyLash/qa_reports/input_recordings/player_ops_20260315_125415_519_wind.json
[Arena] ===== 角色切换开始 =====
[Arena] 收到角色切换请求: wind
[Arena] 跳过自动保存（QEF测试模式）: character_switch
[Arena] 当前玩家: wind
[Arena] 当前玩家位置: (500.0, 300.0)
[Arena] 不清理旧玩家的技能效果（默认行为）
[Arena] 调用 player.queue_free()
[Arena] 等待一帧...
[Arena] 等待完成，开始生成新角色
[Arena] _spawn_player 开始: player_id=wind, pos=(500.0, 300.0)
[Arena] Global.selected_player_weapons = { "blacksmith": "punch", "medic": "punch", "wind": "pistol" }
[Arena] visual_config: { "player_id": "wind", "sprite_path": "res://assets/sprites/Players/Player_2.png", "scene_path": "res://scenes/unit/players/player_generic.tscn", "scale_x": 1.0, "scale_y": 1.0, "color_r": 1.0, "color_g": 1.0, "color_b": 1.0, "color_a": 1.0, "z_index": 1.0 }
[Arena] 创建角色: wind
[PlayerFactory] 设置 player_id: wind
[PlayerFactory] 已加载脚本: res://scenes/unit/players/player_wind.gd (player_id=wind)
[PlayerFactory] 成功创建角色: wind
[Arena] 警告: player_id 不匹配，重新设置:  -> wind
[PlayerBase] player wind has no equipped item
[ItemWeapon] 尝试加载武器场景: res://scenes/weapons/range/weapon_range_physical.tscn
[ItemWeapon] 成功加载武器场景: res://scenes/weapons/range/weapon_range_physical.tscn
[Player] weapon added: 手枪1级 (pistol_1)
[Weapon] _ready() - Sprite2D 初始化:
  - 可见性: true
  - z_index: 2
  - 缩放: (1.0, 1.0)
  - 位置: (27.0, 0.0)
  - Sprite2D 全局位置: (527.0, 300.0)
  - Weapon 全局位置: (500.0, 300.0)
[Player] weapon node added to scene
[Player] weapon position: (0.0, 0.0)
[Player] weapon global position: (500.0, 300.0)
[Player] weapon visible: true
[Player] weapon z_index: 0
[Weapon] 加载贴图: res://assets/sprites/Weapons/Range/WeaponPistol.png
[Weapon] Sprite2D 可见性: true
[Weapon] Sprite2D 位置: (27.0, 0.0)
[Weapon] Sprite2D 缩放: (1.0, 1.0)
[Weapon] 贴图大小: (200.0, 100.0)
[Weapon] 动态创建枪口节点，偏移: (20.0, -2.0)
[Weapon] 武器设置完成: 手枪1级 (pistol_1)
  - 类型: RANGE
  - 等级: 1
  - 形状类型: straight
  - 子弹模式: single
  - 碰撞体位置/缩放: (0.0, 0.0) / (1.0, 1.0)
  - 基础场景: res://scenes/weapons/range/weapon_range_physical.tscn
[Player] weapon position after layout: (0.0, -15.0)
[Player] weapon global position after layout: (500.0, 285.0)
[PlayerBase] player wind loaded 1 weapons
[PlayerBase] death signal connected
[PlayerBase] start loading ultimate, player_id = wind
[PlayerBase] ultimate config loaded: { "ult_id": "wind_ult", "name": "风之升华", "duration": 10.0, "energy_cost": 40.0, "bonus_bond_tag": "commander", "visual_color_hex": "#33FF99", "scale_multiplier": 1.2, "explosion_radius": 260.0, "explosion_damage_scale": 0.9, "description": "风行者开启飓眼迁跃并强化牵引风切", "f_role_id": "wind", "f_internal_cd": 0.95, "f_q_line_amp": 1.5, "f_q_closure_amp": 1.95, "f_special_value_1": 1.15, "f_special_value_2": 260.0, "f_special_value_3": 0.28, "f_bond_o_payload": "tag:nomad|lv2:0.12|lv3:0.24|axis:line", "f_bond_m_payload": "tag:geometrist|lv2:0.16|lv3:0.32|axis:closure", "f_bond_t_payload": "tag:commander|lv2:0.10|lv3:0.20|axis:tempo" }
[PlayerBase] ultimate script loaded: (res://scenes/skills/players/f_roles/skill_wind_f.gd):<GDScript#-9223371356907762440>
[PlayerBase] ultimate node created
[PlayerBase] ultimate load complete: 风之升华
[SkillDrawingBase] _ready(): skill_wind_q, skill_owner=PlayerGeneric:<Area2D#817906060183>
[SkillDrawingBase] Line2D 创建成功: skill_wind_q
[Arena] 生成角色成功: wind 在位置 (500.0, 300.0)
[PlayerBase] Bond stat modifiers applied:
  HP: 93 -> 93
  Speed: 600
  EnergyRegen: 0.6
  PickupRange: 150
  Damage: 10
[Arena] ✅ 角色切换后羁绊属性已重新应用
[Arena] ===== 角色切换结束 =====
[PlayerBase] SkillManager already exists (created by child: @Node@2351), loaded=3, skip auto create
[Arena] 玩家死亡信号已连接
[RangeBehavior] ========== 开始远程攻击 ==========
[RangeBehavior] 武器名称: 手枪1级
[RangeBehavior] 武器位置: (500.0, 285.0)
[RangeBehavior] 武器旋转: -47.5618720212221度
[RangeBehavior] Muzzle 位置: (533.7397, 248.0997)
[RangeBehavior] 生成子弹:
  - 子弹场景: res://scenes/projectiles/projectile_pistol.tscn
  - 生成位置: (533.7397, 248.0997)
  - 角度偏移: 0.0度
  - 速度: (1214.629, -1328.412)
  - 伤害: 11.0
[Projectile] 子弹初始化:
  - 位置: (533.7397, 248.0997)
  - 速度: (1214.629, -1328.412)
  - 伤害: 11.0
  - 暴击: false
  - 击退: 1.0
  - 发射者: PlayerGeneric
  - Hitbox 碰撞层: 4
  - Hitbox 碰撞掩码: 8
[RangeBehavior] 发射 single x1
[skill_wind_q] ===== 鏉╂稑鍙嗙憴鍕灊濡€崇础 ===== 鐠ч鍋? (500.0002, 299.364), line_2d閺堝鏅? true
[Projectile] ========== 子弹命中！==========
[Projectile] 子弹位置: (577.8985, 199.8046)
[Projectile] 目标: CLIEnemy_(90_0, -120_0)
[Projectile] 目标位置: (580.1719, 190.7808)
[Projectile] 子弹销毁
[HealthComponent] 血量归零，触发死亡信号
[RangeBehavior] 攻击结束
[PlayerBase] Q released -> release_skill('q')
[skill_wind_q] ===== 退出规划模式 ===== 点数: 73, 闭合: true
[skill_wind_q] 最终闭合判定: true
[PolygonUtils] 交叉点数量: 1
[PolygonUtils] 排序后: ["[0,5]"]
[PolygonUtils] 提取完成，共 0 个区域
[PlayerBase] E pressed -> execute_skill('e')
[HealthComponent] 已经死亡，忽略伤害
[ExplosionArea] 检测到 1 个重叠区域
[ExplosionArea] 区域 1: HurtboxComponent -> 父节点: CLIEnemy_(180_0, 0_0) (类型: Area2D)
[ExplosionArea]   ⚠️ 使用备用伤害方案
[ExplosionArea]   ✅ 造成伤害(备用): 0.0 -> CLIEnemy_(180_0, 0_0)
[ExplosionArea] 共击中 1 个敌人
[RangeBehavior] ========== 开始远程攻击 ==========
[RangeBehavior] 武器名称: 手枪1级
[RangeBehavior] 武器位置: (756.2428, 329.0415)
[RangeBehavior] 武器旋转: -178.314109416122度
[RangeBehavior] Muzzle 位置: (706.2645, 327.5705)
[RangeBehavior] 生成子弹:
  - 子弹场景: res://scenes/projectiles/projectile_pistol.tscn
  - 生成位置: (706.2645, 327.5705)
  - 角度偏移: 0.0度
  - 速度: (-1799.221, -52.95617)
  - 伤害: 11.0
[Projectile] 子弹初始化:
  - 位置: (706.2645, 327.5705)
  - 速度: (-1799.221, -52.95617)
  - 伤害: 11.0
  - 暴击: false
  - 击退: 1.0
  - 发射者: PlayerGeneric
  - Hitbox 碰撞层: 4
  - Hitbox 碰撞掩码: 8
[RangeBehavior] 发射 single x1
[PlayerBase] F pressed, ultimate_skill = UltimateSkill:<Node#819701223205>
[PlayerBase] try activate ultimate, energy: 100.0%
[Projectile] ========== 子弹命中！==========
[Projectile] 子弹位置: (662.0801, 326.2699)
[Projectile] 目标: CLIEnemy_(180_0, 0_0)
[Projectile] 目标位置: (702.757, 328.8163)
[Projectile] 子弹销毁
[Projectile] ✓ 生成爆炸: 伤害=1.0, 半径=260.0
[Projectile] 爆炸伤害: 9.9 (基础:11.0 × 倍率:0.9)
[ExplosionArea] 检测到 2 个重叠区域
[ExplosionArea] 区域 1: HurtboxComponent -> 父节点: CLIEnemy_(180_0, 0_0) (类型: Area2D)
[ExplosionArea]   ⚠️ 使用备用伤害方案
[ExplosionArea]   ✅ 造成伤害(备用): 9.9 -> CLIEnemy_(180_0, 0_0)
[ExplosionArea] 区域 2: HurtboxComponent -> 父节点: CLIEnemy_(90_0, -120_0) (类型: Area2D)
[ExplosionArea]   ⚠️ 使用备用伤害方案
[ExplosionArea]   ✅ 造成伤害(备用): 9.9 -> CLIEnemy_(90_0, -120_0)
[ExplosionArea] 共击中 2 个敌人
[ExplosionArea] 检测到 0 个重叠区域
[ExplosionArea] 共击中 0 个敌人
[HealthComponent] 血量归零，触发死亡信号
[DebugSwitcher] replay finished
[DebugSwitcher] test mode disabled
[BackgroundManager] 地图纹理大小: (994.000000, 460.000000)
[BackgroundManager] 初始化完成 - 瓦片大小: 2000, 已生成: 25 个瓦片
[ChestManager] 初始化完成 - 生成 2 个宝箱（分散布局）
[ChestManager] 初始化完成 - 预生成 2 个宝箱位置
[ChestIndicator] indicator_show_range = 3000 (from map_config.csv)
[ExitConfirmDialog] _ready() called
[Arena] _ready() 开始
[Arena] 已添加到 arena 组
[Arena] 已启用波末战利品模式，禁用旧宝箱流程
[Arena] 暂停菜单已初始化
[Arena] 商店面板已连接
[Arena] WaveRewardSystem 已创建
[Arena] WaveRewardPanel 已添加到 GameUI
[Arena] WildcardPanel 已添加到 GameUI
[Arena] BattleFlowController 已初始化
[Arena] Spawner 波次完成信号已连接
[Arena] 准备初始化玩家...
[Arena] _init_player_from_selection 开始
[Arena] selected_player_ids: ["lurewarden"]
[Arena] selected_player_weapons: { "lurewarden": "pistol" }
WARNING: [ConfigManager] game_config 缺少键 'enable_wave_recruit_mode'，使用默认值: 1
   at: push_warning (core/variant/variant_utility.cpp:1034)
   GDScript backtrace (most recent call first):
       [0] get_game_setting (res://autoloads/config_manager.gd:590)
       [1] is_wave_recruit_mode_enabled (res://autoloads/global.gd:298)
       [2] enter_wave_recruit_mode (res://autoloads/global.gd:303)
       [3] _init_player_from_selection (res://scenes/arena/arena_core.gd:467)
       [4] _ready (res://scenes/arena/arena_core.gd:117)
[Arena] 场景中没有默认玩家，直接生成选择的角色
[Arena] _spawn_player 开始: player_id=lurewarden, pos=(500.0, 300.0)
[Arena] Global.selected_player_weapons = { "lurewarden": "pistol" }
[Arena] visual_config: { "player_id": "lurewarden", "sprite_path": "res://assets/sprites/Players/Player_7.png", "scene_path": "res://scenes/unit/players/player_generic.tscn", "scale_x": 1.0, "scale_y": 1.0, "color_r": 1.0, "color_g": 1.0, "color_b": 1.0, "color_a": 1.0, "z_index": 1.0 }
[Arena] 创建角色: lurewarden
[PlayerFactory] 设置 player_id: lurewarden
[PlayerFactory] 已加载脚本: res://scenes/unit/players/player_lurewarden.gd (player_id=lurewarden)
[PlayerFactory] 成功创建角色: lurewarden
[Arena] 警告: player_id 不匹配，重新设置:  -> lurewarden
[PlayerBase] player lurewarden has no equipped item
[ItemWeapon] 尝试加载武器场景: res://scenes/weapons/range/weapon_range_physical.tscn
[ItemWeapon] 成功加载武器场景: res://scenes/weapons/range/weapon_range_physical.tscn
[Player] weapon added: 手枪1级 (pistol_1)
[Weapon] _ready() - Sprite2D 初始化:
  - 可见性: true
  - z_index: 2
  - 缩放: (1.0, 1.0)
  - 位置: (27.0, 0.0)
  - Sprite2D 全局位置: (527.0, 300.0)
  - Weapon 全局位置: (500.0, 300.0)
[Player] weapon node added to scene
[Player] weapon position: (0.0, 0.0)
[Player] weapon global position: (500.0, 300.0)
[Player] weapon visible: true
[Player] weapon z_index: 0
[Weapon] 加载贴图: res://assets/sprites/Weapons/Range/WeaponPistol.png
[Weapon] Sprite2D 可见性: true
[Weapon] Sprite2D 位置: (27.0, 0.0)
[Weapon] Sprite2D 缩放: (1.0, 1.0)
[Weapon] 贴图大小: (200.0, 100.0)
[Weapon] 动态创建枪口节点，偏移: (20.0, -2.0)
[Weapon] 武器设置完成: 手枪1级 (pistol_1)
  - 类型: RANGE
  - 等级: 1
  - 形状类型: straight
  - 子弹模式: single
  - 碰撞体位置/缩放: (0.0, 0.0) / (1.0, 1.0)
  - 基础场景: res://scenes/weapons/range/weapon_range_physical.tscn
[Player] weapon position after layout: (0.0, -15.0)
[Player] weapon global position after layout: (500.0, 285.0)
[PlayerBase] player lurewarden loaded 1 weapons
[PlayerBase] death signal connected
[PlayerBase] start loading ultimate, player_id = lurewarden
[PlayerBase] ultimate config loaded: { "ult_id": "lurewarden_ult", "name": "诱猎号令", "duration": 10.0, "energy_cost": 40.0, "bonus_bond_tag": "commander", "visual_color_hex": "#66FF33", "scale_multiplier": 1.2, "explosion_radius": 280.0, "explosion_damage_scale": 1.0, "description": "诱猎师开启诱猎号令并强化诱饵围捕", "f_role_id": "lurewarden", "f_internal_cd": 0.95, "f_q_line_amp": 1.48, "f_q_closure_amp": 1.96, "f_special_value_1": 1.18, "f_special_value_2": 250.0, "f_special_value_3": 0.3, "f_bond_o_payload": "tag:alchemist|lv2:0.12|lv3:0.24|axis:line", "f_bond_m_payload": "tag:architect|lv2:0.16|lv3:0.32|axis:closure", "f_bond_t_payload": "tag:commander|lv2:0.10|lv3:0.20|axis:tempo" }
[PlayerBase] ultimate script loaded: (res://scenes/skills/players/f_roles/skill_lurewarden_f.gd):<GDScript#-9223371778334651887>
[PlayerBase] ultimate node created
[PlayerBase] ultimate load complete: 诱猎号令
[SkillDrawingBase] _ready(): skill_lurewarden_q, skill_owner=PlayerGeneric:<Area2D#1205241647624>
[SkillDrawingBase] Line2D 创建成功: skill_lurewarden_q
[Arena] 生成角色成功: lurewarden 在位置 (500.0, 300.0)
[Arena] 玩家初始化完成
[CharacterSlot] 加载角色图标: lurewarden -> res://assets/sprites/Players/Player_7.png
[SquadHUD] 初始化 1 个角色卡槽
[Arena] 小队 HUD 初始化完成
[Arena] ===== _init_bond_hud() 开始 =====
[Arena] ✅ 找到 GameUI 节点: /root/Arena/GameUI
[Arena] ✅ BondHUD 场景加载成功
[Arena] ✅ BondHUD 实例化成功
[Arena] ✅ BondHUD 已添加到 GameUI
[Arena] BondHUD 路径: /root/Arena/GameUI/BondHUD
[Arena] BondHUD 可见性: true
[Arena] _ready() 完成，飘字保护已解除
[PlayerBase] SkillManager already exists (created by child: @Node@2413), loaded=3, skip auto create
[Arena] ===== 角色切换开始 =====
[Arena] 收到角色切换请求: lurewarden
[Arena] 跳过自动保存（QEF测试模式）: character_switch
[Arena] 当前玩家: lurewarden
[Arena] 当前玩家位置: (500.0, 300.0)
[Arena] 不清理旧玩家的技能效果（默认行为）
[Arena] 调用 player.queue_free()
[Arena] 等待一帧...
[DebugSwitcher] test mode enabled: wave_time=999, key8 toggles recording
[Arena] 玩家死亡信号已连接
[Arena] 触发 BondManager 重新计算羁绊...
[Arena] 当前队伍: ["sapper", "spiritcaller", "lurewarden"]
[Arena] ✅ 羁绊计算完成
[PlayerBase] Bond stat modifiers applied:
  HP: 108 -> 141
  Speed: 640
  EnergyRegen: 0.7
  PickupRange: 225
  Damage: 10
[Arena] ✅ 羁绊属性已应用到玩家
[Arena] ===== _init_bond_hud() 完成 =====
[Arena] 玩家死亡信号已连接
[Arena] 等待完成，开始生成新角色
[Arena] _spawn_player 开始: player_id=lurewarden, pos=(500.0, 300.0)
[Arena] Global.selected_player_weapons = { "sapper": "pistol", "spiritcaller": "punch", "lurewarden": "pistol" }
[Arena] visual_config: { "player_id": "lurewarden", "sprite_path": "res://assets/sprites/Players/Player_7.png", "scene_path": "res://scenes/unit/players/player_generic.tscn", "scale_x": 1.0, "scale_y": 1.0, "color_r": 1.0, "color_g": 1.0, "color_b": 1.0, "color_a": 1.0, "z_index": 1.0 }
[Arena] 创建角色: lurewarden
[PlayerFactory] 设置 player_id: lurewarden
[PlayerFactory] 已加载脚本: res://scenes/unit/players/player_lurewarden.gd (player_id=lurewarden)
[PlayerFactory] 成功创建角色: lurewarden
[Arena] 警告: player_id 不匹配，重新设置:  -> lurewarden
[PlayerBase] player lurewarden has no equipped item
[ItemWeapon] 尝试加载武器场景: res://scenes/weapons/range/weapon_range_physical.tscn
[ItemWeapon] 成功加载武器场景: res://scenes/weapons/range/weapon_range_physical.tscn
[Player] weapon added: 手枪1级 (pistol_1)
[Weapon] _ready() - Sprite2D 初始化:
  - 可见性: true
  - z_index: 2
  - 缩放: (1.0, 1.0)
  - 位置: (27.0, 0.0)
  - Sprite2D 全局位置: (527.0, 300.0)
  - Weapon 全局位置: (500.0, 300.0)
[Player] weapon node added to scene
[Player] weapon position: (0.0, 0.0)
[Player] weapon global position: (500.0, 300.0)
[Player] weapon visible: true
[Player] weapon z_index: 0
[Weapon] 加载贴图: res://assets/sprites/Weapons/Range/WeaponPistol.png
[Weapon] Sprite2D 可见性: true
[Weapon] Sprite2D 位置: (27.0, 0.0)
[Weapon] Sprite2D 缩放: (1.0, 1.0)
[Weapon] 贴图大小: (200.0, 100.0)
[Weapon] 动态创建枪口节点，偏移: (20.0, -2.0)
[Weapon] 武器设置完成: 手枪1级 (pistol_1)
  - 类型: RANGE
  - 等级: 1
  - 形状类型: straight
  - 子弹模式: single
  - 碰撞体位置/缩放: (0.0, 0.0) / (1.0, 1.0)
  - 基础场景: res://scenes/weapons/range/weapon_range_physical.tscn
[Player] weapon position after layout: (0.0, -15.0)
[Player] weapon global position after layout: (500.0, 285.0)
[PlayerBase] player lurewarden loaded 1 weapons
[PlayerBase] death signal connected
[PlayerBase] start loading ultimate, player_id = lurewarden
[PlayerBase] ultimate config loaded: { "ult_id": "lurewarden_ult", "name": "诱猎号令", "duration": 10.0, "energy_cost": 40.0, "bonus_bond_tag": "commander", "visual_color_hex": "#66FF33", "scale_multiplier": 1.2, "explosion_radius": 280.0, "explosion_damage_scale": 1.0, "description": "诱猎师开启诱猎号令并强化诱饵围捕", "f_role_id": "lurewarden", "f_internal_cd": 0.95, "f_q_line_amp": 1.48, "f_q_closure_amp": 1.96, "f_special_value_1": 1.18, "f_special_value_2": 250.0, "f_special_value_3": 0.3, "f_bond_o_payload": "tag:alchemist|lv2:0.12|lv3:0.24|axis:line", "f_bond_m_payload": "tag:architect|lv2:0.16|lv3:0.32|axis:closure", "f_bond_t_payload": "tag:commander|lv2:0.10|lv3:0.20|axis:tempo" }
[PlayerBase] ultimate script loaded: (res://scenes/skills/players/f_roles/skill_lurewarden_f.gd):<GDScript#-9223371778334651887>
[PlayerBase] ultimate node created
[PlayerBase] ultimate load complete: 诱猎号令
[SkillDrawingBase] _ready(): skill_lurewarden_q, skill_owner=PlayerGeneric:<Area2D#1215509304426>
[SkillDrawingBase] Line2D 创建成功: skill_lurewarden_q
[Arena] 生成角色成功: lurewarden 在位置 (500.0, 300.0)
[PlayerBase] Bond stat modifiers applied:
  HP: 108 -> 141
  Speed: 640
  EnergyRegen: 0.7
  PickupRange: 225
  Damage: 10
[Arena] ✅ 角色切换后羁绊属性已重新应用
[Arena] ===== 角色切换结束 =====
[PlayerBase] SkillManager already exists (created by child: @Node@2434), loaded=3, skip auto create
[Arena] 玩家死亡信号已连接
[Arena] ===== 角色切换开始 =====
[Arena] 收到角色切换请求: lurewarden
[Arena] 跳过自动保存（QEF测试模式）: character_switch
[Arena] 当前玩家: lurewarden
[Arena] 当前玩家位置: (500.0, 300.0)
[Arena] 不清理旧玩家的技能效果（默认行为）
[Arena] 调用 player.queue_free()
[Arena] 等待一帧...
[DebugSwitcher] recording started: d:/Godot/Production/PolyLash_Project/.godot_cli/Godot/app_userdata/PolyLash/qa_reports/input_recordings/player_ops_20260315_125421_932_lurewarden.json
[Arena] 等待完成，开始生成新角色
[Arena] _spawn_player 开始: player_id=lurewarden, pos=(500.0, 300.0)
[Arena] Global.selected_player_weapons = { "sapper": "pistol", "spiritcaller": "punch", "lurewarden": "pistol" }
[Arena] visual_config: { "player_id": "lurewarden", "sprite_path": "res://assets/sprites/Players/Player_7.png", "scene_path": "res://scenes/unit/players/player_generic.tscn", "scale_x": 1.0, "scale_y": 1.0, "color_r": 1.0, "color_g": 1.0, "color_b": 1.0, "color_a": 1.0, "z_index": 1.0 }
[Arena] 创建角色: lurewarden
[PlayerFactory] 设置 player_id: lurewarden
[PlayerFactory] 已加载脚本: res://scenes/unit/players/player_lurewarden.gd (player_id=lurewarden)
[PlayerFactory] 成功创建角色: lurewarden
[Arena] 警告: player_id 不匹配，重新设置:  -> lurewarden
[PlayerBase] player lurewarden has no equipped item
[ItemWeapon] 尝试加载武器场景: res://scenes/weapons/range/weapon_range_physical.tscn
[ItemWeapon] 成功加载武器场景: res://scenes/weapons/range/weapon_range_physical.tscn
[Player] weapon added: 手枪1级 (pistol_1)
[Weapon] _ready() - Sprite2D 初始化:
  - 可见性: true
  - z_index: 2
  - 缩放: (1.0, 1.0)
  - 位置: (27.0, 0.0)
  - Sprite2D 全局位置: (527.0, 300.0)
  - Weapon 全局位置: (500.0, 300.0)
[Player] weapon node added to scene
[Player] weapon position: (0.0, 0.0)
[Player] weapon global position: (500.0, 300.0)
[Player] weapon visible: true
[Player] weapon z_index: 0
[Weapon] 加载贴图: res://assets/sprites/Weapons/Range/WeaponPistol.png
[Weapon] Sprite2D 可见性: true
[Weapon] Sprite2D 位置: (27.0, 0.0)
[Weapon] Sprite2D 缩放: (1.0, 1.0)
[Weapon] 贴图大小: (200.0, 100.0)
[Weapon] 动态创建枪口节点，偏移: (20.0, -2.0)
[Weapon] 武器设置完成: 手枪1级 (pistol_1)
  - 类型: RANGE
  - 等级: 1
  - 形状类型: straight
  - 子弹模式: single
  - 碰撞体位置/缩放: (0.0, 0.0) / (1.0, 1.0)
  - 基础场景: res://scenes/weapons/range/weapon_range_physical.tscn
[Player] weapon position after layout: (0.0, -15.0)
[Player] weapon global position after layout: (500.0, 285.0)
[PlayerBase] player lurewarden loaded 1 weapons
[PlayerBase] death signal connected
[PlayerBase] start loading ultimate, player_id = lurewarden
[PlayerBase] ultimate config loaded: { "ult_id": "lurewarden_ult", "name": "诱猎号令", "duration": 10.0, "energy_cost": 40.0, "bonus_bond_tag": "commander", "visual_color_hex": "#66FF33", "scale_multiplier": 1.2, "explosion_radius": 280.0, "explosion_damage_scale": 1.0, "description": "诱猎师开启诱猎号令并强化诱饵围捕", "f_role_id": "lurewarden", "f_internal_cd": 0.95, "f_q_line_amp": 1.48, "f_q_closure_amp": 1.96, "f_special_value_1": 1.18, "f_special_value_2": 250.0, "f_special_value_3": 0.3, "f_bond_o_payload": "tag:alchemist|lv2:0.12|lv3:0.24|axis:line", "f_bond_m_payload": "tag:architect|lv2:0.16|lv3:0.32|axis:closure", "f_bond_t_payload": "tag:commander|lv2:0.10|lv3:0.20|axis:tempo" }
[PlayerBase] ultimate script loaded: (res://scenes/skills/players/f_roles/skill_lurewarden_f.gd):<GDScript#-9223371778334651887>
[PlayerBase] ultimate node created
[PlayerBase] ultimate load complete: 诱猎号令
[SkillDrawingBase] _ready(): skill_lurewarden_q, skill_owner=PlayerGeneric:<Area2D#1221934978154>
[SkillDrawingBase] Line2D 创建成功: skill_lurewarden_q
[Arena] 生成角色成功: lurewarden 在位置 (500.0, 300.0)
[PlayerBase] Bond stat modifiers applied:
  HP: 108 -> 141
  Speed: 640
  EnergyRegen: 0.7
  PickupRange: 225
  Damage: 10
[Arena] ✅ 角色切换后羁绊属性已重新应用
[Arena] ===== 角色切换结束 =====
[PlayerBase] SkillManager already exists (created by child: @Node@2444), loaded=3, skip auto create
[Arena] 玩家死亡信号已连接
[RangeBehavior] ========== 开始远程攻击 ==========
[RangeBehavior] 武器名称: 手枪1级
[RangeBehavior] 武器位置: (500.0, 285.0)
[RangeBehavior] 武器旋转: -49.1440580216988度
[RangeBehavior] Muzzle 位置: (532.7079, 247.1822)
[RangeBehavior] 生成子弹:
  - 子弹场景: res://scenes/projectiles/projectile_pistol.tscn
  - 生成位置: (532.7079, 247.1822)
  - 角度偏移: 0.0度
  - 速度: (1177.487, -1361.442)
  - 伤害: 11.0
[Projectile] 子弹初始化:
  - 位置: (532.7079, 247.1822)
  - 速度: (1177.487, -1361.442)
  - 伤害: 11.0
  - 暴击: false
  - 击退: 1.0
  - 发射者: PlayerGeneric
  - Hitbox 碰撞层: 4
  - Hitbox 碰撞掩码: 8
[RangeBehavior] 发射 single x1
[skill_lurewarden_q] ===== 鏉╂稑鍙嗙憴鍕灊濡€崇础 ===== 鐠ч鍋? (500.0002, 299.364), line_2d閺堝鏅? true
[Projectile] ========== 子弹命中！==========
[Projectile] 子弹位置: (574.0215, 199.4135)
[Projectile] 目标: CLIEnemy_(90_0, -120_0)
[Projectile] 目标位置: (580.2307, 190.7707)
[Projectile] 子弹销毁
[RangeBehavior] 攻击结束
[PlayerBase] Q released -> release_skill('q')
[skill_lurewarden_q] ===== 退出规划模式 ===== 点数: 87, 闭合: false
[skill_lurewarden_q] 最终闭合判定: false
[skill_lurewarden_q] 閻㈢喐鍨氬鈧弨鎹愮熅瀵板嫭鏅ラ弸婊愮礉閸樼喎顫愰悙瑙勬殶: 87, 閸氬牆鑻熺痪鎸庮唽閺? 9
[skill_lurewarden_q] [P0-2] 线段持续加成: 5.0s -> 8.0s (+3.0s)
[skill_lurewarden_q] [P0-2] 线段持续加成: 5.0s -> 8.0s (+3.0s)
[skill_lurewarden_q] [P0-2] 线段持续加成: 5.0s -> 8.0s (+3.0s)
[skill_lurewarden_q] [P0-2] 线段持续加成: 5.0s -> 8.0s (+3.0s)
[skill_lurewarden_q] [P0-2] 线段持续加成: 5.0s -> 8.0s (+3.0s)
[skill_lurewarden_q] [P0-2] 线段持续加成: 5.0s -> 8.0s (+3.0s)
[skill_lurewarden_q] [P0-2] 线段持续加成: 5.0s -> 8.0s (+3.0s)
[skill_lurewarden_q] [P0-2] 线段持续加成: 5.0s -> 8.0s (+3.0s)
[skill_lurewarden_q] [P0-2] 线段持续加成: 5.0s -> 8.0s (+3.0s)
[skill_lurewarden_q] [P0-2] 线段持续加成: 5.0s -> 8.0s (+3.0s)
[skill_lurewarden_q] open-path effects spawned
[skill_lurewarden_q] [P0-2] 线段持续加成: 5.0s -> 8.0s (+3.0s)
[ExplosionArea] 检测到 1 个重叠区域
[ExplosionArea] 区域 1: HurtboxComponent -> 父节点: CLIEnemy_(120_0, 90_0) (类型: Area2D)
[ExplosionArea]   ⚠️ 使用备用伤害方案
[ExplosionArea]   ✅ 造成伤害(备用): 0.0 -> CLIEnemy_(120_0, 90_0)
[ExplosionArea] 共击中 1 个敌人
[ExplosionArea] 检测到 0 个重叠区域
[ExplosionArea] 共击中 0 个敌人
[ExplosionArea] 检测到 0 个重叠区域
[ExplosionArea] 共击中 0 个敌人
[ExplosionArea] 检测到 0 个重叠区域
[ExplosionArea] 共击中 0 个敌人
[ExplosionArea] 检测到 0 个重叠区域
[ExplosionArea] 共击中 0 个敌人
[ExplosionArea] 检测到 0 个重叠区域
[ExplosionArea] 共击中 0 个敌人
[ExplosionArea] 检测到 0 个重叠区域
[ExplosionArea] 共击中 0 个敌人
[PlayerBase] E pressed -> execute_skill('e')
[HealthComponent] 血量归零，触发死亡信号
[ExplosionArea] 检测到 0 个重叠区域
[ExplosionArea] 共击中 0 个敌人
[ExplosionArea] 检测到 0 个重叠区域
[ExplosionArea] 共击中 0 个敌人
[PlayerBase] F pressed, ultimate_skill = UltimateSkill:<Node#1223730138923>
[PlayerBase] try activate ultimate, energy: 100.0%
[RangeBehavior] ========== 开始远程攻击 ==========
[RangeBehavior] 武器名称: 手枪1级
[RangeBehavior] 武器位置: (854.4587, 324.7988)
[RangeBehavior] 武器旋转: -174.970841100428度
[RangeBehavior] Muzzle 位置: (804.9036, 311.7229)
[RangeBehavior] 生成子弹:
  - 子弹场景: res://scenes/projectiles/projectile_pistol.tscn
  - 生成位置: (804.9036, 311.7229)
  - 角度偏移: 0.0度
  - 速度: (-1793.07, -157.7929)
  - 伤害: 17.0
[Projectile] 子弹初始化:
  - 位置: (804.9036, 311.7229)
  - 速度: (-1793.07, -157.7929)
  - 伤害: 11.0
  - 暴击: true
  - 击退: 1.0
  - 发射者: PlayerGeneric
  - Hitbox 碰撞层: 4
  - Hitbox 碰撞掩码: 8
[RangeBehavior] 发射 single x1
[DebugSwitcher] record saved: d:/Godot/Production/PolyLash_Project/.godot_cli/Godot/app_userdata/PolyLash/qa_reports/input_recordings/player_ops_20260315_125421_932_lurewarden.json
[DebugSwitcher] test mode disabled
[BackgroundManager] 地图纹理大小: (994.000000, 460.000000)
[BackgroundManager] 初始化完成 - 瓦片大小: 2000, 已生成: 25 个瓦片
[ChestManager] 初始化完成 - 生成 2 个宝箱（分散布局）
[ChestManager] 初始化完成 - 预生成 2 个宝箱位置
[ChestIndicator] indicator_show_range = 3000 (from map_config.csv)
[ExitConfirmDialog] _ready() called
[Arena] _ready() 开始
[Arena] 已添加到 arena 组
[Arena] 已启用波末战利品模式，禁用旧宝箱流程
[Arena] 暂停菜单已初始化
[Arena] 商店面板已连接
[Arena] WaveRewardSystem 已创建
[Arena] WaveRewardPanel 已添加到 GameUI
[Arena] WildcardPanel 已添加到 GameUI
[Arena] BattleFlowController 已初始化
[Arena] Spawner 波次完成信号已连接
[Arena] 准备初始化玩家...
[Arena] _init_player_from_selection 开始
[Arena] selected_player_ids: ["lurewarden"]
[Arena] selected_player_weapons: { "lurewarden": "pistol" }
WARNING: [ConfigManager] game_config 缺少键 'enable_wave_recruit_mode'，使用默认值: 1
   at: push_warning (core/variant/variant_utility.cpp:1034)
   GDScript backtrace (most recent call first):
       [0] get_game_setting (res://autoloads/config_manager.gd:590)
       [1] is_wave_recruit_mode_enabled (res://autoloads/global.gd:298)
       [2] enter_wave_recruit_mode (res://autoloads/global.gd:303)
       [3] _init_player_from_selection (res://scenes/arena/arena_core.gd:467)
       [4] _ready (res://scenes/arena/arena_core.gd:117)
[Arena] 场景中没有默认玩家，直接生成选择的角色
[Arena] _spawn_player 开始: player_id=lurewarden, pos=(500.0, 300.0)
[Arena] Global.selected_player_weapons = { "lurewarden": "pistol" }
[Arena] visual_config: { "player_id": "lurewarden", "sprite_path": "res://assets/sprites/Players/Player_7.png", "scene_path": "res://scenes/unit/players/player_generic.tscn", "scale_x": 1.0, "scale_y": 1.0, "color_r": 1.0, "color_g": 1.0, "color_b": 1.0, "color_a": 1.0, "z_index": 1.0 }
[Arena] 创建角色: lurewarden
[PlayerFactory] 设置 player_id: lurewarden
[PlayerFactory] 已加载脚本: res://scenes/unit/players/player_lurewarden.gd (player_id=lurewarden)
[PlayerFactory] 成功创建角色: lurewarden
[Arena] 警告: player_id 不匹配，重新设置:  -> lurewarden
[PlayerBase] player lurewarden has no equipped item
[ItemWeapon] 尝试加载武器场景: res://scenes/weapons/range/weapon_range_physical.tscn
[ItemWeapon] 成功加载武器场景: res://scenes/weapons/range/weapon_range_physical.tscn
[Player] weapon added: 手枪1级 (pistol_1)
[Weapon] _ready() - Sprite2D 初始化:
  - 可见性: true
  - z_index: 2
  - 缩放: (1.0, 1.0)
  - 位置: (27.0, 0.0)
  - Sprite2D 全局位置: (527.0, 300.0)
  - Weapon 全局位置: (500.0, 300.0)
[Player] weapon node added to scene
[Player] weapon position: (0.0, 0.0)
[Player] weapon global position: (500.0, 300.0)
[Player] weapon visible: true
[Player] weapon z_index: 0
[Weapon] 加载贴图: res://assets/sprites/Weapons/Range/WeaponPistol.png
[Weapon] Sprite2D 可见性: true
[Weapon] Sprite2D 位置: (27.0, 0.0)
[Weapon] Sprite2D 缩放: (1.0, 1.0)
[Weapon] 贴图大小: (200.0, 100.0)
[Weapon] 动态创建枪口节点，偏移: (20.0, -2.0)
[Weapon] 武器设置完成: 手枪1级 (pistol_1)
  - 类型: RANGE
  - 等级: 1
  - 形状类型: straight
  - 子弹模式: single
  - 碰撞体位置/缩放: (0.0, 0.0) / (1.0, 1.0)
  - 基础场景: res://scenes/weapons/range/weapon_range_physical.tscn
[Player] weapon position after layout: (0.0, -15.0)
[Player] weapon global position after layout: (500.0, 285.0)
[PlayerBase] player lurewarden loaded 1 weapons
[PlayerBase] death signal connected
[PlayerBase] start loading ultimate, player_id = lurewarden
[PlayerBase] ultimate config loaded: { "ult_id": "lurewarden_ult", "name": "诱猎号令", "duration": 10.0, "energy_cost": 40.0, "bonus_bond_tag": "commander", "visual_color_hex": "#66FF33", "scale_multiplier": 1.2, "explosion_radius": 280.0, "explosion_damage_scale": 1.0, "description": "诱猎师开启诱猎号令并强化诱饵围捕", "f_role_id": "lurewarden", "f_internal_cd": 0.95, "f_q_line_amp": 1.48, "f_q_closure_amp": 1.96, "f_special_value_1": 1.18, "f_special_value_2": 250.0, "f_special_value_3": 0.3, "f_bond_o_payload": "tag:alchemist|lv2:0.12|lv3:0.24|axis:line", "f_bond_m_payload": "tag:architect|lv2:0.16|lv3:0.32|axis:closure", "f_bond_t_payload": "tag:commander|lv2:0.10|lv3:0.20|axis:tempo" }
[PlayerBase] ultimate script loaded: (res://scenes/skills/players/f_roles/skill_lurewarden_f.gd):<GDScript#-9223371778334651887>
[PlayerBase] ultimate node created
[PlayerBase] ultimate load complete: 诱猎号令
[SkillDrawingBase] _ready(): skill_lurewarden_q, skill_owner=PlayerGeneric:<Area2D#1271058665607>
[SkillDrawingBase] Line2D 创建成功: skill_lurewarden_q
[Arena] 生成角色成功: lurewarden 在位置 (500.0, 300.0)
[Arena] 玩家初始化完成
[CharacterSlot] 加载角色图标: lurewarden -> res://assets/sprites/Players/Player_7.png
[SquadHUD] 初始化 1 个角色卡槽
[Arena] 小队 HUD 初始化完成
[Arena] ===== _init_bond_hud() 开始 =====
[Arena] ✅ 找到 GameUI 节点: /root/Arena/GameUI
[Arena] ✅ BondHUD 场景加载成功
[Arena] ✅ BondHUD 实例化成功
[Arena] ✅ BondHUD 已添加到 GameUI
[Arena] BondHUD 路径: /root/Arena/GameUI/BondHUD
[Arena] BondHUD 可见性: true
[Arena] _ready() 完成，飘字保护已解除
[PlayerBase] SkillManager already exists (created by child: @Node@2632), loaded=3, skip auto create
[Arena] ===== 角色切换开始 =====
[Arena] 收到角色切换请求: lurewarden
[Arena] 跳过自动保存（QEF测试模式）: character_switch
[Arena] 当前玩家: lurewarden
[Arena] 当前玩家位置: (500.0, 300.0)
[Arena] 不清理旧玩家的技能效果（默认行为）
[Arena] 调用 player.queue_free()
[Arena] 等待一帧...
[DebugSwitcher] test mode enabled: wave_time=999, key8 toggles recording
[Arena] 玩家死亡信号已连接
[Arena] 触发 BondManager 重新计算羁绊...
[Arena] 当前队伍: ["sapper", "spiritcaller", "lurewarden"]
[Arena] ✅ 羁绊计算完成
[PlayerBase] Bond stat modifiers applied:
  HP: 108 -> 141
  Speed: 640
  EnergyRegen: 0.7
  PickupRange: 225
  Damage: 10
[Arena] ✅ 羁绊属性已应用到玩家
[Arena] ===== _init_bond_hud() 完成 =====
[Arena] 玩家死亡信号已连接
[Arena] 等待完成，开始生成新角色
[Arena] _spawn_player 开始: player_id=lurewarden, pos=(500.0, 300.0)
[Arena] Global.selected_player_weapons = { "sapper": "pistol", "spiritcaller": "punch", "lurewarden": "pistol" }
[Arena] visual_config: { "player_id": "lurewarden", "sprite_path": "res://assets/sprites/Players/Player_7.png", "scene_path": "res://scenes/unit/players/player_generic.tscn", "scale_x": 1.0, "scale_y": 1.0, "color_r": 1.0, "color_g": 1.0, "color_b": 1.0, "color_a": 1.0, "z_index": 1.0 }
[Arena] 创建角色: lurewarden
[PlayerFactory] 设置 player_id: lurewarden
[PlayerFactory] 已加载脚本: res://scenes/unit/players/player_lurewarden.gd (player_id=lurewarden)
[PlayerFactory] 成功创建角色: lurewarden
[Arena] 警告: player_id 不匹配，重新设置:  -> lurewarden
[PlayerBase] player lurewarden has no equipped item
[ItemWeapon] 尝试加载武器场景: res://scenes/weapons/range/weapon_range_physical.tscn
[ItemWeapon] 成功加载武器场景: res://scenes/weapons/range/weapon_range_physical.tscn
[Player] weapon added: 手枪1级 (pistol_1)
[Weapon] _ready() - Sprite2D 初始化:
  - 可见性: true
  - z_index: 2
  - 缩放: (1.0, 1.0)
  - 位置: (27.0, 0.0)
  - Sprite2D 全局位置: (527.0, 300.0)
  - Weapon 全局位置: (500.0, 300.0)
[Player] weapon node added to scene
[Player] weapon position: (0.0, 0.0)
[Player] weapon global position: (500.0, 300.0)
[Player] weapon visible: true
[Player] weapon z_index: 0
[Weapon] 加载贴图: res://assets/sprites/Weapons/Range/WeaponPistol.png
[Weapon] Sprite2D 可见性: true
[Weapon] Sprite2D 位置: (27.0, 0.0)
[Weapon] Sprite2D 缩放: (1.0, 1.0)
[Weapon] 贴图大小: (200.0, 100.0)
[Weapon] 动态创建枪口节点，偏移: (20.0, -2.0)
[Weapon] 武器设置完成: 手枪1级 (pistol_1)
  - 类型: RANGE
  - 等级: 1
  - 形状类型: straight
  - 子弹模式: single
  - 碰撞体位置/缩放: (0.0, 0.0) / (1.0, 1.0)
  - 基础场景: res://scenes/weapons/range/weapon_range_physical.tscn
[Player] weapon position after layout: (0.0, -15.0)
[Player] weapon global position after layout: (500.0, 285.0)
[PlayerBase] player lurewarden loaded 1 weapons
[PlayerBase] death signal connected
[PlayerBase] start loading ultimate, player_id = lurewarden
[PlayerBase] ultimate config loaded: { "ult_id": "lurewarden_ult", "name": "诱猎号令", "duration": 10.0, "energy_cost": 40.0, "bonus_bond_tag": "commander", "visual_color_hex": "#66FF33", "scale_multiplier": 1.2, "explosion_radius": 280.0, "explosion_damage_scale": 1.0, "description": "诱猎师开启诱猎号令并强化诱饵围捕", "f_role_id": "lurewarden", "f_internal_cd": 0.95, "f_q_line_amp": 1.48, "f_q_closure_amp": 1.96, "f_special_value_1": 1.18, "f_special_value_2": 250.0, "f_special_value_3": 0.3, "f_bond_o_payload": "tag:alchemist|lv2:0.12|lv3:0.24|axis:line", "f_bond_m_payload": "tag:architect|lv2:0.16|lv3:0.32|axis:closure", "f_bond_t_payload": "tag:commander|lv2:0.10|lv3:0.20|axis:tempo" }
[PlayerBase] ultimate script loaded: (res://scenes/skills/players/f_roles/skill_lurewarden_f.gd):<GDScript#-9223371778334651887>
[PlayerBase] ultimate node created
[PlayerBase] ultimate load complete: 诱猎号令
[SkillDrawingBase] _ready(): skill_lurewarden_q, skill_owner=PlayerGeneric:<Area2D#1277870215303>
[SkillDrawingBase] Line2D 创建成功: skill_lurewarden_q
[Arena] 生成角色成功: lurewarden 在位置 (500.0, 300.0)
[PlayerBase] Bond stat modifiers applied:
  HP: 108 -> 141
  Speed: 640
  EnergyRegen: 0.7
  PickupRange: 225
  Damage: 10
[Arena] ✅ 角色切换后羁绊属性已重新应用
[Arena] ===== 角色切换结束 =====
[PlayerBase] SkillManager already exists (created by child: @Node@2641), loaded=3, skip auto create
[Arena] 玩家死亡信号已连接
[DebugSwitcher] replay started: d:/Godot/Production/PolyLash_Project/.godot_cli/Godot/app_userdata/PolyLash/qa_reports/input_recordings/player_ops_20260315_125421_932_lurewarden.json
[Arena] ===== 角色切换开始 =====
[Arena] 收到角色切换请求: lurewarden
[Arena] 跳过自动保存（QEF测试模式）: character_switch
[Arena] 当前玩家: lurewarden
[Arena] 当前玩家位置: (500.0, 300.0)
[Arena] 不清理旧玩家的技能效果（默认行为）
[Arena] 调用 player.queue_free()
[Arena] 等待一帧...
[Arena] 等待完成，开始生成新角色
[Arena] _spawn_player 开始: player_id=lurewarden, pos=(500.0, 300.0)
[Arena] Global.selected_player_weapons = { "lurewarden": "pistol", "sapper": "pistol", "spiritcaller": "punch" }
[Arena] visual_config: { "player_id": "lurewarden", "sprite_path": "res://assets/sprites/Players/Player_7.png", "scene_path": "res://scenes/unit/players/player_generic.tscn", "scale_x": 1.0, "scale_y": 1.0, "color_r": 1.0, "color_g": 1.0, "color_b": 1.0, "color_a": 1.0, "z_index": 1.0 }
[Arena] 创建角色: lurewarden
[PlayerFactory] 设置 player_id: lurewarden
[PlayerFactory] 已加载脚本: res://scenes/unit/players/player_lurewarden.gd (player_id=lurewarden)
[PlayerFactory] 成功创建角色: lurewarden
[Arena] 警告: player_id 不匹配，重新设置:  -> lurewarden
[PlayerBase] player lurewarden has no equipped item
[ItemWeapon] 尝试加载武器场景: res://scenes/weapons/range/weapon_range_physical.tscn
[ItemWeapon] 成功加载武器场景: res://scenes/weapons/range/weapon_range_physical.tscn
[Player] weapon added: 手枪1级 (pistol_1)
[Weapon] _ready() - Sprite2D 初始化:
  - 可见性: true
  - z_index: 2
  - 缩放: (1.0, 1.0)
  - 位置: (27.0, 0.0)
  - Sprite2D 全局位置: (527.0, 300.0)
  - Weapon 全局位置: (500.0, 300.0)
[Player] weapon node added to scene
[Player] weapon position: (0.0, 0.0)
[Player] weapon global position: (500.0, 300.0)
[Player] weapon visible: true
[Player] weapon z_index: 0
[Weapon] 加载贴图: res://assets/sprites/Weapons/Range/WeaponPistol.png
[Weapon] Sprite2D 可见性: true
[Weapon] Sprite2D 位置: (27.0, 0.0)
[Weapon] Sprite2D 缩放: (1.0, 1.0)
[Weapon] 贴图大小: (200.0, 100.0)
[Weapon] 动态创建枪口节点，偏移: (20.0, -2.0)
[Weapon] 武器设置完成: 手枪1级 (pistol_1)
  - 类型: RANGE
  - 等级: 1
  - 形状类型: straight
  - 子弹模式: single
  - 碰撞体位置/缩放: (0.0, 0.0) / (1.0, 1.0)
  - 基础场景: res://scenes/weapons/range/weapon_range_physical.tscn
[Player] weapon position after layout: (0.0, -15.0)
[Player] weapon global position after layout: (500.0, 285.0)
[PlayerBase] player lurewarden loaded 1 weapons
[PlayerBase] death signal connected
[PlayerBase] start loading ultimate, player_id = lurewarden
[PlayerBase] ultimate config loaded: { "ult_id": "lurewarden_ult", "name": "诱猎号令", "duration": 10.0, "energy_cost": 40.0, "bonus_bond_tag": "commander", "visual_color_hex": "#66FF33", "scale_multiplier": 1.2, "explosion_radius": 280.0, "explosion_damage_scale": 1.0, "description": "诱猎师开启诱猎号令并强化诱饵围捕", "f_role_id": "lurewarden", "f_internal_cd": 0.95, "f_q_line_amp": 1.48, "f_q_closure_amp": 1.96, "f_special_value_1": 1.18, "f_special_value_2": 250.0, "f_special_value_3": 0.3, "f_bond_o_payload": "tag:alchemist|lv2:0.12|lv3:0.24|axis:line", "f_bond_m_payload": "tag:architect|lv2:0.16|lv3:0.32|axis:closure", "f_bond_t_payload": "tag:commander|lv2:0.10|lv3:0.20|axis:tempo" }
[PlayerBase] ultimate script loaded: (res://scenes/skills/players/f_roles/skill_lurewarden_f.gd):<GDScript#-9223371778334651887>
[PlayerBase] ultimate node created
[PlayerBase] ultimate load complete: 诱猎号令
[SkillDrawingBase] _ready(): skill_lurewarden_q, skill_owner=PlayerGeneric:<Area2D#1284631433771>
[SkillDrawingBase] Line2D 创建成功: skill_lurewarden_q
[Arena] 生成角色成功: lurewarden 在位置 (500.0, 300.0)
[PlayerBase] Bond stat modifiers applied:
  HP: 108 -> 141
  Speed: 790
  EnergyRegen: 0.7
  PickupRange: 225
  Damage: 10
[Arena] ✅ 角色切换后羁绊属性已重新应用
[Arena] ===== 角色切换结束 =====
[PlayerBase] SkillManager already exists (created by child: @Node@2651), loaded=3, skip auto create
[Arena] 玩家死亡信号已连接
[RangeBehavior] ========== 开始远程攻击 ==========
[RangeBehavior] 武器名称: 手枪1级
[RangeBehavior] 武器位置: (500.0, 285.0)
[RangeBehavior] 武器旋转: -49.8451666947169度
[RangeBehavior] Muzzle 位置: (532.2428, 246.7848)
[RangeBehavior] 生成子弹:
  - 子弹场景: res://scenes/projectiles/projectile_pistol.tscn
  - 生成位置: (532.2428, 246.7848)
  - 角度偏移: 0.0度
  - 速度: (1160.74, -1375.748)
  - 伤害: 17.0
[Projectile] 子弹初始化:
  - 位置: (532.2428, 246.7848)
  - 速度: (1160.74, -1375.748)
  - 伤害: 11.0
  - 暴击: true
  - 击退: 1.0
  - 发射者: PlayerGeneric
  - Hitbox 碰撞层: 4
  - Hitbox 碰撞掩码: 8
[RangeBehavior] 发射 single x1
[skill_lurewarden_q] ===== 鏉╂稑鍙嗙憴鍕灊濡€崇础 ===== 鐠ч鍋? (500.0002, 299.364), line_2d閺堝鏅? true
[Projectile] ========== 子弹命中！==========
[Projectile] 子弹位置: (576.7473, 194.036)
[Projectile] 目标: CLIEnemy_(90_0, -120_0)
[Projectile] 目标位置: (582.0545, 188.9137)
[Projectile] 子弹销毁
[RangeBehavior] 攻击结束
[PlayerBase] Q released -> release_skill('q')
[skill_lurewarden_q] ===== 退出规划模式 ===== 点数: 100, 闭合: true
[skill_lurewarden_q] 最终闭合判定: false
[skill_lurewarden_q] 閻㈢喐鍨氬鈧弨鎹愮熅瀵板嫭鏅ラ弸婊愮礉閸樼喎顫愰悙瑙勬殶: 100, 閸氬牆鑻熺痪鎸庮唽閺? 10
[skill_lurewarden_q] [P0-2] 线段持续加成: 5.0s -> 8.0s (+3.0s)
[skill_lurewarden_q] [P0-2] 线段持续加成: 5.0s -> 8.0s (+3.0s)
[skill_lurewarden_q] [P0-2] 线段持续加成: 5.0s -> 8.0s (+3.0s)
[skill_lurewarden_q] [P0-2] 线段持续加成: 5.0s -> 8.0s (+3.0s)
[skill_lurewarden_q] [P0-2] 线段持续加成: 5.0s -> 8.0s (+3.0s)
[skill_lurewarden_q] [P0-2] 线段持续加成: 5.0s -> 8.0s (+3.0s)
[skill_lurewarden_q] [P0-2] 线段持续加成: 5.0s -> 8.0s (+3.0s)
[skill_lurewarden_q] [P0-2] 线段持续加成: 5.0s -> 8.0s (+3.0s)
[skill_lurewarden_q] [P0-2] 线段持续加成: 5.0s -> 8.0s (+3.0s)
[skill_lurewarden_q] [P0-2] 线段持续加成: 5.0s -> 8.0s (+3.0s)
[skill_lurewarden_q] [P0-2] 线段持续加成: 5.0s -> 8.0s (+3.0s)
[skill_lurewarden_q] open-path effects spawned
[skill_lurewarden_q] [P0-2] 线段持续加成: 5.0s -> 8.0s (+3.0s)
[ExplosionArea] 检测到 0 个重叠区域
[ExplosionArea] 共击中 0 个敌人
[ExplosionArea] 检测到 0 个重叠区域
[ExplosionArea] 共击中 0 个敌人
[ExplosionArea] 检测到 0 个重叠区域
[ExplosionArea] 共击中 0 个敌人
[ExplosionArea] 检测到 0 个重叠区域
[ExplosionArea] 共击中 0 个敌人
[ExplosionArea] 检测到 0 个重叠区域
[ExplosionArea] 共击中 0 个敌人
[ExplosionArea] 检测到 0 个重叠区域
[ExplosionArea] 共击中 0 个敌人
[ExplosionArea] 检测到 0 个重叠区域
[ExplosionArea] 共击中 0 个敌人
[PlayerBase] E pressed -> execute_skill('e')
[ExplosionArea] 检测到 0 个重叠区域
[ExplosionArea] 共击中 0 个敌人
[ExplosionArea] 检测到 0 个重叠区域
[ExplosionArea] 共击中 0 个敌人
[RangeBehavior] ========== 开始远程攻击 ==========
[RangeBehavior] 武器名称: 手枪1级
[RangeBehavior] 武器位置: (941.8849, 290.2231)
[RangeBehavior] 武器旋转: 175.12207514903度
[RangeBehavior] Muzzle 位置: (892.0658, 285.9745)
[RangeBehavior] 生成子弹:
  - 子弹场景: res://scenes/projectiles/projectile_pistol.tscn
  - 生成位置: (892.0658, 285.9745)
  - 角度偏移: 0.0度
  - 速度: (-1793.481, 153.0595)
  - 伤害: 11.0
[Projectile] 子弹初始化:
  - 位置: (892.0658, 285.9745)
  - 速度: (-1793.481, 153.0595)
  - 伤害: 11.0
  - 暴击: false
  - 击退: 1.0
  - 发射者: PlayerGeneric
  - Hitbox 碰撞层: 4
  - Hitbox 碰撞掩码: 8
[RangeBehavior] 发射 single x1
[PlayerBase] F pressed, ultimate_skill = UltimateSkill:<Node#1286426596503>
[PlayerBase] try activate ultimate, energy: 100.0%
[RangeBehavior] 攻击结束
[DebugSwitcher] replay finished
[DebugSwitcher] test mode disabled
[BackgroundManager] 地图纹理大小: (994.000000, 460.000000)
[BackgroundManager] 初始化完成 - 瓦片大小: 2000, 已生成: 25 个瓦片
[ChestManager] 初始化完成 - 生成 2 个宝箱（分散布局）
[ChestManager] 初始化完成 - 预生成 2 个宝箱位置
[ChestIndicator] indicator_show_range = 3000 (from map_config.csv)
[ExitConfirmDialog] _ready() called
[Arena] _ready() 开始
[Arena] 已添加到 arena 组
[Arena] 已启用波末战利品模式，禁用旧宝箱流程
[Arena] 暂停菜单已初始化
[Arena] 商店面板已连接
[Arena] WaveRewardSystem 已创建
[Arena] WaveRewardPanel 已添加到 GameUI
[Arena] WildcardPanel 已添加到 GameUI
[Arena] BattleFlowController 已初始化
[Arena] Spawner 波次完成信号已连接
[Arena] 准备初始化玩家...
[Arena] _init_player_from_selection 开始
[Arena] selected_player_ids: ["quartermaster"]
[Arena] selected_player_weapons: { "quartermaster": "punch" }
WARNING: [ConfigManager] game_config 缺少键 'enable_wave_recruit_mode'，使用默认值: 1
   at: push_warning (core/variant/variant_utility.cpp:1034)
   GDScript backtrace (most recent call first):
       [0] get_game_setting (res://autoloads/config_manager.gd:590)
       [1] is_wave_recruit_mode_enabled (res://autoloads/global.gd:298)
       [2] enter_wave_recruit_mode (res://autoloads/global.gd:303)
       [3] _init_player_from_selection (res://scenes/arena/arena_core.gd:467)
       [4] _ready (res://scenes/arena/arena_core.gd:117)
[Arena] 场景中没有默认玩家，直接生成选择的角色
[Arena] _spawn_player 开始: player_id=quartermaster, pos=(500.0, 300.0)
[Arena] Global.selected_player_weapons = { "quartermaster": "punch" }
[Arena] visual_config: { "player_id": "quartermaster", "sprite_path": "res://assets/sprites/Players/Player_15.png", "scene_path": "res://scenes/unit/players/player_generic.tscn", "scale_x": 1.0, "scale_y": 1.0, "color_r": 1.0, "color_g": 1.0, "color_b": 1.0, "color_a": 1.0, "z_index": 1.0 }
[Arena] 创建角色: quartermaster
[PlayerFactory] 设置 player_id: quartermaster
[PlayerFactory] 已加载脚本: res://scenes/unit/players/player_quartermaster.gd (player_id=quartermaster)
[PlayerFactory] 成功创建角色: quartermaster
[Arena] 警告: player_id 不匹配，重新设置:  -> quartermaster
[PlayerBase] player quartermaster has no equipped item
[ItemWeapon] 尝试加载武器场景: res://scenes/weapons/melee/weapon_melee_point.tscn
[ItemWeapon] 成功加载武器场景: res://scenes/weapons/melee/weapon_melee_point.tscn
[Player] weapon added: 拳头1级 (punch_1)
[Weapon] _ready() - Sprite2D 初始化:
  - 可见性: true
  - z_index: 2
  - 缩放: (1.0, 1.0)
  - 位置: (27.0, 0.0)
  - Sprite2D 全局位置: (527.0, 300.0)
  - Weapon 全局位置: (500.0, 300.0)
[Player] weapon node added to scene
[Player] weapon position: (0.0, 0.0)
[Player] weapon global position: (500.0, 300.0)
[Player] weapon visible: true
[Player] weapon z_index: 0
[Weapon] 加载贴图: res://assets/sprites/Weapons/Melee/Weapon_Punch.png
[Weapon] Sprite2D 可见性: true
[Weapon] Sprite2D 位置: (27.0, 0.0)
[Weapon] Sprite2D 缩放: (1.0, 1.0)
[Weapon] 贴图大小: (200.0, 100.0)
[Weapon] 武器设置完成: 拳头1级 (punch_1)
  - 类型: MELEE
  - 等级: 1
  - 形状类型: point
  - 子弹模式: 未指定
  - 碰撞体: 由 MeleeBehavior 动态创建
  - 基础场景: res://scenes/weapons/melee/weapon_melee_point.tscn
[Player] weapon position after layout: (0.0, -15.0)
[Player] weapon global position after layout: (500.0, 285.0)
[PlayerBase] player quartermaster loaded 1 weapons
[PlayerBase] death signal connected
[PlayerBase] start loading ultimate, player_id = quartermaster
[PlayerBase] ultimate config loaded: { "ult_id": "quartermaster_ult", "name": "火力链路", "duration": 10.0, "energy_cost": 40.0, "bonus_bond_tag": "assist", "visual_color_hex": "#999933", "scale_multiplier": 1.2, "explosion_radius": 240.0, "explosion_damage_scale": 1.1, "description": "军需官进入火力链路并增强压制节奏", "f_role_id": "quartermaster", "f_internal_cd": 0.95, "f_q_line_amp": 1.52, "f_q_closure_amp": 1.98, "f_special_value_1": 1.18, "f_special_value_2": 240.0, "f_special_value_3": 0.31, "f_bond_o_payload": "tag:alchemist|lv2:0.12|lv3:0.24|axis:line", "f_bond_m_payload": "tag:blaster|lv2:0.16|lv3:0.32|axis:closure", "f_bond_t_payload": "tag:assist|lv2:0.10|lv3:0.20|axis:tempo" }
[PlayerBase] ultimate script loaded: (res://scenes/skills/players/f_roles/skill_quartermaster_f.gd):<GDScript#-9223371549828970226>
[PlayerBase] ultimate node created
[PlayerBase] ultimate load complete: 火力链路
[SkillDrawingBase] _ready(): skill_quartermaster_q, skill_owner=PlayerGeneric:<Area2D#1793333399756>
[SkillDrawingBase] Line2D 创建成功: skill_quartermaster_q
[Arena] 生成角色成功: quartermaster 在位置 (500.0, 300.0)
[Arena] 玩家初始化完成
[CharacterSlot] 加载角色图标: quartermaster -> res://assets/sprites/Players/Player_15.png
[SquadHUD] 初始化 1 个角色卡槽
[Arena] 小队 HUD 初始化完成
[Arena] ===== _init_bond_hud() 开始 =====
[Arena] ✅ 找到 GameUI 节点: /root/Arena/GameUI
[Arena] ✅ BondHUD 场景加载成功
[Arena] ✅ BondHUD 实例化成功
[Arena] ✅ BondHUD 已添加到 GameUI
[Arena] BondHUD 路径: /root/Arena/GameUI/BondHUD
[Arena] BondHUD 可见性: true
[Arena] _ready() 完成，飘字保护已解除
[PlayerBase] SkillManager already exists (created by child: @Node@2845), loaded=3, skip auto create
[Arena] ===== 角色切换开始 =====
[Arena] 收到角色切换请求: quartermaster
[Arena] 跳过自动保存（QEF测试模式）: character_switch
[Arena] 当前玩家: quartermaster
[Arena] 当前玩家位置: (500.0, 300.0)
[Arena] 不清理旧玩家的技能效果（默认行为）
[Arena] 调用 player.queue_free()
[Arena] 等待一帧...
[DebugSwitcher] test mode enabled: wave_time=999, key8 toggles recording
[Arena] 玩家死亡信号已连接
[Arena] 触发 BondManager 重新计算羁绊...
[Arena] 当前队伍: ["quartermaster", "paladin", "bloodsworn"]
[Arena] ✅ 羁绊计算完成
[PlayerBase] Bond stat modifiers applied:
  HP: 108 -> 108
  Speed: 500
  EnergyRegen: 0.7
  PickupRange: 150
  Damage: 10
[Arena] ✅ 羁绊属性已应用到玩家
[Arena] ===== _init_bond_hud() 完成 =====
[Arena] 玩家死亡信号已连接
[Arena] 等待完成，开始生成新角色
[Arena] _spawn_player 开始: player_id=quartermaster, pos=(500.0, 300.0)
[Arena] Global.selected_player_weapons = { "quartermaster": "punch", "paladin": "punch", "bloodsworn": "punch" }
[Arena] visual_config: { "player_id": "quartermaster", "sprite_path": "res://assets/sprites/Players/Player_15.png", "scene_path": "res://scenes/unit/players/player_generic.tscn", "scale_x": 1.0, "scale_y": 1.0, "color_r": 1.0, "color_g": 1.0, "color_b": 1.0, "color_a": 1.0, "z_index": 1.0 }
[Arena] 创建角色: quartermaster
[PlayerFactory] 设置 player_id: quartermaster
[PlayerFactory] 已加载脚本: res://scenes/unit/players/player_quartermaster.gd (player_id=quartermaster)
[PlayerFactory] 成功创建角色: quartermaster
[Arena] 警告: player_id 不匹配，重新设置:  -> quartermaster
[PlayerBase] player quartermaster has no equipped item
[ItemWeapon] 尝试加载武器场景: res://scenes/weapons/melee/weapon_melee_point.tscn
[ItemWeapon] 成功加载武器场景: res://scenes/weapons/melee/weapon_melee_point.tscn
[Player] weapon added: 拳头1级 (punch_1)
[Weapon] _ready() - Sprite2D 初始化:
  - 可见性: true
  - z_index: 2
  - 缩放: (1.0, 1.0)
  - 位置: (27.0, 0.0)
  - Sprite2D 全局位置: (527.0, 300.0)
  - Weapon 全局位置: (500.0, 300.0)
[Player] weapon node added to scene
[Player] weapon position: (0.0, 0.0)
[Player] weapon global position: (500.0, 300.0)
[Player] weapon visible: true
[Player] weapon z_index: 0
[Weapon] 加载贴图: res://assets/sprites/Weapons/Melee/Weapon_Punch.png
[Weapon] Sprite2D 可见性: true
[Weapon] Sprite2D 位置: (27.0, 0.0)
[Weapon] Sprite2D 缩放: (1.0, 1.0)
[Weapon] 贴图大小: (200.0, 100.0)
[Weapon] 武器设置完成: 拳头1级 (punch_1)
  - 类型: MELEE
  - 等级: 1
  - 形状类型: point
  - 子弹模式: 未指定
  - 碰撞体: 由 MeleeBehavior 动态创建
  - 基础场景: res://scenes/weapons/melee/weapon_melee_point.tscn
[Player] weapon position after layout: (0.0, -15.0)
[Player] weapon global position after layout: (500.0, 285.0)
[PlayerBase] player quartermaster loaded 1 weapons
[PlayerBase] death signal connected
[PlayerBase] start loading ultimate, player_id = quartermaster
[PlayerBase] ultimate config loaded: { "ult_id": "quartermaster_ult", "name": "火力链路", "duration": 10.0, "energy_cost": 40.0, "bonus_bond_tag": "assist", "visual_color_hex": "#999933", "scale_multiplier": 1.2, "explosion_radius": 240.0, "explosion_damage_scale": 1.1, "description": "军需官进入火力链路并增强压制节奏", "f_role_id": "quartermaster", "f_internal_cd": 0.95, "f_q_line_amp": 1.52, "f_q_closure_amp": 1.98, "f_special_value_1": 1.18, "f_special_value_2": 240.0, "f_special_value_3": 0.31, "f_bond_o_payload": "tag:alchemist|lv2:0.12|lv3:0.24|axis:line", "f_bond_m_payload": "tag:blaster|lv2:0.16|lv3:0.32|axis:closure", "f_bond_t_payload": "tag:assist|lv2:0.10|lv3:0.20|axis:tempo" }
[PlayerBase] ultimate script loaded: (res://scenes/skills/players/f_roles/skill_quartermaster_f.gd):<GDScript#-9223371549828970226>
[PlayerBase] ultimate node created
[PlayerBase] ultimate load complete: 火力链路
[SkillDrawingBase] _ready(): skill_quartermaster_q, skill_owner=PlayerGeneric:<Area2D#1803533948624>
[SkillDrawingBase] Line2D 创建成功: skill_quartermaster_q
[Arena] 生成角色成功: quartermaster 在位置 (500.0, 300.0)
[PlayerBase] Bond stat modifiers applied:
  HP: 108 -> 108
  Speed: 500
  EnergyRegen: 0.7
  PickupRange: 150
  Damage: 10
[Arena] ✅ 角色切换后羁绊属性已重新应用
[Arena] ===== 角色切换结束 =====
[PlayerBase] SkillManager already exists (created by child: @Node@2866), loaded=3, skip auto create
[Arena] 玩家死亡信号已连接
[Arena] ===== 角色切换开始 =====
[Arena] 收到角色切换请求: quartermaster
[Arena] 跳过自动保存（QEF测试模式）: character_switch
[Arena] 当前玩家: quartermaster
[Arena] 当前玩家位置: (500.0, 300.0)
[Arena] 不清理旧玩家的技能效果（默认行为）
[Arena] 调用 player.queue_free()
[Arena] 等待一帧...
[DebugSwitcher] recording started: d:/Godot/Production/PolyLash_Project/.godot_cli/Godot/app_userdata/PolyLash/qa_reports/input_recordings/player_ops_20260315_125428_323_quartermaster.json
[Arena] 等待完成，开始生成新角色
[Arena] _spawn_player 开始: player_id=quartermaster, pos=(500.0, 300.0)
[Arena] Global.selected_player_weapons = { "quartermaster": "punch", "paladin": "punch", "bloodsworn": "punch" }
[Arena] visual_config: { "player_id": "quartermaster", "sprite_path": "res://assets/sprites/Players/Player_15.png", "scene_path": "res://scenes/unit/players/player_generic.tscn", "scale_x": 1.0, "scale_y": 1.0, "color_r": 1.0, "color_g": 1.0, "color_b": 1.0, "color_a": 1.0, "z_index": 1.0 }
[Arena] 创建角色: quartermaster
[PlayerFactory] 设置 player_id: quartermaster
[PlayerFactory] 已加载脚本: res://scenes/unit/players/player_quartermaster.gd (player_id=quartermaster)
[PlayerFactory] 成功创建角色: quartermaster
[Arena] 警告: player_id 不匹配，重新设置:  -> quartermaster
[PlayerBase] player quartermaster has no equipped item
[ItemWeapon] 尝试加载武器场景: res://scenes/weapons/melee/weapon_melee_point.tscn
[ItemWeapon] 成功加载武器场景: res://scenes/weapons/melee/weapon_melee_point.tscn
[Player] weapon added: 拳头1级 (punch_1)
[Weapon] _ready() - Sprite2D 初始化:
  - 可见性: true
  - z_index: 2
  - 缩放: (1.0, 1.0)
  - 位置: (27.0, 0.0)
  - Sprite2D 全局位置: (527.0, 300.0)
  - Weapon 全局位置: (500.0, 300.0)
[Player] weapon node added to scene
[Player] weapon position: (0.0, 0.0)
[Player] weapon global position: (500.0, 300.0)
[Player] weapon visible: true
[Player] weapon z_index: 0
[Weapon] 加载贴图: res://assets/sprites/Weapons/Melee/Weapon_Punch.png
[Weapon] Sprite2D 可见性: true
[Weapon] Sprite2D 位置: (27.0, 0.0)
[Weapon] Sprite2D 缩放: (1.0, 1.0)
[Weapon] 贴图大小: (200.0, 100.0)
[Weapon] 武器设置完成: 拳头1级 (punch_1)
  - 类型: MELEE
  - 等级: 1
  - 形状类型: point
  - 子弹模式: 未指定
  - 碰撞体: 由 MeleeBehavior 动态创建
  - 基础场景: res://scenes/weapons/melee/weapon_melee_point.tscn
[Player] weapon position after layout: (0.0, -15.0)
[Player] weapon global position after layout: (500.0, 285.0)
[PlayerBase] player quartermaster loaded 1 weapons
[PlayerBase] death signal connected
[PlayerBase] start loading ultimate, player_id = quartermaster
[PlayerBase] ultimate config loaded: { "ult_id": "quartermaster_ult", "name": "火力链路", "duration": 10.0, "energy_cost": 40.0, "bonus_bond_tag": "assist", "visual_color_hex": "#999933", "scale_multiplier": 1.2, "explosion_radius": 240.0, "explosion_damage_scale": 1.1, "description": "军需官进入火力链路并增强压制节奏", "f_role_id": "quartermaster", "f_internal_cd": 0.95, "f_q_line_amp": 1.52, "f_q_closure_amp": 1.98, "f_special_value_1": 1.18, "f_special_value_2": 240.0, "f_special_value_3": 0.31, "f_bond_o_payload": "tag:alchemist|lv2:0.12|lv3:0.24|axis:line", "f_bond_m_payload": "tag:blaster|lv2:0.16|lv3:0.32|axis:closure", "f_bond_t_payload": "tag:assist|lv2:0.10|lv3:0.20|axis:tempo" }
[PlayerBase] ultimate script loaded: (res://scenes/skills/players/f_roles/skill_quartermaster_f.gd):<GDScript#-9223371549828970226>
[PlayerBase] ultimate node created
[PlayerBase] ultimate load complete: 火力链路
[SkillDrawingBase] _ready(): skill_quartermaster_q, skill_owner=PlayerGeneric:<Area2D#1809892513488>
[SkillDrawingBase] Line2D 创建成功: skill_quartermaster_q
[Arena] 生成角色成功: quartermaster 在位置 (500.0, 300.0)
[PlayerBase] Bond stat modifiers applied:
  HP: 108 -> 108
  Speed: 500
  EnergyRegen: 0.7
  PickupRange: 150
  Damage: 10
[Arena] ✅ 角色切换后羁绊属性已重新应用
[Arena] ===== 角色切换结束 =====
[PlayerBase] SkillManager already exists (created by child: @Node@2876), loaded=3, skip auto create
[Arena] 玩家死亡信号已连接
[skill_quartermaster_q] ===== 鏉╂稑鍙嗙憴鍕灊濡€崇础 ===== 鐠ч鍋? (500.0002, 299.364), line_2d閺堝鏅? true
[PlayerBase] Q released -> release_skill('q')
[skill_quartermaster_q] ===== 退出规划模式 ===== 点数: 65, 闭合: false
[skill_quartermaster_q] 最终闭合判定: false
[skill_quartermaster_q] 閻㈢喐鍨氬鈧弨鎹愮熅瀵板嫭鏅ラ弸婊愮礉閸樼喎顫愰悙瑙勬殶: 65, 閸氬牆鑻熺痪鎸庮唽閺? 6
[HealthComponent] 血量归零，触发死亡信号
[skill_quartermaster_q] open-path effects spawned
[ExplosionArea] 检测到 0 个重叠区域
[ExplosionArea] 共击中 0 个敌人
[ExplosionArea] 检测到 0 个重叠区域
[ExplosionArea] 共击中 0 个敌人
[ExplosionArea] 检测到 0 个重叠区域
[ExplosionArea] 共击中 0 个敌人
[ExplosionArea] 检测到 0 个重叠区域
[ExplosionArea] 共击中 0 个敌人
[ExplosionArea] 检测到 0 个重叠区域
[ExplosionArea] 共击中 0 个敌人
[ExplosionArea] 检测到 0 个重叠区域
[ExplosionArea] 共击中 0 个敌人
[ExplosionArea] 检测到 0 个重叠区域
[ExplosionArea] 共击中 0 个敌人
[ExplosionArea] 检测到 0 个重叠区域
[ExplosionArea] 共击中 0 个敌人
[ExplosionArea] 检测到 0 个重叠区域
[ExplosionArea] 共击中 0 个敌人
[ExplosionArea] 检测到 0 个重叠区域
[ExplosionArea] 共击中 0 个敌人
[HealthComponent] 已经死亡，忽略伤害
[PlayerBase] E pressed -> execute_skill('e')
[HealthComponent] 已经死亡，忽略伤害
[HealthComponent] 已经死亡，忽略伤害
[ExplosionArea] 检测到 0 个重叠区域
[ExplosionArea] 共击中 0 个敌人
[ExplosionArea] 检测到 0 个重叠区域
[ExplosionArea] 共击中 0 个敌人
[ExplosionArea] 检测到 0 个重叠区域
[ExplosionArea] 共击中 0 个敌人
[ExplosionArea] 检测到 0 个重叠区域
[ExplosionArea] 共击中 0 个敌人
[ExplosionArea] 检测到 0 个重叠区域
[ExplosionArea] 共击中 0 个敌人
[ExplosionArea] 检测到 0 个重叠区域
[ExplosionArea] 共击中 0 个敌人
[PlayerBase] F pressed, ultimate_skill = UltimateSkill:<Node#1811620565899>
[PlayerBase] try activate ultimate, energy: 100.0%
[DebugSwitcher] record saved: d:/Godot/Production/PolyLash_Project/.godot_cli/Godot/app_userdata/PolyLash/qa_reports/input_recordings/player_ops_20260315_125428_323_quartermaster.json
[ExplosionArea] 检测到 0 个重叠区域
[ExplosionArea] 共击中 0 个敌人
[ExplosionArea] 检测到 0 个重叠区域
[ExplosionArea] 共击中 0 个敌人
[ExplosionArea] 检测到 0 个重叠区域
[ExplosionArea] 共击中 0 个敌人
[ExplosionArea] 检测到 0 个重叠区域
[ExplosionArea] 共击中 0 个敌人
[ExplosionArea] 检测到 0 个重叠区域
[ExplosionArea] 共击中 0 个敌人
[ExplosionArea] 检测到 0 个重叠区域
[ExplosionArea] 共击中 0 个敌人
[DebugSwitcher] test mode disabled
[BackgroundManager] 地图纹理大小: (994.000000, 460.000000)
[BackgroundManager] 初始化完成 - 瓦片大小: 2000, 已生成: 25 个瓦片
[ChestManager] 初始化完成 - 生成 2 个宝箱（分散布局）
[ChestManager] 初始化完成 - 预生成 2 个宝箱位置
[ChestIndicator] indicator_show_range = 3000 (from map_config.csv)
[ExitConfirmDialog] _ready() called
[Arena] _ready() 开始
[Arena] 已添加到 arena 组
[Arena] 已启用波末战利品模式，禁用旧宝箱流程
[Arena] 暂停菜单已初始化
[Arena] 商店面板已连接
[Arena] WaveRewardSystem 已创建
[Arena] WaveRewardPanel 已添加到 GameUI
[Arena] WildcardPanel 已添加到 GameUI
[Arena] BattleFlowController 已初始化
[Arena] Spawner 波次完成信号已连接
[Arena] 准备初始化玩家...
[Arena] _init_player_from_selection 开始
[Arena] selected_player_ids: ["quartermaster"]
[Arena] selected_player_weapons: { "quartermaster": "punch" }
WARNING: [ConfigManager] game_config 缺少键 'enable_wave_recruit_mode'，使用默认值: 1
   at: push_warning (core/variant/variant_utility.cpp:1034)
   GDScript backtrace (most recent call first):
       [0] get_game_setting (res://autoloads/config_manager.gd:590)
       [1] is_wave_recruit_mode_enabled (res://autoloads/global.gd:298)
       [2] enter_wave_recruit_mode (res://autoloads/global.gd:303)
       [3] _init_player_from_selection (res://scenes/arena/arena_core.gd:467)
       [4] _ready (res://scenes/arena/arena_core.gd:117)
[Arena] 场景中没有默认玩家，直接生成选择的角色
[Arena] _spawn_player 开始: player_id=quartermaster, pos=(500.0, 300.0)
[Arena] Global.selected_player_weapons = { "quartermaster": "punch" }
[Arena] visual_config: { "player_id": "quartermaster", "sprite_path": "res://assets/sprites/Players/Player_15.png", "scene_path": "res://scenes/unit/players/player_generic.tscn", "scale_x": 1.0, "scale_y": 1.0, "color_r": 1.0, "color_g": 1.0, "color_b": 1.0, "color_a": 1.0, "z_index": 1.0 }
[Arena] 创建角色: quartermaster
[PlayerFactory] 设置 player_id: quartermaster
[PlayerFactory] 已加载脚本: res://scenes/unit/players/player_quartermaster.gd (player_id=quartermaster)
[PlayerFactory] 成功创建角色: quartermaster
[Arena] 警告: player_id 不匹配，重新设置:  -> quartermaster
[PlayerBase] player quartermaster has no equipped item
[ItemWeapon] 尝试加载武器场景: res://scenes/weapons/melee/weapon_melee_point.tscn
[ItemWeapon] 成功加载武器场景: res://scenes/weapons/melee/weapon_melee_point.tscn
[Player] weapon added: 拳头1级 (punch_1)
[Weapon] _ready() - Sprite2D 初始化:
  - 可见性: true
  - z_index: 2
  - 缩放: (1.0, 1.0)
  - 位置: (27.0, 0.0)
  - Sprite2D 全局位置: (527.0, 300.0)
  - Weapon 全局位置: (500.0, 300.0)
[Player] weapon node added to scene
[Player] weapon position: (0.0, 0.0)
[Player] weapon global position: (500.0, 300.0)
[Player] weapon visible: true
[Player] weapon z_index: 0
[Weapon] 加载贴图: res://assets/sprites/Weapons/Melee/Weapon_Punch.png
[Weapon] Sprite2D 可见性: true
[Weapon] Sprite2D 位置: (27.0, 0.0)
[Weapon] Sprite2D 缩放: (1.0, 1.0)
[Weapon] 贴图大小: (200.0, 100.0)
[Weapon] 武器设置完成: 拳头1级 (punch_1)
  - 类型: MELEE
  - 等级: 1
  - 形状类型: point
  - 子弹模式: 未指定
  - 碰撞体: 由 MeleeBehavior 动态创建
  - 基础场景: res://scenes/weapons/melee/weapon_melee_point.tscn
[Player] weapon position after layout: (0.0, -15.0)
[Player] weapon global position after layout: (500.0, 285.0)
[PlayerBase] player quartermaster loaded 1 weapons
[PlayerBase] death signal connected
[PlayerBase] start loading ultimate, player_id = quartermaster
[PlayerBase] ultimate config loaded: { "ult_id": "quartermaster_ult", "name": "火力链路", "duration": 10.0, "energy_cost": 40.0, "bonus_bond_tag": "assist", "visual_color_hex": "#999933", "scale_multiplier": 1.2, "explosion_radius": 240.0, "explosion_damage_scale": 1.1, "description": "军需官进入火力链路并增强压制节奏", "f_role_id": "quartermaster", "f_internal_cd": 0.95, "f_q_line_amp": 1.52, "f_q_closure_amp": 1.98, "f_special_value_1": 1.18, "f_special_value_2": 240.0, "f_special_value_3": 0.31, "f_bond_o_payload": "tag:alchemist|lv2:0.12|lv3:0.24|axis:line", "f_bond_m_payload": "tag:blaster|lv2:0.16|lv3:0.32|axis:closure", "f_bond_t_payload": "tag:assist|lv2:0.10|lv3:0.20|axis:tempo" }
[PlayerBase] ultimate script loaded: (res://scenes/skills/players/f_roles/skill_quartermaster_f.gd):<GDScript#-9223371549828970226>
[PlayerBase] ultimate node created
[PlayerBase] ultimate load complete: 火力链路
[SkillDrawingBase] _ready(): skill_quartermaster_q, skill_owner=PlayerGeneric:<Area2D#1884920222356>
[SkillDrawingBase] Line2D 创建成功: skill_quartermaster_q
[Arena] 生成角色成功: quartermaster 在位置 (500.0, 300.0)
[Arena] 玩家初始化完成
[CharacterSlot] 加载角色图标: quartermaster -> res://assets/sprites/Players/Player_15.png
[SquadHUD] 初始化 1 个角色卡槽
[Arena] 小队 HUD 初始化完成
[Arena] ===== _init_bond_hud() 开始 =====
[Arena] ✅ 找到 GameUI 节点: /root/Arena/GameUI
[Arena] ✅ BondHUD 场景加载成功
[Arena] ✅ BondHUD 实例化成功
[Arena] ✅ BondHUD 已添加到 GameUI
[Arena] BondHUD 路径: /root/Arena/GameUI/BondHUD
[Arena] BondHUD 可见性: true
[Arena] _ready() 完成，飘字保护已解除
[PlayerBase] SkillManager already exists (created by child: @Node@3312), loaded=3, skip auto create
[Arena] ===== 角色切换开始 =====
[Arena] 收到角色切换请求: quartermaster
[Arena] 跳过自动保存（QEF测试模式）: character_switch
[Arena] 当前玩家: quartermaster
[Arena] 当前玩家位置: (500.0, 300.0)
[Arena] 不清理旧玩家的技能效果（默认行为）
[Arena] 调用 player.queue_free()
[Arena] 等待一帧...
[DebugSwitcher] test mode enabled: wave_time=999, key8 toggles recording
[Arena] 玩家死亡信号已连接
[Arena] 触发 BondManager 重新计算羁绊...
[Arena] 当前队伍: ["quartermaster", "paladin", "bloodsworn"]
[Arena] ✅ 羁绊计算完成
[PlayerBase] Bond stat modifiers applied:
  HP: 108 -> 108
  Speed: 500
  EnergyRegen: 0.7
  PickupRange: 150
  Damage: 10
[Arena] ✅ 羁绊属性已应用到玩家
[Arena] ===== _init_bond_hud() 完成 =====
[Arena] 玩家死亡信号已连接
[Arena] 等待完成，开始生成新角色
[Arena] _spawn_player 开始: player_id=quartermaster, pos=(500.0, 300.0)
[Arena] Global.selected_player_weapons = { "quartermaster": "punch", "paladin": "punch", "bloodsworn": "punch" }
[Arena] visual_config: { "player_id": "quartermaster", "sprite_path": "res://assets/sprites/Players/Player_15.png", "scene_path": "res://scenes/unit/players/player_generic.tscn", "scale_x": 1.0, "scale_y": 1.0, "color_r": 1.0, "color_g": 1.0, "color_b": 1.0, "color_a": 1.0, "z_index": 1.0 }
[Arena] 创建角色: quartermaster
[PlayerFactory] 设置 player_id: quartermaster
[PlayerFactory] 已加载脚本: res://scenes/unit/players/player_quartermaster.gd (player_id=quartermaster)
[PlayerFactory] 成功创建角色: quartermaster
[Arena] 警告: player_id 不匹配，重新设置:  -> quartermaster
[PlayerBase] player quartermaster has no equipped item
[ItemWeapon] 尝试加载武器场景: res://scenes/weapons/melee/weapon_melee_point.tscn
[ItemWeapon] 成功加载武器场景: res://scenes/weapons/melee/weapon_melee_point.tscn
[Player] weapon added: 拳头1级 (punch_1)
[Weapon] _ready() - Sprite2D 初始化:
  - 可见性: true
  - z_index: 2
  - 缩放: (1.0, 1.0)
  - 位置: (27.0, 0.0)
  - Sprite2D 全局位置: (527.0, 300.0)
  - Weapon 全局位置: (500.0, 300.0)
[Player] weapon node added to scene
[Player] weapon position: (0.0, 0.0)
[Player] weapon global position: (500.0, 300.0)
[Player] weapon visible: true
[Player] weapon z_index: 0
[Weapon] 加载贴图: res://assets/sprites/Weapons/Melee/Weapon_Punch.png
[Weapon] Sprite2D 可见性: true
[Weapon] Sprite2D 位置: (27.0, 0.0)
[Weapon] Sprite2D 缩放: (1.0, 1.0)
[Weapon] 贴图大小: (200.0, 100.0)
[Weapon] 武器设置完成: 拳头1级 (punch_1)
  - 类型: MELEE
  - 等级: 1
  - 形状类型: point
  - 子弹模式: 未指定
  - 碰撞体: 由 MeleeBehavior 动态创建
  - 基础场景: res://scenes/weapons/melee/weapon_melee_point.tscn
[Player] weapon position after layout: (0.0, -15.0)
[Player] weapon global position after layout: (500.0, 285.0)
[PlayerBase] player quartermaster loaded 1 weapons
[PlayerBase] death signal connected
[PlayerBase] start loading ultimate, player_id = quartermaster
[PlayerBase] ultimate config loaded: { "ult_id": "quartermaster_ult", "name": "火力链路", "duration": 10.0, "energy_cost": 40.0, "bonus_bond_tag": "assist", "visual_color_hex": "#999933", "scale_multiplier": 1.2, "explosion_radius": 240.0, "explosion_damage_scale": 1.1, "description": "军需官进入火力链路并增强压制节奏", "f_role_id": "quartermaster", "f_internal_cd": 0.95, "f_q_line_amp": 1.52, "f_q_closure_amp": 1.98, "f_special_value_1": 1.18, "f_special_value_2": 240.0, "f_special_value_3": 0.31, "f_bond_o_payload": "tag:alchemist|lv2:0.12|lv3:0.24|axis:line", "f_bond_m_payload": "tag:blaster|lv2:0.16|lv3:0.32|axis:closure", "f_bond_t_payload": "tag:assist|lv2:0.10|lv3:0.20|axis:tempo" }
[PlayerBase] ultimate script loaded: (res://scenes/skills/players/f_roles/skill_quartermaster_f.gd):<GDScript#-9223371549828970226>
[PlayerBase] ultimate node created
[PlayerBase] ultimate load complete: 火力链路
[SkillDrawingBase] _ready(): skill_quartermaster_q, skill_owner=PlayerGeneric:<Area2D#1896261620372>
[SkillDrawingBase] Line2D 创建成功: skill_quartermaster_q
[Arena] 生成角色成功: quartermaster 在位置 (500.0, 300.0)
[PlayerBase] Bond stat modifiers applied:
  HP: 108 -> 108
  Speed: 500
  EnergyRegen: 0.7
  PickupRange: 150
  Damage: 10
[Arena] ✅ 角色切换后羁绊属性已重新应用
[Arena] ===== 角色切换结束 =====
[PlayerBase] SkillManager already exists (created by child: @Node@3324), loaded=3, skip auto create
[Arena] 玩家死亡信号已连接
[DebugSwitcher] replay started: d:/Godot/Production/PolyLash_Project/.godot_cli/Godot/app_userdata/PolyLash/qa_reports/input_recordings/player_ops_20260315_125428_323_quartermaster.json
[Arena] ===== 角色切换开始 =====
[Arena] 收到角色切换请求: quartermaster
[Arena] 跳过自动保存（QEF测试模式）: character_switch
[Arena] 当前玩家: quartermaster
[Arena] 当前玩家位置: (500.0, 300.0)
[Arena] 不清理旧玩家的技能效果（默认行为）
[Arena] 调用 player.queue_free()
[Arena] 等待一帧...
[Arena] 等待完成，开始生成新角色
[Arena] _spawn_player 开始: player_id=quartermaster, pos=(500.0, 300.0)
[Arena] Global.selected_player_weapons = { "bloodsworn": "punch", "paladin": "punch", "quartermaster": "punch" }
[Arena] visual_config: { "player_id": "quartermaster", "sprite_path": "res://assets/sprites/Players/Player_15.png", "scene_path": "res://scenes/unit/players/player_generic.tscn", "scale_x": 1.0, "scale_y": 1.0, "color_r": 1.0, "color_g": 1.0, "color_b": 1.0, "color_a": 1.0, "z_index": 1.0 }
[Arena] 创建角色: quartermaster
[PlayerFactory] 设置 player_id: quartermaster
[PlayerFactory] 已加载脚本: res://scenes/unit/players/player_quartermaster.gd (player_id=quartermaster)
[PlayerFactory] 成功创建角色: quartermaster
[Arena] 警告: player_id 不匹配，重新设置:  -> quartermaster
[PlayerBase] player quartermaster has no equipped item
[ItemWeapon] 尝试加载武器场景: res://scenes/weapons/melee/weapon_melee_point.tscn
[ItemWeapon] 成功加载武器场景: res://scenes/weapons/melee/weapon_melee_point.tscn
[Player] weapon added: 拳头1级 (punch_1)
[Weapon] _ready() - Sprite2D 初始化:
  - 可见性: true
  - z_index: 2
  - 缩放: (1.0, 1.0)
  - 位置: (27.0, 0.0)
  - Sprite2D 全局位置: (527.0, 300.0)
  - Weapon 全局位置: (500.0, 300.0)
[Player] weapon node added to scene
[Player] weapon position: (0.0, 0.0)
[Player] weapon global position: (500.0, 300.0)
[Player] weapon visible: true
[Player] weapon z_index: 0
[Weapon] 加载贴图: res://assets/sprites/Weapons/Melee/Weapon_Punch.png
[Weapon] Sprite2D 可见性: true
[Weapon] Sprite2D 位置: (27.0, 0.0)
[Weapon] Sprite2D 缩放: (1.0, 1.0)
[Weapon] 贴图大小: (200.0, 100.0)
[Weapon] 武器设置完成: 拳头1级 (punch_1)
  - 类型: MELEE
  - 等级: 1
  - 形状类型: point
  - 子弹模式: 未指定
  - 碰撞体: 由 MeleeBehavior 动态创建
  - 基础场景: res://scenes/weapons/melee/weapon_melee_point.tscn
[Player] weapon position after layout: (0.0, -15.0)
[Player] weapon global position after layout: (500.0, 285.0)
[PlayerBase] player quartermaster loaded 1 weapons
[PlayerBase] death signal connected
[PlayerBase] start loading ultimate, player_id = quartermaster
[PlayerBase] ultimate config loaded: { "ult_id": "quartermaster_ult", "name": "火力链路", "duration": 10.0, "energy_cost": 40.0, "bonus_bond_tag": "assist", "visual_color_hex": "#999933", "scale_multiplier": 1.2, "explosion_radius": 240.0, "explosion_damage_scale": 1.1, "description": "军需官进入火力链路并增强压制节奏", "f_role_id": "quartermaster", "f_internal_cd": 0.95, "f_q_line_amp": 1.52, "f_q_closure_amp": 1.98, "f_special_value_1": 1.18, "f_special_value_2": 240.0, "f_special_value_3": 0.31, "f_bond_o_payload": "tag:alchemist|lv2:0.12|lv3:0.24|axis:line", "f_bond_m_payload": "tag:blaster|lv2:0.16|lv3:0.32|axis:closure", "f_bond_t_payload": "tag:assist|lv2:0.10|lv3:0.20|axis:tempo" }
[PlayerBase] ultimate script loaded: (res://scenes/skills/players/f_roles/skill_quartermaster_f.gd):<GDScript#-9223371549828970226>
[PlayerBase] ultimate node created
[PlayerBase] ultimate load complete: 火力链路
[SkillDrawingBase] _ready(): skill_quartermaster_q, skill_owner=PlayerGeneric:<Area2D#1916562049350>
[SkillDrawingBase] Line2D 创建成功: skill_quartermaster_q
[Arena] 生成角色成功: quartermaster 在位置 (500.0, 300.0)
[PlayerBase] Bond stat modifiers applied:
  HP: 108 -> 108
  Speed: 500
  EnergyRegen: 0.7
  PickupRange: 150
  Damage: 10
[Arena] ✅ 角色切换后羁绊属性已重新应用
[Arena] ===== 角色切换结束 =====
[PlayerBase] SkillManager already exists (created by child: @Node@3334), loaded=3, skip auto create
[Arena] 玩家死亡信号已连接
[skill_quartermaster_q] ===== 鏉╂稑鍙嗙憴鍕灊濡€崇础 ===== 鐠ч鍋? (500.0002, 299.364), line_2d閺堝鏅? true
[HealthComponent] 血量归零，触发死亡信号
[PlayerBase] Q released -> release_skill('q')
[skill_quartermaster_q] ===== 退出规划模式 ===== 点数: 72, 闭合: true
[skill_quartermaster_q] 最终闭合判定: true
[PolygonUtils] 交叉点数量: 2
[PolygonUtils] 排序后: ["[0,4]", "[1,4]"]
[PolygonUtils] 8字形检测: i1=0, j1=4, i2=1, j2=4
[PolygonUtils] ⚠️ 非标准8字形，单独处理每个交叉点
[PolygonUtils] 提取完成，共 0 个区域
[PlayerBase] E pressed -> execute_skill('e')
[HealthComponent] 已经死亡，忽略伤害
[ExplosionArea] 检测到 0 个重叠区域
[ExplosionArea] 共击中 0 个敌人
[PlayerBase] F pressed, ultimate_skill = UltimateSkill:<Node#1918290102844>
[PlayerBase] try activate ultimate, energy: 100.0%
[DebugSwitcher] replay finished
[DebugSwitcher] test mode disabled
[BackgroundManager] 地图纹理大小: (994.000000, 460.000000)
[BackgroundManager] 初始化完成 - 瓦片大小: 2000, 已生成: 25 个瓦片
[ChestManager] 初始化完成 - 生成 2 个宝箱（分散布局）
[ChestManager] 初始化完成 - 预生成 2 个宝箱位置
[ChestIndicator] indicator_show_range = 3000 (from map_config.csv)
[ExitConfirmDialog] _ready() called
[Arena] _ready() 开始
[Arena] 已添加到 arena 组
[Arena] 已启用波末战利品模式，禁用旧宝箱流程
[Arena] 暂停菜单已初始化
[Arena] 商店面板已连接
[Arena] WaveRewardSystem 已创建
[Arena] WaveRewardPanel 已添加到 GameUI
[Arena] WildcardPanel 已添加到 GameUI
[Arena] BattleFlowController 已初始化
[Arena] Spawner 波次完成信号已连接
[Arena] 准备初始化玩家...
[Arena] _init_player_from_selection 开始
[Arena] selected_player_ids: ["singularist"]
[Arena] selected_player_weapons: { "singularist": "punch" }
WARNING: [ConfigManager] game_config 缺少键 'enable_wave_recruit_mode'，使用默认值: 1
   at: push_warning (core/variant/variant_utility.cpp:1034)
   GDScript backtrace (most recent call first):
       [0] get_game_setting (res://autoloads/config_manager.gd:590)
       [1] is_wave_recruit_mode_enabled (res://autoloads/global.gd:298)
       [2] enter_wave_recruit_mode (res://autoloads/global.gd:303)
       [3] _init_player_from_selection (res://scenes/arena/arena_core.gd:467)
       [4] _ready (res://scenes/arena/arena_core.gd:117)
[Arena] 场景中没有默认玩家，直接生成选择的角色
[Arena] _spawn_player 开始: player_id=singularist, pos=(500.0, 300.0)
[Arena] Global.selected_player_weapons = { "singularist": "punch" }
[Arena] visual_config: { "player_id": "singularist", "sprite_path": "res://assets/sprites/Players/Player_2.png", "scene_path": "res://scenes/unit/players/player_generic.tscn", "scale_x": 1.0, "scale_y": 1.0, "color_r": 1.0, "color_g": 1.0, "color_b": 1.0, "color_a": 1.0, "z_index": 1.0 }
[Arena] 创建角色: singularist
[PlayerFactory] 设置 player_id: singularist
[PlayerFactory] 已加载脚本: res://scenes/unit/players/player_singularist.gd (player_id=singularist)
[PlayerFactory] 成功创建角色: singularist
[Arena] 警告: player_id 不匹配，重新设置:  -> singularist
[PlayerBase] player singularist has no equipped item
[ItemWeapon] 尝试加载武器场景: res://scenes/weapons/melee/weapon_melee_point.tscn
[ItemWeapon] 成功加载武器场景: res://scenes/weapons/melee/weapon_melee_point.tscn
[Player] weapon added: 拳头1级 (punch_1)
[Weapon] _ready() - Sprite2D 初始化:
  - 可见性: true
  - z_index: 2
  - 缩放: (1.0, 1.0)
  - 位置: (27.0, 0.0)
  - Sprite2D 全局位置: (527.0, 300.0)
  - Weapon 全局位置: (500.0, 300.0)
[Player] weapon node added to scene
[Player] weapon position: (0.0, 0.0)
[Player] weapon global position: (500.0, 300.0)
[Player] weapon visible: true
[Player] weapon z_index: 0
[Weapon] 加载贴图: res://assets/sprites/Weapons/Melee/Weapon_Punch.png
[Weapon] Sprite2D 可见性: true
[Weapon] Sprite2D 位置: (27.0, 0.0)
[Weapon] Sprite2D 缩放: (1.0, 1.0)
[Weapon] 贴图大小: (200.0, 100.0)
[Weapon] 武器设置完成: 拳头1级 (punch_1)
  - 类型: MELEE
  - 等级: 1
  - 形状类型: point
  - 子弹模式: 未指定
  - 碰撞体: 由 MeleeBehavior 动态创建
  - 基础场景: res://scenes/weapons/melee/weapon_melee_point.tscn
[Player] weapon position after layout: (0.0, -15.0)
[Player] weapon global position after layout: (500.0, 285.0)
[PlayerBase] player singularist loaded 1 weapons
[PlayerBase] death signal connected
[PlayerBase] start loading ultimate, player_id = singularist
[PlayerBase] ultimate config loaded: { "ult_id": "singularist_ult", "name": "奇点牵引", "duration": 10.0, "energy_cost": 40.0, "bonus_bond_tag": "commander", "visual_color_hex": "#6A0DAD", "scale_multiplier": 1.2, "explosion_radius": 260.0, "explosion_damage_scale": 1.1, "description": "坍缩师启动奇点牵引并强化坍缩爆发", "f_role_id": "singularist", "f_internal_cd": 0.9, "f_q_line_amp": 1.57, "f_q_closure_amp": 2.04, "f_special_value_1": 1.26, "f_special_value_2": 265.0, "f_special_value_3": 0.28, "f_bond_o_payload": "tag:nomad|lv2:0.12|lv3:0.24|axis:line", "f_bond_m_payload": "tag:blaster|lv2:0.16|lv3:0.32|axis:closure", "f_bond_t_payload": "tag:commander|lv2:0.10|lv3:0.20|axis:tempo" }
[PlayerBase] ultimate script loaded: (res://scenes/skills/players/f_roles/skill_singularist_f.gd):<GDScript#-9223369742486595602>
[PlayerBase] ultimate node created
[PlayerBase] ultimate load complete: 奇点牵引
[SkillDrawingBase] _ready(): skill_singularist_q, skill_owner=PlayerGeneric:<Area2D#2292069700270>
[SkillDrawingBase] Line2D 创建成功: skill_singularist_q
[Arena] 生成角色成功: singularist 在位置 (500.0, 300.0)
[Arena] 玩家初始化完成
[CharacterSlot] 加载角色图标: singularist -> res://assets/sprites/Players/Player_2.png
[SquadHUD] 初始化 1 个角色卡槽
[Arena] 小队 HUD 初始化完成
[Arena] ===== _init_bond_hud() 开始 =====
[Arena] ✅ 找到 GameUI 节点: /root/Arena/GameUI
[Arena] ✅ BondHUD 场景加载成功
[Arena] ✅ BondHUD 实例化成功
[Arena] ✅ BondHUD 已添加到 GameUI
[Arena] BondHUD 路径: /root/Arena/GameUI/BondHUD
[Arena] BondHUD 可见性: true
[Arena] _ready() 完成，飘字保护已解除
[PlayerBase] SkillManager already exists (created by child: @Node@3383), loaded=3, skip auto create
[Arena] ===== 角色切换开始 =====
[Arena] 收到角色切换请求: singularist
[Arena] 跳过自动保存（QEF测试模式）: character_switch
[Arena] 当前玩家: singularist
[Arena] 当前玩家位置: (500.0, 300.0)
[Arena] 不清理旧玩家的技能效果（默认行为）
[Arena] 调用 player.queue_free()
[Arena] 等待一帧...
[DebugSwitcher] test mode enabled: wave_time=999, key8 toggles recording
[Arena] 玩家死亡信号已连接
[Arena] 触发 BondManager 重新计算羁绊...
[Arena] 当前队伍: ["gildhand", "singularist", "executioner"]
[Arena] ✅ 羁绊计算完成
[PlayerBase] Bond stat modifiers applied:
  HP: 103 -> 103
  Speed: 510
  EnergyRegen: 0.8
  PickupRange: 150
  Damage: 10
[Arena] ✅ 羁绊属性已应用到玩家
[Arena] ===== _init_bond_hud() 完成 =====
[Arena] 玩家死亡信号已连接
[Arena] 等待完成，开始生成新角色
[Arena] _spawn_player 开始: player_id=singularist, pos=(500.0, 300.0)
[Arena] Global.selected_player_weapons = { "gildhand": "punch", "singularist": "punch", "executioner": "punch" }
[Arena] visual_config: { "player_id": "singularist", "sprite_path": "res://assets/sprites/Players/Player_2.png", "scene_path": "res://scenes/unit/players/player_generic.tscn", "scale_x": 1.0, "scale_y": 1.0, "color_r": 1.0, "color_g": 1.0, "color_b": 1.0, "color_a": 1.0, "z_index": 1.0 }
[Arena] 创建角色: singularist
[PlayerFactory] 设置 player_id: singularist
[PlayerFactory] 已加载脚本: res://scenes/unit/players/player_singularist.gd (player_id=singularist)
[PlayerFactory] 成功创建角色: singularist
[Arena] 警告: player_id 不匹配，重新设置:  -> singularist
[PlayerBase] player singularist has no equipped item
[ItemWeapon] 尝试加载武器场景: res://scenes/weapons/melee/weapon_melee_point.tscn
[ItemWeapon] 成功加载武器场景: res://scenes/weapons/melee/weapon_melee_point.tscn
[Player] weapon added: 拳头1级 (punch_1)
[Weapon] _ready() - Sprite2D 初始化:
  - 可见性: true
  - z_index: 2
  - 缩放: (1.0, 1.0)
  - 位置: (27.0, 0.0)
  - Sprite2D 全局位置: (527.0, 300.0)
  - Weapon 全局位置: (500.0, 300.0)
[Player] weapon node added to scene
[Player] weapon position: (0.0, 0.0)
[Player] weapon global position: (500.0, 300.0)
[Player] weapon visible: true
[Player] weapon z_index: 0
[Weapon] 加载贴图: res://assets/sprites/Weapons/Melee/Weapon_Punch.png
[Weapon] Sprite2D 可见性: true
[Weapon] Sprite2D 位置: (27.0, 0.0)
[Weapon] Sprite2D 缩放: (1.0, 1.0)
[Weapon] 贴图大小: (200.0, 100.0)
[Weapon] 武器设置完成: 拳头1级 (punch_1)
  - 类型: MELEE
  - 等级: 1
  - 形状类型: point
  - 子弹模式: 未指定
  - 碰撞体: 由 MeleeBehavior 动态创建
  - 基础场景: res://scenes/weapons/melee/weapon_melee_point.tscn
[Player] weapon position after layout: (0.0, -15.0)
[Player] weapon global position after layout: (500.0, 285.0)
[PlayerBase] player singularist loaded 1 weapons
[PlayerBase] death signal connected
[PlayerBase] start loading ultimate, player_id = singularist
[PlayerBase] ultimate config loaded: { "ult_id": "singularist_ult", "name": "奇点牵引", "duration": 10.0, "energy_cost": 40.0, "bonus_bond_tag": "commander", "visual_color_hex": "#6A0DAD", "scale_multiplier": 1.2, "explosion_radius": 260.0, "explosion_damage_scale": 1.1, "description": "坍缩师启动奇点牵引并强化坍缩爆发", "f_role_id": "singularist", "f_internal_cd": 0.9, "f_q_line_amp": 1.57, "f_q_closure_amp": 2.04, "f_special_value_1": 1.26, "f_special_value_2": 265.0, "f_special_value_3": 0.28, "f_bond_o_payload": "tag:nomad|lv2:0.12|lv3:0.24|axis:line", "f_bond_m_payload": "tag:blaster|lv2:0.16|lv3:0.32|axis:closure", "f_bond_t_payload": "tag:commander|lv2:0.10|lv3:0.20|axis:tempo" }
[PlayerBase] ultimate script loaded: (res://scenes/skills/players/f_roles/skill_singularist_f.gd):<GDScript#-9223369742486595602>
[PlayerBase] ultimate node created
[PlayerBase] ultimate load complete: 奇点牵引
[SkillDrawingBase] _ready(): skill_singularist_q, skill_owner=PlayerGeneric:<Area2D#2305726355611>
[SkillDrawingBase] Line2D 创建成功: skill_singularist_q
[Arena] 生成角色成功: singularist 在位置 (500.0, 300.0)
[PlayerBase] Bond stat modifiers applied:
  HP: 103 -> 103
  Speed: 510
  EnergyRegen: 0.8
  PickupRange: 150
  Damage: 10
[Arena] ✅ 角色切换后羁绊属性已重新应用
[Arena] ===== 角色切换结束 =====
[PlayerBase] SkillManager already exists (created by child: @Node@3405), loaded=3, skip auto create
[Arena] 玩家死亡信号已连接
[Arena] ===== 角色切换开始 =====
[Arena] 收到角色切换请求: singularist
[Arena] 跳过自动保存（QEF测试模式）: character_switch
[Arena] 当前玩家: singularist
[Arena] 当前玩家位置: (500.0, 300.0)
[Arena] 不清理旧玩家的技能效果（默认行为）
[Arena] 调用 player.queue_free()
[Arena] 等待一帧...
[DebugSwitcher] recording started: d:/Godot/Production/PolyLash_Project/.godot_cli/Godot/app_userdata/PolyLash/qa_reports/input_recordings/player_ops_20260315_125434_807_singularist.json
[Arena] 等待完成，开始生成新角色
[Arena] _spawn_player 开始: player_id=singularist, pos=(500.0, 300.0)
[Arena] Global.selected_player_weapons = { "gildhand": "punch", "singularist": "punch", "executioner": "punch" }
[Arena] visual_config: { "player_id": "singularist", "sprite_path": "res://assets/sprites/Players/Player_2.png", "scene_path": "res://scenes/unit/players/player_generic.tscn", "scale_x": 1.0, "scale_y": 1.0, "color_r": 1.0, "color_g": 1.0, "color_b": 1.0, "color_a": 1.0, "z_index": 1.0 }
[Arena] 创建角色: singularist
[PlayerFactory] 设置 player_id: singularist
[PlayerFactory] 已加载脚本: res://scenes/unit/players/player_singularist.gd (player_id=singularist)
[PlayerFactory] 成功创建角色: singularist
[Arena] 警告: player_id 不匹配，重新设置:  -> singularist
[PlayerBase] player singularist has no equipped item
[ItemWeapon] 尝试加载武器场景: res://scenes/weapons/melee/weapon_melee_point.tscn
[ItemWeapon] 成功加载武器场景: res://scenes/weapons/melee/weapon_melee_point.tscn
[Player] weapon added: 拳头1级 (punch_1)
[Weapon] _ready() - Sprite2D 初始化:
  - 可见性: true
  - z_index: 2
  - 缩放: (1.0, 1.0)
  - 位置: (27.0, 0.0)
  - Sprite2D 全局位置: (527.0, 300.0)
  - Weapon 全局位置: (500.0, 300.0)
[Player] weapon node added to scene
[Player] weapon position: (0.0, 0.0)
[Player] weapon global position: (500.0, 300.0)
[Player] weapon visible: true
[Player] weapon z_index: 0
[Weapon] 加载贴图: res://assets/sprites/Weapons/Melee/Weapon_Punch.png
[Weapon] Sprite2D 可见性: true
[Weapon] Sprite2D 位置: (27.0, 0.0)
[Weapon] Sprite2D 缩放: (1.0, 1.0)
[Weapon] 贴图大小: (200.0, 100.0)
[Weapon] 武器设置完成: 拳头1级 (punch_1)
  - 类型: MELEE
  - 等级: 1
  - 形状类型: point
  - 子弹模式: 未指定
  - 碰撞体: 由 MeleeBehavior 动态创建
  - 基础场景: res://scenes/weapons/melee/weapon_melee_point.tscn
[Player] weapon position after layout: (0.0, -15.0)
[Player] weapon global position after layout: (500.0, 285.0)
[PlayerBase] player singularist loaded 1 weapons
[PlayerBase] death signal connected
[PlayerBase] start loading ultimate, player_id = singularist
[PlayerBase] ultimate config loaded: { "ult_id": "singularist_ult", "name": "奇点牵引", "duration": 10.0, "energy_cost": 40.0, "bonus_bond_tag": "commander", "visual_color_hex": "#6A0DAD", "scale_multiplier": 1.2, "explosion_radius": 260.0, "explosion_damage_scale": 1.1, "description": "坍缩师启动奇点牵引并强化坍缩爆发", "f_role_id": "singularist", "f_internal_cd": 0.9, "f_q_line_amp": 1.57, "f_q_closure_amp": 2.04, "f_special_value_1": 1.26, "f_special_value_2": 265.0, "f_special_value_3": 0.28, "f_bond_o_payload": "tag:nomad|lv2:0.12|lv3:0.24|axis:line", "f_bond_m_payload": "tag:blaster|lv2:0.16|lv3:0.32|axis:closure", "f_bond_t_payload": "tag:commander|lv2:0.10|lv3:0.20|axis:tempo" }
[PlayerBase] ultimate script loaded: (res://scenes/skills/players/f_roles/skill_singularist_f.gd):<GDScript#-9223369742486595602>
[PlayerBase] ultimate node created
[PlayerBase] ultimate load complete: 奇点牵引
[SkillDrawingBase] _ready(): skill_singularist_q, skill_owner=PlayerGeneric:<Area2D#2313326434459>
[SkillDrawingBase] Line2D 创建成功: skill_singularist_q
[Arena] 生成角色成功: singularist 在位置 (500.0, 300.0)
[PlayerBase] Bond stat modifiers applied:
  HP: 103 -> 103
  Speed: 510
  EnergyRegen: 0.8
  PickupRange: 150
  Damage: 10
[Arena] ✅ 角色切换后羁绊属性已重新应用
[Arena] ===== 角色切换结束 =====
[PlayerBase] SkillManager already exists (created by child: @Node@3415), loaded=3, skip auto create
[Arena] 玩家死亡信号已连接
[skill_singularist_q] ===== 鏉╂稑鍙嗙憴鍕灊濡€崇础 ===== 鐠ч鍋? (500.0002, 299.364), line_2d閺堝鏅? true
[PlayerBase] Q released -> release_skill('q')
[skill_singularist_q] ===== 退出规划模式 ===== 点数: 65, 闭合: false
[skill_singularist_q] 最终闭合判定: false
[skill_singularist_q] 閻㈢喐鍨氬鈧弨鎹愮熅瀵板嫭鏅ラ弸婊愮礉閸樼喎顫愰悙瑙勬殶: 65, 閸氬牆鑻熺痪鎸庮唽閺? 6
[skill_singularist_q] open-path effects spawned
[ExplosionArea] 检测到 0 个重叠区域
[ExplosionArea] 共击中 0 个敌人
[ExplosionArea] 检测到 0 个重叠区域
[ExplosionArea] 共击中 0 个敌人
[ExplosionArea] 检测到 0 个重叠区域
[ExplosionArea] 共击中 0 个敌人
[ExplosionArea] 检测到 0 个重叠区域
[ExplosionArea] 共击中 0 个敌人
[HealthComponent] 血量归零，触发死亡信号
[PlayerBase] E pressed -> execute_skill('e')
[HealthComponent] 已经死亡，忽略伤害
[HealthComponent] 已经死亡，忽略伤害
[HealthComponent] 已经死亡，忽略伤害
[PlayerBase] F pressed, ultimate_skill = UltimateSkill:<Node#2315054487611>
[PlayerBase] try activate ultimate, energy: 100.0%
[HealthComponent] 已经死亡，忽略伤害
[HealthComponent] 已经死亡，忽略伤害
[HealthComponent] 已经死亡，忽略伤害
[HealthComponent] 血量归零，触发死亡信号
[HealthComponent] 已经死亡，忽略伤害
[HealthComponent] 血量归零，触发死亡信号
[HealthComponent] 已经死亡，忽略伤害
[HealthComponent] 已经死亡，忽略伤害
[ExplosionArea] 检测到 1 个重叠区域
[ExplosionArea] 区域 1: HurtboxComponent -> 父节点: CLIEnemy_(90_0, -120_0) (类型: Area2D)
[ExplosionArea]   ⚠️ 使用备用伤害方案
[ExplosionArea]   ✅ 造成伤害(备用): 0.0 -> CLIEnemy_(90_0, -120_0)
[ExplosionArea] 共击中 1 个敌人
[DebugSwitcher] record saved: d:/Godot/Production/PolyLash_Project/.godot_cli/Godot/app_userdata/PolyLash/qa_reports/input_recordings/player_ops_20260315_125434_807_singularist.json
[HealthComponent] 已经死亡，忽略伤害
[HealthComponent] 已经死亡，忽略伤害
[HealthComponent] 已经死亡，忽略伤害
[DebugSwitcher] test mode disabled
[BackgroundManager] 地图纹理大小: (994.000000, 460.000000)
[BackgroundManager] 初始化完成 - 瓦片大小: 2000, 已生成: 25 个瓦片
[ChestManager] 初始化完成 - 生成 2 个宝箱（分散布局）
[ChestManager] 初始化完成 - 预生成 2 个宝箱位置
[ChestIndicator] indicator_show_range = 3000 (from map_config.csv)
[ExitConfirmDialog] _ready() called
[Arena] _ready() 开始
[Arena] 已添加到 arena 组
[Arena] 已启用波末战利品模式，禁用旧宝箱流程
[Arena] 暂停菜单已初始化
[Arena] 商店面板已连接
[Arena] WaveRewardSystem 已创建
[Arena] WaveRewardPanel 已添加到 GameUI
[Arena] WildcardPanel 已添加到 GameUI
[Arena] BattleFlowController 已初始化
[Arena] Spawner 波次完成信号已连接
[Arena] 准备初始化玩家...
[Arena] _init_player_from_selection 开始
[Arena] selected_player_ids: ["singularist"]
[Arena] selected_player_weapons: { "singularist": "punch" }
WARNING: [ConfigManager] game_config 缺少键 'enable_wave_recruit_mode'，使用默认值: 1
   at: push_warning (core/variant/variant_utility.cpp:1034)
   GDScript backtrace (most recent call first):
       [0] get_game_setting (res://autoloads/config_manager.gd:590)
       [1] is_wave_recruit_mode_enabled (res://autoloads/global.gd:298)
       [2] enter_wave_recruit_mode (res://autoloads/global.gd:303)
       [3] _init_player_from_selection (res://scenes/arena/arena_core.gd:467)
       [4] _ready (res://scenes/arena/arena_core.gd:117)
[Arena] 场景中没有默认玩家，直接生成选择的角色
[Arena] _spawn_player 开始: player_id=singularist, pos=(500.0, 300.0)
[Arena] Global.selected_player_weapons = { "singularist": "punch" }
[Arena] visual_config: { "player_id": "singularist", "sprite_path": "res://assets/sprites/Players/Player_2.png", "scene_path": "res://scenes/unit/players/player_generic.tscn", "scale_x": 1.0, "scale_y": 1.0, "color_r": 1.0, "color_g": 1.0, "color_b": 1.0, "color_a": 1.0, "z_index": 1.0 }
[Arena] 创建角色: singularist
[PlayerFactory] 设置 player_id: singularist
[PlayerFactory] 已加载脚本: res://scenes/unit/players/player_singularist.gd (player_id=singularist)
[PlayerFactory] 成功创建角色: singularist
[Arena] 警告: player_id 不匹配，重新设置:  -> singularist
[PlayerBase] player singularist has no equipped item
[ItemWeapon] 尝试加载武器场景: res://scenes/weapons/melee/weapon_melee_point.tscn
[ItemWeapon] 成功加载武器场景: res://scenes/weapons/melee/weapon_melee_point.tscn
[Player] weapon added: 拳头1级 (punch_1)
[Weapon] _ready() - Sprite2D 初始化:
  - 可见性: true
  - z_index: 2
  - 缩放: (1.0, 1.0)
  - 位置: (27.0, 0.0)
  - Sprite2D 全局位置: (527.0, 300.0)
  - Weapon 全局位置: (500.0, 300.0)
[Player] weapon node added to scene
[Player] weapon position: (0.0, 0.0)
[Player] weapon global position: (500.0, 300.0)
[Player] weapon visible: true
[Player] weapon z_index: 0
[Weapon] 加载贴图: res://assets/sprites/Weapons/Melee/Weapon_Punch.png
[Weapon] Sprite2D 可见性: true
[Weapon] Sprite2D 位置: (27.0, 0.0)
[Weapon] Sprite2D 缩放: (1.0, 1.0)
[Weapon] 贴图大小: (200.0, 100.0)
[Weapon] 武器设置完成: 拳头1级 (punch_1)
  - 类型: MELEE
  - 等级: 1
  - 形状类型: point
  - 子弹模式: 未指定
  - 碰撞体: 由 MeleeBehavior 动态创建
  - 基础场景: res://scenes/weapons/melee/weapon_melee_point.tscn
[Player] weapon position after layout: (0.0, -15.0)
[Player] weapon global position after layout: (500.0, 285.0)
[PlayerBase] player singularist loaded 1 weapons
[PlayerBase] death signal connected
[PlayerBase] start loading ultimate, player_id = singularist
[PlayerBase] ultimate config loaded: { "ult_id": "singularist_ult", "name": "奇点牵引", "duration": 10.0, "energy_cost": 40.0, "bonus_bond_tag": "commander", "visual_color_hex": "#6A0DAD", "scale_multiplier": 1.2, "explosion_radius": 260.0, "explosion_damage_scale": 1.1, "description": "坍缩师启动奇点牵引并强化坍缩爆发", "f_role_id": "singularist", "f_internal_cd": 0.9, "f_q_line_amp": 1.57, "f_q_closure_amp": 2.04, "f_special_value_1": 1.26, "f_special_value_2": 265.0, "f_special_value_3": 0.28, "f_bond_o_payload": "tag:nomad|lv2:0.12|lv3:0.24|axis:line", "f_bond_m_payload": "tag:blaster|lv2:0.16|lv3:0.32|axis:closure", "f_bond_t_payload": "tag:commander|lv2:0.10|lv3:0.20|axis:tempo" }
[PlayerBase] ultimate script loaded: (res://scenes/skills/players/f_roles/skill_singularist_f.gd):<GDScript#-9223369742486595602>
[PlayerBase] ultimate node created
[PlayerBase] ultimate load complete: 奇点牵引
[SkillDrawingBase] _ready(): skill_singularist_q, skill_owner=PlayerGeneric:<Area2D#2361963583622>
[SkillDrawingBase] Line2D 创建成功: skill_singularist_q
[Arena] 生成角色成功: singularist 在位置 (500.0, 300.0)
[Arena] 玩家初始化完成
[CharacterSlot] 加载角色图标: singularist -> res://assets/sprites/Players/Player_2.png
[SquadHUD] 初始化 1 个角色卡槽
[Arena] 小队 HUD 初始化完成
[Arena] ===== _init_bond_hud() 开始 =====
[Arena] ✅ 找到 GameUI 节点: /root/Arena/GameUI
[Arena] ✅ BondHUD 场景加载成功
[Arena] ✅ BondHUD 实例化成功
[Arena] ✅ BondHUD 已添加到 GameUI
[Arena] BondHUD 路径: /root/Arena/GameUI/BondHUD
[Arena] BondHUD 可见性: true
[Arena] _ready() 完成，飘字保护已解除
[PlayerBase] SkillManager already exists (created by child: @Node@3689), loaded=3, skip auto create
[Arena] ===== 角色切换开始 =====
[Arena] 收到角色切换请求: singularist
[Arena] 跳过自动保存（QEF测试模式）: character_switch
[Arena] 当前玩家: singularist
[Arena] 当前玩家位置: (500.0, 300.0)
[Arena] 不清理旧玩家的技能效果（默认行为）
[Arena] 调用 player.queue_free()
[Arena] 等待一帧...
[DebugSwitcher] test mode enabled: wave_time=999, key8 toggles recording
[Arena] 玩家死亡信号已连接
[Arena] 触发 BondManager 重新计算羁绊...
[Arena] 当前队伍: ["gildhand", "singularist", "executioner"]
[Arena] ✅ 羁绊计算完成
[PlayerBase] Bond stat modifiers applied:
  HP: 103 -> 103
  Speed: 510
  EnergyRegen: 0.8
  PickupRange: 150
  Damage: 10
[Arena] ✅ 羁绊属性已应用到玩家
[Arena] ===== _init_bond_hud() 完成 =====
[Arena] 玩家死亡信号已连接
[Arena] 等待完成，开始生成新角色
[Arena] _spawn_player 开始: player_id=singularist, pos=(500.0, 300.0)
[Arena] Global.selected_player_weapons = { "gildhand": "punch", "singularist": "punch", "executioner": "punch" }
[Arena] visual_config: { "player_id": "singularist", "sprite_path": "res://assets/sprites/Players/Player_2.png", "scene_path": "res://scenes/unit/players/player_generic.tscn", "scale_x": 1.0, "scale_y": 1.0, "color_r": 1.0, "color_g": 1.0, "color_b": 1.0, "color_a": 1.0, "z_index": 1.0 }
[Arena] 创建角色: singularist
[PlayerFactory] 设置 player_id: singularist
[PlayerFactory] 已加载脚本: res://scenes/unit/players/player_singularist.gd (player_id=singularist)
[PlayerFactory] 成功创建角色: singularist
[Arena] 警告: player_id 不匹配，重新设置:  -> singularist
[PlayerBase] player singularist has no equipped item
[ItemWeapon] 尝试加载武器场景: res://scenes/weapons/melee/weapon_melee_point.tscn
[ItemWeapon] 成功加载武器场景: res://scenes/weapons/melee/weapon_melee_point.tscn
[Player] weapon added: 拳头1级 (punch_1)
[Weapon] _ready() - Sprite2D 初始化:
  - 可见性: true
  - z_index: 2
  - 缩放: (1.0, 1.0)
  - 位置: (27.0, 0.0)
  - Sprite2D 全局位置: (527.0, 300.0)
  - Weapon 全局位置: (500.0, 300.0)
[Player] weapon node added to scene
[Player] weapon position: (0.0, 0.0)
[Player] weapon global position: (500.0, 300.0)
[Player] weapon visible: true
[Player] weapon z_index: 0
[Weapon] 加载贴图: res://assets/sprites/Weapons/Melee/Weapon_Punch.png
[Weapon] Sprite2D 可见性: true
[Weapon] Sprite2D 位置: (27.0, 0.0)
[Weapon] Sprite2D 缩放: (1.0, 1.0)
[Weapon] 贴图大小: (200.0, 100.0)
[Weapon] 武器设置完成: 拳头1级 (punch_1)
  - 类型: MELEE
  - 等级: 1
  - 形状类型: point
  - 子弹模式: 未指定
  - 碰撞体: 由 MeleeBehavior 动态创建
  - 基础场景: res://scenes/weapons/melee/weapon_melee_point.tscn
[Player] weapon position after layout: (0.0, -15.0)
[Player] weapon global position after layout: (500.0, 285.0)
[PlayerBase] player singularist loaded 1 weapons
[PlayerBase] death signal connected
[PlayerBase] start loading ultimate, player_id = singularist
[PlayerBase] ultimate config loaded: { "ult_id": "singularist_ult", "name": "奇点牵引", "duration": 10.0, "energy_cost": 40.0, "bonus_bond_tag": "commander", "visual_color_hex": "#6A0DAD", "scale_multiplier": 1.2, "explosion_radius": 260.0, "explosion_damage_scale": 1.1, "description": "坍缩师启动奇点牵引并强化坍缩爆发", "f_role_id": "singularist", "f_internal_cd": 0.9, "f_q_line_amp": 1.57, "f_q_closure_amp": 2.04, "f_special_value_1": 1.26, "f_special_value_2": 265.0, "f_special_value_3": 0.28, "f_bond_o_payload": "tag:nomad|lv2:0.12|lv3:0.24|axis:line", "f_bond_m_payload": "tag:blaster|lv2:0.16|lv3:0.32|axis:closure", "f_bond_t_payload": "tag:commander|lv2:0.10|lv3:0.20|axis:tempo" }
[PlayerBase] ultimate script loaded: (res://scenes/skills/players/f_roles/skill_singularist_f.gd):<GDScript#-9223369742486595602>
[PlayerBase] ultimate node created
[PlayerBase] ultimate load complete: 奇点牵引
[SkillDrawingBase] _ready(): skill_singularist_q, skill_owner=PlayerGeneric:<Area2D#2370587072646>
[SkillDrawingBase] Line2D 创建成功: skill_singularist_q
[Arena] 生成角色成功: singularist 在位置 (500.0, 300.0)
[PlayerBase] Bond stat modifiers applied:
  HP: 103 -> 103
  Speed: 510
  EnergyRegen: 0.8
  PickupRange: 150
  Damage: 10
[Arena] ✅ 角色切换后羁绊属性已重新应用
[Arena] ===== 角色切换结束 =====
[PlayerBase] SkillManager already exists (created by child: @Node@3700), loaded=3, skip auto create
[Arena] 玩家死亡信号已连接
[DebugSwitcher] replay started: d:/Godot/Production/PolyLash_Project/.godot_cli/Godot/app_userdata/PolyLash/qa_reports/input_recordings/player_ops_20260315_125434_807_singularist.json
[Arena] ===== 角色切换开始 =====
[Arena] 收到角色切换请求: singularist
[Arena] 跳过自动保存（QEF测试模式）: character_switch
[Arena] 当前玩家: singularist
[Arena] 当前玩家位置: (500.0, 300.0)
[Arena] 不清理旧玩家的技能效果（默认行为）
[Arena] 调用 player.queue_free()
[Arena] 等待一帧...
[Arena] 等待完成，开始生成新角色
[Arena] _spawn_player 开始: player_id=singularist, pos=(500.0, 300.0)
[Arena] Global.selected_player_weapons = { "executioner": "punch", "gildhand": "punch", "singularist": "punch" }
[Arena] visual_config: { "player_id": "singularist", "sprite_path": "res://assets/sprites/Players/Player_2.png", "scene_path": "res://scenes/unit/players/player_generic.tscn", "scale_x": 1.0, "scale_y": 1.0, "color_r": 1.0, "color_g": 1.0, "color_b": 1.0, "color_a": 1.0, "z_index": 1.0 }
[Arena] 创建角色: singularist
[PlayerFactory] 设置 player_id: singularist
[PlayerFactory] 已加载脚本: res://scenes/unit/players/player_singularist.gd (player_id=singularist)
[PlayerFactory] 成功创建角色: singularist
[Arena] 警告: player_id 不匹配，重新设置:  -> singularist
[PlayerBase] player singularist has no equipped item
[ItemWeapon] 尝试加载武器场景: res://scenes/weapons/melee/weapon_melee_point.tscn
[ItemWeapon] 成功加载武器场景: res://scenes/weapons/melee/weapon_melee_point.tscn
[Player] weapon added: 拳头1级 (punch_1)
[Weapon] _ready() - Sprite2D 初始化:
  - 可见性: true
  - z_index: 2
  - 缩放: (1.0, 1.0)
  - 位置: (27.0, 0.0)
  - Sprite2D 全局位置: (527.0, 300.0)
  - Weapon 全局位置: (500.0, 300.0)
[Player] weapon node added to scene
[Player] weapon position: (0.0, 0.0)
[Player] weapon global position: (500.0, 300.0)
[Player] weapon visible: true
[Player] weapon z_index: 0
[Weapon] 加载贴图: res://assets/sprites/Weapons/Melee/Weapon_Punch.png
[Weapon] Sprite2D 可见性: true
[Weapon] Sprite2D 位置: (27.0, 0.0)
[Weapon] Sprite2D 缩放: (1.0, 1.0)
[Weapon] 贴图大小: (200.0, 100.0)
[Weapon] 武器设置完成: 拳头1级 (punch_1)
  - 类型: MELEE
  - 等级: 1
  - 形状类型: point
  - 子弹模式: 未指定
  - 碰撞体: 由 MeleeBehavior 动态创建
  - 基础场景: res://scenes/weapons/melee/weapon_melee_point.tscn
[Player] weapon position after layout: (0.0, -15.0)
[Player] weapon global position after layout: (500.0, 285.0)
[PlayerBase] player singularist loaded 1 weapons
[PlayerBase] death signal connected
[PlayerBase] start loading ultimate, player_id = singularist
[PlayerBase] ultimate config loaded: { "ult_id": "singularist_ult", "name": "奇点牵引", "duration": 10.0, "energy_cost": 40.0, "bonus_bond_tag": "commander", "visual_color_hex": "#6A0DAD", "scale_multiplier": 1.2, "explosion_radius": 260.0, "explosion_damage_scale": 1.1, "description": "坍缩师启动奇点牵引并强化坍缩爆发", "f_role_id": "singularist", "f_internal_cd": 0.9, "f_q_line_amp": 1.57, "f_q_closure_amp": 2.04, "f_special_value_1": 1.26, "f_special_value_2": 265.0, "f_special_value_3": 0.28, "f_bond_o_payload": "tag:nomad|lv2:0.12|lv3:0.24|axis:line", "f_bond_m_payload": "tag:blaster|lv2:0.16|lv3:0.32|axis:closure", "f_bond_t_payload": "tag:commander|lv2:0.10|lv3:0.20|axis:tempo" }
[PlayerBase] ultimate script loaded: (res://scenes/skills/players/f_roles/skill_singularist_f.gd):<GDScript#-9223369742486595602>
[PlayerBase] ultimate node created
[PlayerBase] ultimate load complete: 奇点牵引
[SkillDrawingBase] _ready(): skill_singularist_q, skill_owner=PlayerGeneric:<Area2D#2381223827591>
[SkillDrawingBase] Line2D 创建成功: skill_singularist_q
[Arena] 生成角色成功: singularist 在位置 (500.0, 300.0)
[PlayerBase] Bond stat modifiers applied:
  HP: 103 -> 103
  Speed: 510
  EnergyRegen: 0.8
  PickupRange: 150
  Damage: 10
[Arena] ✅ 角色切换后羁绊属性已重新应用
[Arena] ===== 角色切换结束 =====
[PlayerBase] SkillManager already exists (created by child: @Node@3710), loaded=3, skip auto create
[Arena] 玩家死亡信号已连接
[skill_singularist_q] ===== 鏉╂稑鍙嗙憴鍕灊濡€崇础 ===== 鐠ч鍋? (500.0002, 299.364), line_2d閺堝鏅? true
[PlayerBase] Q released -> release_skill('q')
[skill_singularist_q] ===== 退出规划模式 ===== 点数: 70, 闭合: true
[skill_singularist_q] 最终闭合判定: true
[PolygonUtils] 交叉点数量: 2
[PolygonUtils] 排序后: ["[0,4]", "[1,4]"]
[PolygonUtils] 8字形检测: i1=0, j1=4, i2=1, j2=4
[PolygonUtils] ⚠️ 非标准8字形，单独处理每个交叉点
[PolygonUtils] 提取完成，共 0 个区域
[PlayerBase] E pressed -> execute_skill('e')
[PlayerBase] F pressed, ultimate_skill = UltimateSkill:<Node#2382951880849>
[PlayerBase] try activate ultimate, energy: 100.0%
[ExplosionArea] 检测到 2 个重叠区域
[ExplosionArea] 区域 1: HurtboxComponent -> 父节点: CLIEnemy_(120_0, 90_0) (类型: Area2D)
[ExplosionArea]   ⚠️ 使用备用伤害方案
[ExplosionArea]   ✅ 造成伤害(备用): 0.0 -> CLIEnemy_(120_0, 90_0)
[ExplosionArea] 区域 2: HurtboxComponent -> 父节点: CLIEnemy_(90_0, -120_0) (类型: Area2D)
[ExplosionArea]   ⚠️ 使用备用伤害方案
[ExplosionArea]   ✅ 造成伤害(备用): 0.0 -> CLIEnemy_(90_0, -120_0)
[ExplosionArea] 共击中 2 个敌人
[DebugSwitcher] replay finished
[DebugSwitcher] test mode disabled
[BackgroundManager] 地图纹理大小: (994.000000, 460.000000)
[BackgroundManager] 初始化完成 - 瓦片大小: 2000, 已生成: 25 个瓦片
[ChestManager] 初始化完成 - 生成 2 个宝箱（分散布局）
[ChestManager] 初始化完成 - 预生成 2 个宝箱位置
[ChestIndicator] indicator_show_range = 3000 (from map_config.csv)
[ExitConfirmDialog] _ready() called
[Arena] _ready() 开始
[Arena] 已添加到 arena 组
[Arena] 已启用波末战利品模式，禁用旧宝箱流程
[Arena] 暂停菜单已初始化
[Arena] 商店面板已连接
[Arena] WaveRewardSystem 已创建
[Arena] WaveRewardPanel 已添加到 GameUI
[Arena] WildcardPanel 已添加到 GameUI
[Arena] BattleFlowController 已初始化
[Arena] Spawner 波次完成信号已连接
[Arena] 准备初始化玩家...
[Arena] _init_player_from_selection 开始
[Arena] selected_player_ids: ["banner"]
[Arena] selected_player_weapons: { "banner": "punch" }
WARNING: [ConfigManager] game_config 缺少键 'enable_wave_recruit_mode'，使用默认值: 1
   at: push_warning (core/variant/variant_utility.cpp:1034)
   GDScript backtrace (most recent call first):
       [0] get_game_setting (res://autoloads/config_manager.gd:590)
       [1] is_wave_recruit_mode_enabled (res://autoloads/global.gd:298)
       [2] enter_wave_recruit_mode (res://autoloads/global.gd:303)
       [3] _init_player_from_selection (res://scenes/arena/arena_core.gd:467)
       [4] _ready (res://scenes/arena/arena_core.gd:117)
[Arena] 场景中没有默认玩家，直接生成选择的角色
[Arena] _spawn_player 开始: player_id=banner, pos=(500.0, 300.0)
[Arena] Global.selected_player_weapons = { "banner": "punch" }
[Arena] visual_config: { "player_id": "banner", "sprite_path": "res://assets/sprites/Players/Player_18.png", "scene_path": "res://scenes/unit/players/player_generic.tscn", "scale_x": 1.0, "scale_y": 1.0, "color_r": 1.0, "color_g": 1.0, "color_b": 1.0, "color_a": 1.0, "z_index": 1.0 }
[Arena] 创建角色: banner
[PlayerFactory] 设置 player_id: banner
[PlayerFactory] 已加载脚本: res://scenes/unit/players/player_banner.gd (player_id=banner)
[PlayerFactory] 成功创建角色: banner
[Arena] 警告: player_id 不匹配，重新设置:  -> banner
[PlayerBase] player banner has no equipped item
[ItemWeapon] 尝试加载武器场景: res://scenes/weapons/melee/weapon_melee_point.tscn
[ItemWeapon] 成功加载武器场景: res://scenes/weapons/melee/weapon_melee_point.tscn
[Player] weapon added: 拳头1级 (punch_1)
[Weapon] _ready() - Sprite2D 初始化:
  - 可见性: true
  - z_index: 2
  - 缩放: (1.0, 1.0)
  - 位置: (27.0, 0.0)
  - Sprite2D 全局位置: (527.0, 300.0)
  - Weapon 全局位置: (500.0, 300.0)
[Player] weapon node added to scene
[Player] weapon position: (0.0, 0.0)
[Player] weapon global position: (500.0, 300.0)
[Player] weapon visible: true
[Player] weapon z_index: 0
[Weapon] 加载贴图: res://assets/sprites/Weapons/Melee/Weapon_Punch.png
[Weapon] Sprite2D 可见性: true
[Weapon] Sprite2D 位置: (27.0, 0.0)
[Weapon] Sprite2D 缩放: (1.0, 1.0)
[Weapon] 贴图大小: (200.0, 100.0)
[Weapon] 武器设置完成: 拳头1级 (punch_1)
  - 类型: MELEE
  - 等级: 1
  - 形状类型: point
  - 子弹模式: 未指定
  - 碰撞体: 由 MeleeBehavior 动态创建
  - 基础场景: res://scenes/weapons/melee/weapon_melee_point.tscn
[Player] weapon position after layout: (0.0, -15.0)
[Player] weapon global position after layout: (500.0, 285.0)
[PlayerBase] player banner loaded 1 weapons
[PlayerBase] death signal connected
[PlayerBase] start loading ultimate, player_id = banner
[PlayerBase] ultimate config loaded: { "ult_id": "banner_ult", "name": "总攻军令", "duration": 10.0, "energy_cost": 40.0, "bonus_bond_tag": "commander", "visual_color_hex": "#FF9933", "scale_multiplier": 1.2, "explosion_radius": 230.0, "explosion_damage_scale": 1.0, "description": "旗手发布总攻军令并推进战线", "f_role_id": "banner", "f_internal_cd": 0.98, "f_q_line_amp": 1.46, "f_q_closure_amp": 1.92, "f_special_value_1": 1.1, "f_special_value_2": 260.0, "f_special_value_3": 0.32, "f_bond_o_payload": "tag:nomad|lv2:0.12|lv3:0.24|axis:line", "f_bond_m_payload": "tag:geometrist|lv2:0.16|lv3:0.32|axis:closure", "f_bond_t_payload": "tag:commander|lv2:0.10|lv3:0.20|axis:tempo" }
[PlayerBase] ultimate script loaded: (res://scenes/skills/players/f_roles/skill_banner_f.gd):<GDScript#-9223369263060873156>
[PlayerBase] ultimate node created
[PlayerBase] ultimate load complete: 总攻军令
[SkillDrawingBase] _ready(): skill_banner_q, skill_owner=PlayerGeneric:<Area2D#2771495425182>
[SkillDrawingBase] Line2D 创建成功: skill_banner_q
[Arena] 生成角色成功: banner 在位置 (500.0, 300.0)
[Arena] 玩家初始化完成
[CharacterSlot] 加载角色图标: banner -> res://assets/sprites/Players/Player_18.png
[SquadHUD] 初始化 1 个角色卡槽
[Arena] 小队 HUD 初始化完成
[Arena] ===== _init_bond_hud() 开始 =====
[Arena] ✅ 找到 GameUI 节点: /root/Arena/GameUI
[Arena] ✅ BondHUD 场景加载成功
[Arena] ✅ BondHUD 实例化成功
[Arena] ✅ BondHUD 已添加到 GameUI
[Arena] BondHUD 路径: /root/Arena/GameUI/BondHUD
[Arena] BondHUD 可见性: true
[Arena] _ready() 完成，飘字保护已解除
[PlayerBase] SkillManager already exists (created by child: @Node@3771), loaded=3, skip auto create
[Arena] ===== 角色切换开始 =====
[Arena] 收到角色切换请求: banner
[Arena] 跳过自动保存（QEF测试模式）: character_switch
[Arena] 当前玩家: banner
[Arena] 当前玩家位置: (500.0, 300.0)
[Arena] 不清理旧玩家的技能效果（默认行为）
[Arena] 调用 player.queue_free()
[Arena] 等待一帧...
[DebugSwitcher] test mode enabled: wave_time=999, key8 toggles recording
[Arena] 玩家死亡信号已连接
[Arena] 触发 BondManager 重新计算羁绊...
[Arena] 当前队伍: ["banner", "breachmarshal", "swarm"]
[Arena] ✅ 羁绊计算完成
[PlayerBase] Bond stat modifiers applied:
  HP: 108 -> 142
  Speed: 659
  EnergyRegen: 0.8
  PickupRange: 150
  Damage: 10
[Arena] ✅ 羁绊属性已应用到玩家
[Arena] ===== _init_bond_hud() 完成 =====
[Arena] 玩家死亡信号已连接
[Arena] 等待完成，开始生成新角色
[Arena] _spawn_player 开始: player_id=banner, pos=(500.0, 300.0)
[Arena] Global.selected_player_weapons = { "banner": "punch", "breachmarshal": "punch", "swarm": "punch" }
[Arena] visual_config: { "player_id": "banner", "sprite_path": "res://assets/sprites/Players/Player_18.png", "scene_path": "res://scenes/unit/players/player_generic.tscn", "scale_x": 1.0, "scale_y": 1.0, "color_r": 1.0, "color_g": 1.0, "color_b": 1.0, "color_a": 1.0, "z_index": 1.0 }
[Arena] 创建角色: banner
[PlayerFactory] 设置 player_id: banner
[PlayerFactory] 已加载脚本: res://scenes/unit/players/player_banner.gd (player_id=banner)
[PlayerFactory] 成功创建角色: banner
[Arena] 警告: player_id 不匹配，重新设置:  -> banner
[PlayerBase] player banner has no equipped item
[ItemWeapon] 尝试加载武器场景: res://scenes/weapons/melee/weapon_melee_point.tscn
[ItemWeapon] 成功加载武器场景: res://scenes/weapons/melee/weapon_melee_point.tscn
[Player] weapon added: 拳头1级 (punch_1)
[Weapon] _ready() - Sprite2D 初始化:
  - 可见性: true
  - z_index: 2
  - 缩放: (1.0, 1.0)
  - 位置: (27.0, 0.0)
  - Sprite2D 全局位置: (527.0, 300.0)
  - Weapon 全局位置: (500.0, 300.0)
[Player] weapon node added to scene
[Player] weapon position: (0.0, 0.0)
[Player] weapon global position: (500.0, 300.0)
[Player] weapon visible: true
[Player] weapon z_index: 0
[Weapon] 加载贴图: res://assets/sprites/Weapons/Melee/Weapon_Punch.png
[Weapon] Sprite2D 可见性: true
[Weapon] Sprite2D 位置: (27.0, 0.0)
[Weapon] Sprite2D 缩放: (1.0, 1.0)
[Weapon] 贴图大小: (200.0, 100.0)
[Weapon] 武器设置完成: 拳头1级 (punch_1)
  - 类型: MELEE
  - 等级: 1
  - 形状类型: point
  - 子弹模式: 未指定
  - 碰撞体: 由 MeleeBehavior 动态创建
  - 基础场景: res://scenes/weapons/melee/weapon_melee_point.tscn
[Player] weapon position after layout: (0.0, -15.0)
[Player] weapon global position after layout: (500.0, 285.0)
[PlayerBase] player banner loaded 1 weapons
[PlayerBase] death signal connected
[PlayerBase] start loading ultimate, player_id = banner
[PlayerBase] ultimate config loaded: { "ult_id": "banner_ult", "name": "总攻军令", "duration": 10.0, "energy_cost": 40.0, "bonus_bond_tag": "commander", "visual_color_hex": "#FF9933", "scale_multiplier": 1.2, "explosion_radius": 230.0, "explosion_damage_scale": 1.0, "description": "旗手发布总攻军令并推进战线", "f_role_id": "banner", "f_internal_cd": 0.98, "f_q_line_amp": 1.46, "f_q_closure_amp": 1.92, "f_special_value_1": 1.1, "f_special_value_2": 260.0, "f_special_value_3": 0.32, "f_bond_o_payload": "tag:nomad|lv2:0.12|lv3:0.24|axis:line", "f_bond_m_payload": "tag:geometrist|lv2:0.16|lv3:0.32|axis:closure", "f_bond_t_payload": "tag:commander|lv2:0.10|lv3:0.20|axis:tempo" }
[PlayerBase] ultimate script loaded: (res://scenes/skills/players/f_roles/skill_banner_f.gd):<GDScript#-9223369263060873156>
[PlayerBase] ultimate node created
[PlayerBase] ultimate load complete: 总攻军令
[SkillDrawingBase] _ready(): skill_banner_q, skill_owner=PlayerGeneric:<Area2D#2784531319884>
[SkillDrawingBase] Line2D 创建成功: skill_banner_q
[Arena] 生成角色成功: banner 在位置 (500.0, 300.0)
[PlayerBase] Bond stat modifiers applied:
  HP: 108 -> 142
  Speed: 659
  EnergyRegen: 0.8
  PickupRange: 150
  Damage: 10
[Arena] ✅ 角色切换后羁绊属性已重新应用
[Arena] ===== 角色切换结束 =====
[PlayerBase] SkillManager already exists (created by child: @Node@3792), loaded=3, skip auto create
[Arena] 玩家死亡信号已连接
[Arena] ===== 角色切换开始 =====
[Arena] 收到角色切换请求: banner
[Arena] 跳过自动保存（QEF测试模式）: character_switch
[Arena] 当前玩家: banner
[Arena] 当前玩家位置: (500.0, 300.0)
[Arena] 不清理旧玩家的技能效果（默认行为）
[Arena] 调用 player.queue_free()
[Arena] 等待一帧...
[DebugSwitcher] recording started: d:/Godot/Production/PolyLash_Project/.godot_cli/Godot/app_userdata/PolyLash/qa_reports/input_recordings/player_ops_20260315_125441_276_banner.json
[Arena] 等待完成，开始生成新角色
[Arena] _spawn_player 开始: player_id=banner, pos=(500.0, 300.0)
[Arena] Global.selected_player_weapons = { "banner": "punch", "breachmarshal": "punch", "swarm": "punch" }
[Arena] visual_config: { "player_id": "banner", "sprite_path": "res://assets/sprites/Players/Player_18.png", "scene_path": "res://scenes/unit/players/player_generic.tscn", "scale_x": 1.0, "scale_y": 1.0, "color_r": 1.0, "color_g": 1.0, "color_b": 1.0, "color_a": 1.0, "z_index": 1.0 }
[Arena] 创建角色: banner
[PlayerFactory] 设置 player_id: banner
[PlayerFactory] 已加载脚本: res://scenes/unit/players/player_banner.gd (player_id=banner)
[PlayerFactory] 成功创建角色: banner
[Arena] 警告: player_id 不匹配，重新设置:  -> banner
[PlayerBase] player banner has no equipped item
[ItemWeapon] 尝试加载武器场景: res://scenes/weapons/melee/weapon_melee_point.tscn
[ItemWeapon] 成功加载武器场景: res://scenes/weapons/melee/weapon_melee_point.tscn
[Player] weapon added: 拳头1级 (punch_1)
[Weapon] _ready() - Sprite2D 初始化:
  - 可见性: true
  - z_index: 2
  - 缩放: (1.0, 1.0)
  - 位置: (27.0, 0.0)
  - Sprite2D 全局位置: (527.0, 300.0)
  - Weapon 全局位置: (500.0, 300.0)
[Player] weapon node added to scene
[Player] weapon position: (0.0, 0.0)
[Player] weapon global position: (500.0, 300.0)
[Player] weapon visible: true
[Player] weapon z_index: 0
[Weapon] 加载贴图: res://assets/sprites/Weapons/Melee/Weapon_Punch.png
[Weapon] Sprite2D 可见性: true
[Weapon] Sprite2D 位置: (27.0, 0.0)
[Weapon] Sprite2D 缩放: (1.0, 1.0)
[Weapon] 贴图大小: (200.0, 100.0)
[Weapon] 武器设置完成: 拳头1级 (punch_1)
  - 类型: MELEE
  - 等级: 1
  - 形状类型: point
  - 子弹模式: 未指定
  - 碰撞体: 由 MeleeBehavior 动态创建
  - 基础场景: res://scenes/weapons/melee/weapon_melee_point.tscn
[Player] weapon position after layout: (0.0, -15.0)
[Player] weapon global position after layout: (500.0, 285.0)
[PlayerBase] player banner loaded 1 weapons
[PlayerBase] death signal connected
[PlayerBase] start loading ultimate, player_id = banner
[PlayerBase] ultimate config loaded: { "ult_id": "banner_ult", "name": "总攻军令", "duration": 10.0, "energy_cost": 40.0, "bonus_bond_tag": "commander", "visual_color_hex": "#FF9933", "scale_multiplier": 1.2, "explosion_radius": 230.0, "explosion_damage_scale": 1.0, "description": "旗手发布总攻军令并推进战线", "f_role_id": "banner", "f_internal_cd": 0.98, "f_q_line_amp": 1.46, "f_q_closure_amp": 1.92, "f_special_value_1": 1.1, "f_special_value_2": 260.0, "f_special_value_3": 0.32, "f_bond_o_payload": "tag:nomad|lv2:0.12|lv3:0.24|axis:line", "f_bond_m_payload": "tag:geometrist|lv2:0.16|lv3:0.32|axis:closure", "f_bond_t_payload": "tag:commander|lv2:0.10|lv3:0.20|axis:tempo" }
[PlayerBase] ultimate script loaded: (res://scenes/skills/players/f_roles/skill_banner_f.gd):<GDScript#-9223369263060873156>
[PlayerBase] ultimate node created
[PlayerBase] ultimate load complete: 总攻军令
[SkillDrawingBase] _ready(): skill_banner_q, skill_owner=PlayerGeneric:<Area2D#2790873107532>
[SkillDrawingBase] Line2D 创建成功: skill_banner_q
[Arena] 生成角色成功: banner 在位置 (500.0, 300.0)
[PlayerBase] Bond stat modifiers applied:
  HP: 108 -> 142
  Speed: 659
  EnergyRegen: 0.8
  PickupRange: 150
  Damage: 10
[Arena] ✅ 角色切换后羁绊属性已重新应用
[Arena] ===== 角色切换结束 =====
[PlayerBase] SkillManager already exists (created by child: @Node@3802), loaded=3, skip auto create
[Arena] 玩家死亡信号已连接
[skill_banner_q] ===== 鏉╂稑鍙嗙憴鍕灊濡€崇础 ===== 鐠ч鍋? (500.0002, 299.364), line_2d閺堝鏅? true
[PlayerBase] Q released -> release_skill('q')
[skill_banner_q] ===== 退出规划模式 ===== 点数: 65, 闭合: false
[skill_banner_q] 最终闭合判定: false
[skill_banner_q] 閻㈢喐鍨氬鈧弨鎹愮熅瀵板嫭鏅ラ弸婊愮礉閸樼喎顫愰悙瑙勬殶: 65, 閸氬牆鑻熺痪鎸庮唽閺? 7
[skill_banner_q] open-path effects spawned
[ExplosionArea] 检测到 0 个重叠区域
[ExplosionArea] 共击中 0 个敌人
[ExplosionArea] 检测到 0 个重叠区域
[ExplosionArea] 共击中 0 个敌人
[ExplosionArea] 检测到 0 个重叠区域
[ExplosionArea] 共击中 0 个敌人
[ExplosionArea] 检测到 0 个重叠区域
[ExplosionArea] 共击中 0 个敌人
[PlayerBase] E pressed -> execute_skill('e')
[HealthComponent] 血量归零，触发死亡信号
[HealthComponent] 已经死亡，忽略伤害
[HealthComponent] 已经死亡，忽略伤害
[HealthComponent] 已经死亡，忽略伤害
[PlayerBase] F pressed, ultimate_skill = UltimateSkill:<Node#2792601164113>
[PlayerBase] try activate ultimate, energy: 100.0%
[DebugSwitcher] record saved: d:/Godot/Production/PolyLash_Project/.godot_cli/Godot/app_userdata/PolyLash/qa_reports/input_recordings/player_ops_20260315_125441_276_banner.json
[DebugSwitcher] test mode disabled
[BackgroundManager] 地图纹理大小: (994.000000, 460.000000)
[BackgroundManager] 初始化完成 - 瓦片大小: 2000, 已生成: 25 个瓦片
[ChestManager] 初始化完成 - 生成 2 个宝箱（分散布局）
[ChestManager] 初始化完成 - 预生成 2 个宝箱位置
[ChestIndicator] indicator_show_range = 3000 (from map_config.csv)
[ExitConfirmDialog] _ready() called
[Arena] _ready() 开始
[Arena] 已添加到 arena 组
[Arena] 已启用波末战利品模式，禁用旧宝箱流程
[Arena] 暂停菜单已初始化
[Arena] 商店面板已连接
[Arena] WaveRewardSystem 已创建
[Arena] WaveRewardPanel 已添加到 GameUI
[Arena] WildcardPanel 已添加到 GameUI
[Arena] BattleFlowController 已初始化
[Arena] Spawner 波次完成信号已连接
[Arena] 准备初始化玩家...
[Arena] _init_player_from_selection 开始
[Arena] selected_player_ids: ["banner"]
[Arena] selected_player_weapons: { "banner": "punch" }
WARNING: [ConfigManager] game_config 缺少键 'enable_wave_recruit_mode'，使用默认值: 1
   at: push_warning (core/variant/variant_utility.cpp:1034)
   GDScript backtrace (most recent call first):
       [0] get_game_setting (res://autoloads/config_manager.gd:590)
       [1] is_wave_recruit_mode_enabled (res://autoloads/global.gd:298)
       [2] enter_wave_recruit_mode (res://autoloads/global.gd:303)
       [3] _init_player_from_selection (res://scenes/arena/arena_core.gd:467)
       [4] _ready (res://scenes/arena/arena_core.gd:117)
[Arena] 场景中没有默认玩家，直接生成选择的角色
[Arena] _spawn_player 开始: player_id=banner, pos=(500.0, 300.0)
[Arena] Global.selected_player_weapons = { "banner": "punch" }
[Arena] visual_config: { "player_id": "banner", "sprite_path": "res://assets/sprites/Players/Player_18.png", "scene_path": "res://scenes/unit/players/player_generic.tscn", "scale_x": 1.0, "scale_y": 1.0, "color_r": 1.0, "color_g": 1.0, "color_b": 1.0, "color_a": 1.0, "z_index": 1.0 }
[Arena] 创建角色: banner
[PlayerFactory] 设置 player_id: banner
[PlayerFactory] 已加载脚本: res://scenes/unit/players/player_banner.gd (player_id=banner)
[PlayerFactory] 成功创建角色: banner
[Arena] 警告: player_id 不匹配，重新设置:  -> banner
[PlayerBase] player banner has no equipped item
[ItemWeapon] 尝试加载武器场景: res://scenes/weapons/melee/weapon_melee_point.tscn
[ItemWeapon] 成功加载武器场景: res://scenes/weapons/melee/weapon_melee_point.tscn
[Player] weapon added: 拳头1级 (punch_1)
[Weapon] _ready() - Sprite2D 初始化:
  - 可见性: true
  - z_index: 2
  - 缩放: (1.0, 1.0)
  - 位置: (27.0, 0.0)
  - Sprite2D 全局位置: (527.0, 300.0)
  - Weapon 全局位置: (500.0, 300.0)
[Player] weapon node added to scene
[Player] weapon position: (0.0, 0.0)
[Player] weapon global position: (500.0, 300.0)
[Player] weapon visible: true
[Player] weapon z_index: 0
[Weapon] 加载贴图: res://assets/sprites/Weapons/Melee/Weapon_Punch.png
[Weapon] Sprite2D 可见性: true
[Weapon] Sprite2D 位置: (27.0, 0.0)
[Weapon] Sprite2D 缩放: (1.0, 1.0)
[Weapon] 贴图大小: (200.0, 100.0)
[Weapon] 武器设置完成: 拳头1级 (punch_1)
  - 类型: MELEE
  - 等级: 1
  - 形状类型: point
  - 子弹模式: 未指定
  - 碰撞体: 由 MeleeBehavior 动态创建
  - 基础场景: res://scenes/weapons/melee/weapon_melee_point.tscn
[Player] weapon position after layout: (0.0, -15.0)
[Player] weapon global position after layout: (500.0, 285.0)
[PlayerBase] player banner loaded 1 weapons
[PlayerBase] death signal connected
[PlayerBase] start loading ultimate, player_id = banner
[PlayerBase] ultimate config loaded: { "ult_id": "banner_ult", "name": "总攻军令", "duration": 10.0, "energy_cost": 40.0, "bonus_bond_tag": "commander", "visual_color_hex": "#FF9933", "scale_multiplier": 1.2, "explosion_radius": 230.0, "explosion_damage_scale": 1.0, "description": "旗手发布总攻军令并推进战线", "f_role_id": "banner", "f_internal_cd": 0.98, "f_q_line_amp": 1.46, "f_q_closure_amp": 1.92, "f_special_value_1": 1.1, "f_special_value_2": 260.0, "f_special_value_3": 0.32, "f_bond_o_payload": "tag:nomad|lv2:0.12|lv3:0.24|axis:line", "f_bond_m_payload": "tag:geometrist|lv2:0.16|lv3:0.32|axis:closure", "f_bond_t_payload": "tag:commander|lv2:0.10|lv3:0.20|axis:tempo" }
[PlayerBase] ultimate script loaded: (res://scenes/skills/players/f_roles/skill_banner_f.gd):<GDScript#-9223369263060873156>
[PlayerBase] ultimate node created
[PlayerBase] ultimate load complete: 总攻军令
[SkillDrawingBase] _ready(): skill_banner_q, skill_owner=PlayerGeneric:<Area2D#2837429884902>
[SkillDrawingBase] Line2D 创建成功: skill_banner_q
[Arena] 生成角色成功: banner 在位置 (500.0, 300.0)
[Arena] 玩家初始化完成
[CharacterSlot] 加载角色图标: banner -> res://assets/sprites/Players/Player_18.png
[SquadHUD] 初始化 1 个角色卡槽
[Arena] 小队 HUD 初始化完成
[Arena] ===== _init_bond_hud() 开始 =====
[Arena] ✅ 找到 GameUI 节点: /root/Arena/GameUI
[Arena] ✅ BondHUD 场景加载成功
[Arena] ✅ BondHUD 实例化成功
[Arena] ✅ BondHUD 已添加到 GameUI
[Arena] BondHUD 路径: /root/Arena/GameUI/BondHUD
[Arena] BondHUD 可见性: true
[Arena] _ready() 完成，飘字保护已解除
[PlayerBase] SkillManager already exists (created by child: @Node@4157), loaded=3, skip auto create
[Arena] ===== 角色切换开始 =====
[Arena] 收到角色切换请求: banner
[Arena] 跳过自动保存（QEF测试模式）: character_switch
[Arena] 当前玩家: banner
[Arena] 当前玩家位置: (500.0, 300.0)
[Arena] 不清理旧玩家的技能效果（默认行为）
[Arena] 调用 player.queue_free()
[Arena] 等待一帧...
[DebugSwitcher] test mode enabled: wave_time=999, key8 toggles recording
[Arena] 玩家死亡信号已连接
[Arena] 触发 BondManager 重新计算羁绊...
[Arena] 当前队伍: ["banner", "breachmarshal", "swarm"]
[Arena] ✅ 羁绊计算完成
[PlayerBase] Bond stat modifiers applied:
  HP: 108 -> 142
  Speed: 659
  EnergyRegen: 0.8
  PickupRange: 150
  Damage: 10
[Arena] ✅ 羁绊属性已应用到玩家
[Arena] ===== _init_bond_hud() 完成 =====
[Arena] 玩家死亡信号已连接
[Arena] 等待完成，开始生成新角色
[Arena] _spawn_player 开始: player_id=banner, pos=(500.0, 300.0)
[Arena] Global.selected_player_weapons = { "banner": "punch", "breachmarshal": "punch", "swarm": "punch" }
[Arena] visual_config: { "player_id": "banner", "sprite_path": "res://assets/sprites/Players/Player_18.png", "scene_path": "res://scenes/unit/players/player_generic.tscn", "scale_x": 1.0, "scale_y": 1.0, "color_r": 1.0, "color_g": 1.0, "color_b": 1.0, "color_a": 1.0, "z_index": 1.0 }
[Arena] 创建角色: banner
[PlayerFactory] 设置 player_id: banner
[PlayerFactory] 已加载脚本: res://scenes/unit/players/player_banner.gd (player_id=banner)
[PlayerFactory] 成功创建角色: banner
[Arena] 警告: player_id 不匹配，重新设置:  -> banner
[PlayerBase] player banner has no equipped item
[ItemWeapon] 尝试加载武器场景: res://scenes/weapons/melee/weapon_melee_point.tscn
[ItemWeapon] 成功加载武器场景: res://scenes/weapons/melee/weapon_melee_point.tscn
[Player] weapon added: 拳头1级 (punch_1)
[Weapon] _ready() - Sprite2D 初始化:
  - 可见性: true
  - z_index: 2
  - 缩放: (1.0, 1.0)
  - 位置: (27.0, 0.0)
  - Sprite2D 全局位置: (527.0, 300.0)
  - Weapon 全局位置: (500.0, 300.0)
[Player] weapon node added to scene
[Player] weapon position: (0.0, 0.0)
[Player] weapon global position: (500.0, 300.0)
[Player] weapon visible: true
[Player] weapon z_index: 0
[Weapon] 加载贴图: res://assets/sprites/Weapons/Melee/Weapon_Punch.png
[Weapon] Sprite2D 可见性: true
[Weapon] Sprite2D 位置: (27.0, 0.0)
[Weapon] Sprite2D 缩放: (1.0, 1.0)
[Weapon] 贴图大小: (200.0, 100.0)
[Weapon] 武器设置完成: 拳头1级 (punch_1)
  - 类型: MELEE
  - 等级: 1
  - 形状类型: point
  - 子弹模式: 未指定
  - 碰撞体: 由 MeleeBehavior 动态创建
  - 基础场景: res://scenes/weapons/melee/weapon_melee_point.tscn
[Player] weapon position after layout: (0.0, -15.0)
[Player] weapon global position after layout: (500.0, 285.0)
[PlayerBase] player banner loaded 1 weapons
[PlayerBase] death signal connected
[PlayerBase] start loading ultimate, player_id = banner
[PlayerBase] ultimate config loaded: { "ult_id": "banner_ult", "name": "总攻军令", "duration": 10.0, "energy_cost": 40.0, "bonus_bond_tag": "commander", "visual_color_hex": "#FF9933", "scale_multiplier": 1.2, "explosion_radius": 230.0, "explosion_damage_scale": 1.0, "description": "旗手发布总攻军令并推进战线", "f_role_id": "banner", "f_internal_cd": 0.98, "f_q_line_amp": 1.46, "f_q_closure_amp": 1.92, "f_special_value_1": 1.1, "f_special_value_2": 260.0, "f_special_value_3": 0.32, "f_bond_o_payload": "tag:nomad|lv2:0.12|lv3:0.24|axis:line", "f_bond_m_payload": "tag:geometrist|lv2:0.16|lv3:0.32|axis:closure", "f_bond_t_payload": "tag:commander|lv2:0.10|lv3:0.20|axis:tempo" }
[PlayerBase] ultimate script loaded: (res://scenes/skills/players/f_roles/skill_banner_f.gd):<GDScript#-9223369263060873156>
[PlayerBase] ultimate node created
[PlayerBase] ultimate load complete: 总攻军令
[SkillDrawingBase] _ready(): skill_banner_q, skill_owner=PlayerGeneric:<Area2D#2846623799270>
[SkillDrawingBase] Line2D 创建成功: skill_banner_q
[Arena] 生成角色成功: banner 在位置 (500.0, 300.0)
[PlayerBase] Bond stat modifiers applied:
  HP: 108 -> 142
  Speed: 659
  EnergyRegen: 0.8
  PickupRange: 150
  Damage: 10
[Arena] ✅ 角色切换后羁绊属性已重新应用
[Arena] ===== 角色切换结束 =====
[PlayerBase] SkillManager already exists (created by child: @Node@4168), loaded=3, skip auto create
[Arena] 玩家死亡信号已连接
[DebugSwitcher] replay started: d:/Godot/Production/PolyLash_Project/.godot_cli/Godot/app_userdata/PolyLash/qa_reports/input_recordings/player_ops_20260315_125441_276_banner.json
[Arena] ===== 角色切换开始 =====
[Arena] 收到角色切换请求: banner
[Arena] 跳过自动保存（QEF测试模式）: character_switch
[Arena] 当前玩家: banner
[Arena] 当前玩家位置: (500.0, 300.0)
[Arena] 不清理旧玩家的技能效果（默认行为）
[Arena] 调用 player.queue_free()
[Arena] 等待一帧...
[Arena] 等待完成，开始生成新角色
[Arena] _spawn_player 开始: player_id=banner, pos=(500.0, 300.0)
[Arena] Global.selected_player_weapons = { "banner": "punch", "breachmarshal": "punch", "swarm": "punch" }
[Arena] visual_config: { "player_id": "banner", "sprite_path": "res://assets/sprites/Players/Player_18.png", "scene_path": "res://scenes/unit/players/player_generic.tscn", "scale_x": 1.0, "scale_y": 1.0, "color_r": 1.0, "color_g": 1.0, "color_b": 1.0, "color_a": 1.0, "z_index": 1.0 }
[Arena] 创建角色: banner
[PlayerFactory] 设置 player_id: banner
[PlayerFactory] 已加载脚本: res://scenes/unit/players/player_banner.gd (player_id=banner)
[PlayerFactory] 成功创建角色: banner
[Arena] 警告: player_id 不匹配，重新设置:  -> banner
[PlayerBase] player banner has no equipped item
[ItemWeapon] 尝试加载武器场景: res://scenes/weapons/melee/weapon_melee_point.tscn
[ItemWeapon] 成功加载武器场景: res://scenes/weapons/melee/weapon_melee_point.tscn
[Player] weapon added: 拳头1级 (punch_1)
[Weapon] _ready() - Sprite2D 初始化:
  - 可见性: true
  - z_index: 2
  - 缩放: (1.0, 1.0)
  - 位置: (27.0, 0.0)
  - Sprite2D 全局位置: (527.0, 300.0)
  - Weapon 全局位置: (500.0, 300.0)
[Player] weapon node added to scene
[Player] weapon position: (0.0, 0.0)
[Player] weapon global position: (500.0, 300.0)
[Player] weapon visible: true
[Player] weapon z_index: 0
[Weapon] 加载贴图: res://assets/sprites/Weapons/Melee/Weapon_Punch.png
[Weapon] Sprite2D 可见性: true
[Weapon] Sprite2D 位置: (27.0, 0.0)
[Weapon] Sprite2D 缩放: (1.0, 1.0)
[Weapon] 贴图大小: (200.0, 100.0)
[Weapon] 武器设置完成: 拳头1级 (punch_1)
  - 类型: MELEE
  - 等级: 1
  - 形状类型: point
  - 子弹模式: 未指定
  - 碰撞体: 由 MeleeBehavior 动态创建
  - 基础场景: res://scenes/weapons/melee/weapon_melee_point.tscn
[Player] weapon position after layout: (0.0, -15.0)
[Player] weapon global position after layout: (500.0, 285.0)
[PlayerBase] player banner loaded 1 weapons
[PlayerBase] death signal connected
[PlayerBase] start loading ultimate, player_id = banner
[PlayerBase] ultimate config loaded: { "ult_id": "banner_ult", "name": "总攻军令", "duration": 10.0, "energy_cost": 40.0, "bonus_bond_tag": "commander", "visual_color_hex": "#FF9933", "scale_multiplier": 1.2, "explosion_radius": 230.0, "explosion_damage_scale": 1.0, "description": "旗手发布总攻军令并推进战线", "f_role_id": "banner", "f_internal_cd": 0.98, "f_q_line_amp": 1.46, "f_q_closure_amp": 1.92, "f_special_value_1": 1.1, "f_special_value_2": 260.0, "f_special_value_3": 0.32, "f_bond_o_payload": "tag:nomad|lv2:0.12|lv3:0.24|axis:line", "f_bond_m_payload": "tag:geometrist|lv2:0.16|lv3:0.32|axis:closure", "f_bond_t_payload": "tag:commander|lv2:0.10|lv3:0.20|axis:tempo" }
[PlayerBase] ultimate script loaded: (res://scenes/skills/players/f_roles/skill_banner_f.gd):<GDScript#-9223369263060873156>
[PlayerBase] ultimate node created
[PlayerBase] ultimate load complete: 总攻军令
[SkillDrawingBase] _ready(): skill_banner_q, skill_owner=PlayerGeneric:<Area2D#2859374481854>
[SkillDrawingBase] Line2D 创建成功: skill_banner_q
[Arena] 生成角色成功: banner 在位置 (500.0, 300.0)
[PlayerBase] Bond stat modifiers applied:
  HP: 108 -> 142
  Speed: 807
  EnergyRegen: 0.8
  PickupRange: 150
  Damage: 10
[Arena] ✅ 角色切换后羁绊属性已重新应用
[Arena] ===== 角色切换结束 =====
[PlayerBase] SkillManager already exists (created by child: @Node@4178), loaded=3, skip auto create
[Arena] 玩家死亡信号已连接
[skill_banner_q] ===== 鏉╂稑鍙嗙憴鍕灊濡€崇础 ===== 鐠ч鍋? (500.0002, 299.364), line_2d閺堝鏅? true
[HealthComponent] 血量归零，触发死亡信号
[PlayerBase] Q released -> release_skill('q')
[skill_banner_q] ===== 退出规划模式 ===== 点数: 72, 闭合: true
[skill_banner_q] 最终闭合判定: true
[PolygonUtils] 交叉点数量: 2
[PolygonUtils] 排序后: ["[0,4]", "[1,4]"]
[PolygonUtils] 8字形检测: i1=0, j1=4, i2=1, j2=4
[PolygonUtils] ⚠️ 非标准8字形，单独处理每个交叉点
[PolygonUtils] 提取完成，共 0 个区域
[PlayerBase] E pressed -> execute_skill('e')
[HealthComponent] 已经死亡，忽略伤害
[PlayerBase] F pressed, ultimate_skill = UltimateSkill:<Node#2861102537412>
[PlayerBase] try activate ultimate, energy: 100.0%
[DebugSwitcher] replay finished
[DebugSwitcher] test mode disabled
[BackgroundManager] 地图纹理大小: (994.000000, 460.000000)
[BackgroundManager] 初始化完成 - 瓦片大小: 2000, 已生成: 25 个瓦片
[ChestManager] 初始化完成 - 生成 2 个宝箱（分散布局）
[ChestManager] 初始化完成 - 预生成 2 个宝箱位置
[ChestIndicator] indicator_show_range = 3000 (from map_config.csv)
[ExitConfirmDialog] _ready() called
[Arena] _ready() 开始
[Arena] 已添加到 arena 组
[Arena] 已启用波末战利品模式，禁用旧宝箱流程
[Arena] 暂停菜单已初始化
[Arena] 商店面板已连接
[Arena] WaveRewardSystem 已创建
[Arena] WaveRewardPanel 已添加到 GameUI
[Arena] WildcardPanel 已添加到 GameUI
[Arena] BattleFlowController 已初始化
[Arena] Spawner 波次完成信号已连接
[Arena] 准备初始化玩家...
[Arena] _init_player_from_selection 开始
[Arena] selected_player_ids: ["pyro"]
[Arena] selected_player_weapons: { "pyro": "laser" }
WARNING: [ConfigManager] game_config 缺少键 'enable_wave_recruit_mode'，使用默认值: 1
   at: push_warning (core/variant/variant_utility.cpp:1034)
   GDScript backtrace (most recent call first):
       [0] get_game_setting (res://autoloads/config_manager.gd:590)
       [1] is_wave_recruit_mode_enabled (res://autoloads/global.gd:298)
       [2] enter_wave_recruit_mode (res://autoloads/global.gd:303)
       [3] _init_player_from_selection (res://scenes/arena/arena_core.gd:467)
       [4] _ready (res://scenes/arena/arena_core.gd:117)
[Arena] 场景中没有默认玩家，直接生成选择的角色
[Arena] _spawn_player 开始: player_id=pyro, pos=(500.0, 300.0)
[Arena] Global.selected_player_weapons = { "pyro": "laser" }
[Arena] visual_config: { "player_id": "pyro", "sprite_path": "res://assets/sprites/Players/Player_10.png", "scene_path": "res://scenes/unit/players/player_generic.tscn", "scale_x": 1.0, "scale_y": 1.0, "color_r": 1.0, "color_g": 1.0, "color_b": 1.0, "color_a": 1.0, "z_index": 1.0 }
[Arena] 创建角色: pyro
[PlayerFactory] 设置 player_id: pyro
[PlayerFactory] 已加载脚本: res://scenes/unit/players/player_pyro.gd (player_id=pyro)
[PlayerFactory] 成功创建角色: pyro
[Arena] 警告: player_id 不匹配，重新设置:  -> pyro
[PlayerBase] player pyro has no equipped item
[ItemWeapon] 尝试加载武器场景: res://scenes/weapons/range/weapon_range_beam.tscn
[ItemWeapon] 成功加载武器场景: res://scenes/weapons/range/weapon_range_beam.tscn
[Player] weapon added: 激光1级 (laser_1)
[Weapon] _ready() - Sprite2D 初始化:
  - 可见性: true
  - z_index: 2
  - 缩放: (1.0, 1.0)
  - 位置: (27.0, 0.0)
  - Sprite2D 全局位置: (527.0, 300.0)
  - Weapon 全局位置: (500.0, 300.0)
[Player] weapon node added to scene
[Player] weapon position: (0.0, 0.0)
[Player] weapon global position: (500.0, 300.0)
[Player] weapon visible: true
[Player] weapon z_index: 0
[Weapon] 加载贴图: res://assets/sprites/Weapons/Range/WeaponLaser.png
[Weapon] Sprite2D 可见性: true
[Weapon] Sprite2D 位置: (27.0, 0.0)
[Weapon] Sprite2D 缩放: (1.0, 1.0)
[Weapon] 贴图大小: (200.0, 100.0)
[Weapon] 动态创建枪口节点，偏移: (24.0, 0.0)
[Weapon] 武器设置完成: 激光1级 (laser_1)
  - 类型: RANGE
  - 等级: 1
  - 形状类型: straight
  - 子弹模式: single
  - 碰撞体位置/缩放: (0.0, 0.0) / (1.0, 1.0)
  - 基础场景: res://scenes/weapons/range/weapon_range_beam.tscn
[Player] weapon position after layout: (0.0, -15.0)
[Player] weapon global position after layout: (500.0, 285.0)
[PlayerBase] player pyro loaded 1 weapons
[PlayerBase] death signal connected
[PlayerBase] start loading ultimate, player_id = pyro
[PlayerBase] ultimate config loaded: { "ult_id": "pyro_ult", "name": "炼狱化身", "duration": 10.0, "energy_cost": 40.0, "bonus_bond_tag": "vanguard", "visual_color_hex": "#3366FF", "scale_multiplier": 1.2, "explosion_radius": 300.0, "explosion_damage_scale": 1.1, "description": "焰术师进入过热炉心并放大闭合爆燃", "f_role_id": "pyro", "f_internal_cd": 0.85, "f_q_line_amp": 1.6, "f_q_closure_amp": 2.1, "f_special_value_1": 1.3, "f_special_value_2": 240.0, "f_special_value_3": 0.22, "f_bond_o_payload": "tag:inkborn|lv2:0.12|lv3:0.24|axis:line", "f_bond_m_payload": "tag:blaster|lv2:0.16|lv3:0.32|axis:closure", "f_bond_t_payload": "tag:vanguard|lv2:0.10|lv3:0.20|axis:tempo" }
[PlayerBase] ultimate script loaded: (res://scenes/skills/players/f_roles/skill_pyro_f.gd):<GDScript#-9223371718842643665>
[PlayerBase] ultimate node created
[PlayerBase] ultimate load complete: 炼狱化身
[SkillDrawingBase] _ready(): skill_pyro_q, skill_owner=PlayerGeneric:<Area2D#3255954315579>
[SkillDrawingBase] Line2D 创建成功: skill_pyro_q
[Arena] 生成角色成功: pyro 在位置 (500.0, 300.0)
[Arena] 玩家初始化完成
[CharacterSlot] 加载角色图标: pyro -> res://assets/sprites/Players/Player_10.png
[SquadHUD] 初始化 1 个角色卡槽
[Arena] 小队 HUD 初始化完成
[Arena] ===== _init_bond_hud() 开始 =====
[Arena] ✅ 找到 GameUI 节点: /root/Arena/GameUI
[Arena] ✅ BondHUD 场景加载成功
[Arena] ✅ BondHUD 实例化成功
[Arena] ✅ BondHUD 已添加到 GameUI
[Arena] BondHUD 路径: /root/Arena/GameUI/BondHUD
[Arena] BondHUD 可见性: true
[Arena] _ready() 完成，飘字保护已解除
[PlayerBase] SkillManager already exists (created by child: @Node@4237), loaded=3, skip auto create
[Arena] ===== 角色切换开始 =====
[Arena] 收到角色切换请求: pyro
[Arena] 跳过自动保存（QEF测试模式）: character_switch
[Arena] 当前玩家: pyro
[Arena] 当前玩家位置: (500.0, 300.0)
[Arena] 不清理旧玩家的技能效果（默认行为）
[Arena] 调用 player.queue_free()
[Arena] 等待一帧...
[DebugSwitcher] test mode enabled: wave_time=999, key8 toggles recording
[Arena] 玩家死亡信号已连接
[Arena] 触发 BondManager 重新计算羁绊...
[Arena] 当前队伍: ["butcher", "pyro", "weaver"]
[Arena] ✅ 羁绊计算完成
[PlayerBase] Bond stat modifiers applied:
  HP: 98 -> 98
  Speed: 500
  EnergyRegen: 1.6
  PickupRange: 150
  Damage: 10
[Arena] ✅ 羁绊属性已应用到玩家
[Arena] ===== _init_bond_hud() 完成 =====
[Arena] 玩家死亡信号已连接
[Arena] 等待完成，开始生成新角色
[Arena] _spawn_player 开始: player_id=pyro, pos=(500.0, 300.0)
[Arena] Global.selected_player_weapons = { "butcher": "punch", "pyro": "laser", "weaver": "laser" }
[Arena] visual_config: { "player_id": "pyro", "sprite_path": "res://assets/sprites/Players/Player_10.png", "scene_path": "res://scenes/unit/players/player_generic.tscn", "scale_x": 1.0, "scale_y": 1.0, "color_r": 1.0, "color_g": 1.0, "color_b": 1.0, "color_a": 1.0, "z_index": 1.0 }
[Arena] 创建角色: pyro
[PlayerFactory] 设置 player_id: pyro
[PlayerFactory] 已加载脚本: res://scenes/unit/players/player_pyro.gd (player_id=pyro)
[PlayerFactory] 成功创建角色: pyro
[Arena] 警告: player_id 不匹配，重新设置:  -> pyro
[PlayerBase] player pyro has no equipped item
[ItemWeapon] 尝试加载武器场景: res://scenes/weapons/range/weapon_range_beam.tscn
[ItemWeapon] 成功加载武器场景: res://scenes/weapons/range/weapon_range_beam.tscn
[Player] weapon added: 激光1级 (laser_1)
[Weapon] _ready() - Sprite2D 初始化:
  - 可见性: true
  - z_index: 2
  - 缩放: (1.0, 1.0)
  - 位置: (27.0, 0.0)
  - Sprite2D 全局位置: (527.0, 300.0)
  - Weapon 全局位置: (500.0, 300.0)
[Player] weapon node added to scene
[Player] weapon position: (0.0, 0.0)
[Player] weapon global position: (500.0, 300.0)
[Player] weapon visible: true
[Player] weapon z_index: 0
[Weapon] 加载贴图: res://assets/sprites/Weapons/Range/WeaponLaser.png
[Weapon] Sprite2D 可见性: true
[Weapon] Sprite2D 位置: (27.0, 0.0)
[Weapon] Sprite2D 缩放: (1.0, 1.0)
[Weapon] 贴图大小: (200.0, 100.0)
[Weapon] 动态创建枪口节点，偏移: (24.0, 0.0)
[Weapon] 武器设置完成: 激光1级 (laser_1)
  - 类型: RANGE
  - 等级: 1
  - 形状类型: straight
  - 子弹模式: single
  - 碰撞体位置/缩放: (0.0, 0.0) / (1.0, 1.0)
  - 基础场景: res://scenes/weapons/range/weapon_range_beam.tscn
[Player] weapon position after layout: (0.0, -15.0)
[Player] weapon global position after layout: (500.0, 285.0)
[PlayerBase] player pyro loaded 1 weapons
[PlayerBase] death signal connected
[PlayerBase] start loading ultimate, player_id = pyro
[PlayerBase] ultimate config loaded: { "ult_id": "pyro_ult", "name": "炼狱化身", "duration": 10.0, "energy_cost": 40.0, "bonus_bond_tag": "vanguard", "visual_color_hex": "#3366FF", "scale_multiplier": 1.2, "explosion_radius": 300.0, "explosion_damage_scale": 1.1, "description": "焰术师进入过热炉心并放大闭合爆燃", "f_role_id": "pyro", "f_internal_cd": 0.85, "f_q_line_amp": 1.6, "f_q_closure_amp": 2.1, "f_special_value_1": 1.3, "f_special_value_2": 240.0, "f_special_value_3": 0.22, "f_bond_o_payload": "tag:inkborn|lv2:0.12|lv3:0.24|axis:line", "f_bond_m_payload": "tag:blaster|lv2:0.16|lv3:0.32|axis:closure", "f_bond_t_payload": "tag:vanguard|lv2:0.10|lv3:0.20|axis:tempo" }
[PlayerBase] ultimate script loaded: (res://scenes/skills/players/f_roles/skill_pyro_f.gd):<GDScript#-9223371718842643665>
[PlayerBase] ultimate node created
[PlayerBase] ultimate load complete: 炼狱化身
[SkillDrawingBase] _ready(): skill_pyro_q, skill_owner=PlayerGeneric:<Area2D#3266322635051>
[SkillDrawingBase] Line2D 创建成功: skill_pyro_q
[Arena] 生成角色成功: pyro 在位置 (500.0, 300.0)
[PlayerBase] Bond stat modifiers applied:
  HP: 98 -> 98
  Speed: 500
  EnergyRegen: 1.6
  PickupRange: 150
  Damage: 10
[Arena] ✅ 角色切换后羁绊属性已重新应用
[Arena] ===== 角色切换结束 =====
[PlayerBase] SkillManager already exists (created by child: @Node@4258), loaded=3, skip auto create
[Arena] 玩家死亡信号已连接
[Arena] ===== 角色切换开始 =====
[Arena] 收到角色切换请求: pyro
[Arena] 跳过自动保存（QEF测试模式）: character_switch
[Arena] 当前玩家: pyro
[Arena] 当前玩家位置: (500.0, 300.0)
[Arena] 不清理旧玩家的技能效果（默认行为）
[Arena] 调用 player.queue_free()
[Arena] 等待一帧...
[DebugSwitcher] recording started: d:/Godot/Production/PolyLash_Project/.godot_cli/Godot/app_userdata/PolyLash/qa_reports/input_recordings/player_ops_20260315_125447_676_pyro.json
[Arena] 等待完成，开始生成新角色
[Arena] _spawn_player 开始: player_id=pyro, pos=(500.0, 300.0)
[Arena] Global.selected_player_weapons = { "butcher": "punch", "pyro": "laser", "weaver": "laser" }
[Arena] visual_config: { "player_id": "pyro", "sprite_path": "res://assets/sprites/Players/Player_10.png", "scene_path": "res://scenes/unit/players/player_generic.tscn", "scale_x": 1.0, "scale_y": 1.0, "color_r": 1.0, "color_g": 1.0, "color_b": 1.0, "color_a": 1.0, "z_index": 1.0 }
[Arena] 创建角色: pyro
[PlayerFactory] 设置 player_id: pyro
[PlayerFactory] 已加载脚本: res://scenes/unit/players/player_pyro.gd (player_id=pyro)
[PlayerFactory] 成功创建角色: pyro
[Arena] 警告: player_id 不匹配，重新设置:  -> pyro
[PlayerBase] player pyro has no equipped item
[ItemWeapon] 尝试加载武器场景: res://scenes/weapons/range/weapon_range_beam.tscn
[ItemWeapon] 成功加载武器场景: res://scenes/weapons/range/weapon_range_beam.tscn
[Player] weapon added: 激光1级 (laser_1)
[Weapon] _ready() - Sprite2D 初始化:
  - 可见性: true
  - z_index: 2
  - 缩放: (1.0, 1.0)
  - 位置: (27.0, 0.0)
  - Sprite2D 全局位置: (527.0, 300.0)
  - Weapon 全局位置: (500.0, 300.0)
[Player] weapon node added to scene
[Player] weapon position: (0.0, 0.0)
[Player] weapon global position: (500.0, 300.0)
[Player] weapon visible: true
[Player] weapon z_index: 0
[Weapon] 加载贴图: res://assets/sprites/Weapons/Range/WeaponLaser.png
[Weapon] Sprite2D 可见性: true
[Weapon] Sprite2D 位置: (27.0, 0.0)
[Weapon] Sprite2D 缩放: (1.0, 1.0)
[Weapon] 贴图大小: (200.0, 100.0)
[Weapon] 动态创建枪口节点，偏移: (24.0, 0.0)
[Weapon] 武器设置完成: 激光1级 (laser_1)
  - 类型: RANGE
  - 等级: 1
  - 形状类型: straight
  - 子弹模式: single
  - 碰撞体位置/缩放: (0.0, 0.0) / (1.0, 1.0)
  - 基础场景: res://scenes/weapons/range/weapon_range_beam.tscn
[Player] weapon position after layout: (0.0, -15.0)
[Player] weapon global position after layout: (500.0, 285.0)
[PlayerBase] player pyro loaded 1 weapons
[PlayerBase] death signal connected
[PlayerBase] start loading ultimate, player_id = pyro
[PlayerBase] ultimate config loaded: { "ult_id": "pyro_ult", "name": "炼狱化身", "duration": 10.0, "energy_cost": 40.0, "bonus_bond_tag": "vanguard", "visual_color_hex": "#3366FF", "scale_multiplier": 1.2, "explosion_radius": 300.0, "explosion_damage_scale": 1.1, "description": "焰术师进入过热炉心并放大闭合爆燃", "f_role_id": "pyro", "f_internal_cd": 0.85, "f_q_line_amp": 1.6, "f_q_closure_amp": 2.1, "f_special_value_1": 1.3, "f_special_value_2": 240.0, "f_special_value_3": 0.22, "f_bond_o_payload": "tag:inkborn|lv2:0.12|lv3:0.24|axis:line", "f_bond_m_payload": "tag:blaster|lv2:0.16|lv3:0.32|axis:closure", "f_bond_t_payload": "tag:vanguard|lv2:0.10|lv3:0.20|axis:tempo" }
[PlayerBase] ultimate script loaded: (res://scenes/skills/players/f_roles/skill_pyro_f.gd):<GDScript#-9223371718842643665>
[PlayerBase] ultimate node created
[PlayerBase] ultimate load complete: 炼狱化身
[SkillDrawingBase] _ready(): skill_pyro_q, skill_owner=PlayerGeneric:<Area2D#3272748308779>
[SkillDrawingBase] Line2D 创建成功: skill_pyro_q
[Arena] 生成角色成功: pyro 在位置 (500.0, 300.0)
[PlayerBase] Bond stat modifiers applied:
  HP: 98 -> 98
  Speed: 500
  EnergyRegen: 1.6
  PickupRange: 150
  Damage: 10
[Arena] ✅ 角色切换后羁绊属性已重新应用
[Arena] ===== 角色切换结束 =====
[PlayerBase] SkillManager already exists (created by child: @Node@4268), loaded=3, skip auto create
[Arena] 玩家死亡信号已连接
[RangeBehavior] ========== 开始远程攻击 ==========
[RangeBehavior] 武器名称: 激光1级
[RangeBehavior] 武器位置: (500.0, 285.0)
[RangeBehavior] 武器旋转: -49.1626156456737度
[RangeBehavior] Muzzle 位置: (539.2349, 239.6059)
[RangeBehavior] 生成子弹:
  - 子弹场景: res://scenes/projectiles/projectile_laser.tscn
  - 生成位置: (539.2349, 239.6059)
  - 角度偏移: 0.0度
  - 速度: (1307.829, -1513.137)
  - 伤害: 11.0
[Projectile] 子弹初始化:
  - 位置: (539.2349, 239.6059)
  - 速度: (1307.829, -1513.137)
  - 伤害: 11.0
  - 暴击: false
  - 击退: 0.5
  - 发射者: PlayerGeneric
  - Hitbox 碰撞层: 4
  - Hitbox 碰撞掩码: 8
[RangeBehavior] 发射 single x1
[skill_pyro_q] ===== 鏉╂稑鍙嗙憴鍕灊濡€崇础 ===== 鐠ч鍋? (500.0002, 299.364), line_2d閺堝鏅? true
[Projectile] ========== 子弹命中！==========
[Projectile] 子弹位置: (577.9491, 194.8149)
[Projectile] 目标: CLIEnemy_(90_0, -120_0)
[Projectile] 目标位置: (582.5867, 188.5765)
[Projectile] 子弹销毁
[RangeBehavior] 攻击结束
[PlayerBase] Q released -> release_skill('q')
[skill_pyro_q] ===== 退出规划模式 ===== 点数: 65, 闭合: false
[skill_pyro_q] 最终闭合判定: false
[skill_pyro_q] 閻㈢喐鍨氬鈧弨鎹愮熅瀵板嫭鏅ラ弸婊愮礉閸樼喎顫愰悙瑙勬殶: 65, 閸氬牆鑻熺痪鎸庮唽閺? 6
[skill_pyro_q] open-path effects spawned
[PlayerBase] E pressed -> execute_skill('e')
[RangeBehavior] ========== 开始远程攻击 ==========
[RangeBehavior] 武器名称: 激光1级
[RangeBehavior] 武器位置: (775.9537, 332.4293)
[RangeBehavior] 武器旋转: -165.448519208676度
[RangeBehavior] Muzzle 位置: (717.8784, 317.3543)
[RangeBehavior] 生成子弹:
  - 子弹场景: res://scenes/projectiles/projectile_laser.tscn
  - 生成位置: (717.8784, 317.3543)
  - 角度偏移: 0.0度
  - 速度: (-1935.844, -502.4996)
  - 伤害: 17.0
[Projectile] 子弹初始化:
  - 位置: (717.8784, 317.3543)
  - 速度: (-1935.844, -502.4996)
  - 伤害: 11.0
  - 暴击: true
  - 击退: 0.5
  - 发射者: PlayerGeneric
  - Hitbox 碰撞层: 4
  - Hitbox 碰撞掩码: 8
[RangeBehavior] 发射 single x1
[ExplosionArea] 检测到 0 个重叠区域
[ExplosionArea] 共击中 0 个敌人
[Projectile] ========== 子弹命中！==========
[Projectile] 子弹位置: (616.2057, 290.9624)
[Projectile] 目标: CLIEnemy_(180_0, 0_0)
[Projectile] 目标位置: (649.8711, 298.9939)
[Projectile] 子弹销毁
[PlayerBase] F pressed, ultimate_skill = UltimateSkill:<Node#3274543467344>
[PlayerBase] try activate ultimate, energy: 100.0%
[RangeBehavior] 攻击结束
[DebugSwitcher] record saved: d:/Godot/Production/PolyLash_Project/.godot_cli/Godot/app_userdata/PolyLash/qa_reports/input_recordings/player_ops_20260315_125447_676_pyro.json
[DebugSwitcher] test mode disabled
[BackgroundManager] 地图纹理大小: (994.000000, 460.000000)
[BackgroundManager] 初始化完成 - 瓦片大小: 2000, 已生成: 25 个瓦片
[ChestManager] 初始化完成 - 生成 2 个宝箱（分散布局）
[ChestManager] 初始化完成 - 预生成 2 个宝箱位置
[ChestIndicator] indicator_show_range = 3000 (from map_config.csv)
[ExitConfirmDialog] _ready() called
[Arena] _ready() 开始
[Arena] 已添加到 arena 组
[Arena] 已启用波末战利品模式，禁用旧宝箱流程
[Arena] 暂停菜单已初始化
[Arena] 商店面板已连接
[Arena] WaveRewardSystem 已创建
[Arena] WaveRewardPanel 已添加到 GameUI
[Arena] WildcardPanel 已添加到 GameUI
[Arena] BattleFlowController 已初始化
[Arena] Spawner 波次完成信号已连接
[Arena] 准备初始化玩家...
[Arena] _init_player_from_selection 开始
[Arena] selected_player_ids: ["pyro"]
[Arena] selected_player_weapons: { "pyro": "laser" }
WARNING: [ConfigManager] game_config 缺少键 'enable_wave_recruit_mode'，使用默认值: 1
   at: push_warning (core/variant/variant_utility.cpp:1034)
   GDScript backtrace (most recent call first):
       [0] get_game_setting (res://autoloads/config_manager.gd:590)
       [1] is_wave_recruit_mode_enabled (res://autoloads/global.gd:298)
       [2] enter_wave_recruit_mode (res://autoloads/global.gd:303)
       [3] _init_player_from_selection (res://scenes/arena/arena_core.gd:467)
       [4] _ready (res://scenes/arena/arena_core.gd:117)
[Arena] 场景中没有默认玩家，直接生成选择的角色
[Arena] _spawn_player 开始: player_id=pyro, pos=(500.0, 300.0)
[Arena] Global.selected_player_weapons = { "pyro": "laser" }
[Arena] visual_config: { "player_id": "pyro", "sprite_path": "res://assets/sprites/Players/Player_10.png", "scene_path": "res://scenes/unit/players/player_generic.tscn", "scale_x": 1.0, "scale_y": 1.0, "color_r": 1.0, "color_g": 1.0, "color_b": 1.0, "color_a": 1.0, "z_index": 1.0 }
[Arena] 创建角色: pyro
[PlayerFactory] 设置 player_id: pyro
[PlayerFactory] 已加载脚本: res://scenes/unit/players/player_pyro.gd (player_id=pyro)
[PlayerFactory] 成功创建角色: pyro
[Arena] 警告: player_id 不匹配，重新设置:  -> pyro
[PlayerBase] player pyro has no equipped item
[ItemWeapon] 尝试加载武器场景: res://scenes/weapons/range/weapon_range_beam.tscn
[ItemWeapon] 成功加载武器场景: res://scenes/weapons/range/weapon_range_beam.tscn
[Player] weapon added: 激光1级 (laser_1)
[Weapon] _ready() - Sprite2D 初始化:
  - 可见性: true
  - z_index: 2
  - 缩放: (1.0, 1.0)
  - 位置: (27.0, 0.0)
  - Sprite2D 全局位置: (527.0, 300.0)
  - Weapon 全局位置: (500.0, 300.0)
[Player] weapon node added to scene
[Player] weapon position: (0.0, 0.0)
[Player] weapon global position: (500.0, 300.0)
[Player] weapon visible: true
[Player] weapon z_index: 0
[Weapon] 加载贴图: res://assets/sprites/Weapons/Range/WeaponLaser.png
[Weapon] Sprite2D 可见性: true
[Weapon] Sprite2D 位置: (27.0, 0.0)
[Weapon] Sprite2D 缩放: (1.0, 1.0)
[Weapon] 贴图大小: (200.0, 100.0)
[Weapon] 动态创建枪口节点，偏移: (24.0, 0.0)
[Weapon] 武器设置完成: 激光1级 (laser_1)
  - 类型: RANGE
  - 等级: 1
  - 形状类型: straight
  - 子弹模式: single
  - 碰撞体位置/缩放: (0.0, 0.0) / (1.0, 1.0)
  - 基础场景: res://scenes/weapons/range/weapon_range_beam.tscn
[Player] weapon position after layout: (0.0, -15.0)
[Player] weapon global position after layout: (500.0, 285.0)
[PlayerBase] player pyro loaded 1 weapons
[PlayerBase] death signal connected
[PlayerBase] start loading ultimate, player_id = pyro
[PlayerBase] ultimate config loaded: { "ult_id": "pyro_ult", "name": "炼狱化身", "duration": 10.0, "energy_cost": 40.0, "bonus_bond_tag": "vanguard", "visual_color_hex": "#3366FF", "scale_multiplier": 1.2, "explosion_radius": 300.0, "explosion_damage_scale": 1.1, "description": "焰术师进入过热炉心并放大闭合爆燃", "f_role_id": "pyro", "f_internal_cd": 0.85, "f_q_line_amp": 1.6, "f_q_closure_amp": 2.1, "f_special_value_1": 1.3, "f_special_value_2": 240.0, "f_special_value_3": 0.22, "f_bond_o_payload": "tag:inkborn|lv2:0.12|lv3:0.24|axis:line", "f_bond_m_payload": "tag:blaster|lv2:0.16|lv3:0.32|axis:closure", "f_bond_t_payload": "tag:vanguard|lv2:0.10|lv3:0.20|axis:tempo" }
[PlayerBase] ultimate script loaded: (res://scenes/skills/players/f_roles/skill_pyro_f.gd):<GDScript#-9223371718842643665>
[PlayerBase] ultimate node created
[PlayerBase] ultimate load complete: 炼狱化身
[SkillDrawingBase] _ready(): skill_pyro_q, skill_owner=PlayerGeneric:<Area2D#3295330442084>
[SkillDrawingBase] Line2D 创建成功: skill_pyro_q
[Arena] 生成角色成功: pyro 在位置 (500.0, 300.0)
[Arena] 玩家初始化完成
[CharacterSlot] 加载角色图标: pyro -> res://assets/sprites/Players/Player_10.png
[SquadHUD] 初始化 1 个角色卡槽
[Arena] 小队 HUD 初始化完成
[Arena] ===== _init_bond_hud() 开始 =====
[Arena] ✅ 找到 GameUI 节点: /root/Arena/GameUI
[Arena] ✅ BondHUD 场景加载成功
[Arena] ✅ BondHUD 实例化成功
[Arena] ✅ BondHUD 已添加到 GameUI
[Arena] BondHUD 路径: /root/Arena/GameUI/BondHUD
[Arena] BondHUD 可见性: true
[Arena] _ready() 完成，飘字保护已解除
[PlayerBase] SkillManager already exists (created by child: @Node@4379), loaded=3, skip auto create
[Arena] ===== 角色切换开始 =====
[Arena] 收到角色切换请求: pyro
[Arena] 跳过自动保存（QEF测试模式）: character_switch
[Arena] 当前玩家: pyro
[Arena] 当前玩家位置: (500.0, 300.0)
[Arena] 不清理旧玩家的技能效果（默认行为）
[Arena] 调用 player.queue_free()
[Arena] 等待一帧...
[DebugSwitcher] test mode enabled: wave_time=999, key8 toggles recording
[Arena] 玩家死亡信号已连接
[Arena] 触发 BondManager 重新计算羁绊...
[Arena] 当前队伍: ["butcher", "pyro", "weaver"]
[Arena] ✅ 羁绊计算完成
[PlayerBase] Bond stat modifiers applied:
  HP: 98 -> 98
  Speed: 500
  EnergyRegen: 1.6
  PickupRange: 150
  Damage: 10
[Arena] ✅ 羁绊属性已应用到玩家
[Arena] ===== _init_bond_hud() 完成 =====
[Arena] 玩家死亡信号已连接
[Arena] 等待完成，开始生成新角色
[Arena] _spawn_player 开始: player_id=pyro, pos=(500.0, 300.0)
[Arena] Global.selected_player_weapons = { "butcher": "punch", "pyro": "laser", "weaver": "laser" }
[Arena] visual_config: { "player_id": "pyro", "sprite_path": "res://assets/sprites/Players/Player_10.png", "scene_path": "res://scenes/unit/players/player_generic.tscn", "scale_x": 1.0, "scale_y": 1.0, "color_r": 1.0, "color_g": 1.0, "color_b": 1.0, "color_a": 1.0, "z_index": 1.0 }
[Arena] 创建角色: pyro
[PlayerFactory] 设置 player_id: pyro
[PlayerFactory] 已加载脚本: res://scenes/unit/players/player_pyro.gd (player_id=pyro)
[PlayerFactory] 成功创建角色: pyro
[Arena] 警告: player_id 不匹配，重新设置:  -> pyro
[PlayerBase] player pyro has no equipped item
[ItemWeapon] 尝试加载武器场景: res://scenes/weapons/range/weapon_range_beam.tscn
[ItemWeapon] 成功加载武器场景: res://scenes/weapons/range/weapon_range_beam.tscn
[Player] weapon added: 激光1级 (laser_1)
[Weapon] _ready() - Sprite2D 初始化:
  - 可见性: true
  - z_index: 2
  - 缩放: (1.0, 1.0)
  - 位置: (27.0, 0.0)
  - Sprite2D 全局位置: (527.0, 300.0)
  - Weapon 全局位置: (500.0, 300.0)
[Player] weapon node added to scene
[Player] weapon position: (0.0, 0.0)
[Player] weapon global position: (500.0, 300.0)
[Player] weapon visible: true
[Player] weapon z_index: 0
[Weapon] 加载贴图: res://assets/sprites/Weapons/Range/WeaponLaser.png
[Weapon] Sprite2D 可见性: true
[Weapon] Sprite2D 位置: (27.0, 0.0)
[Weapon] Sprite2D 缩放: (1.0, 1.0)
[Weapon] 贴图大小: (200.0, 100.0)
[Weapon] 动态创建枪口节点，偏移: (24.0, 0.0)
[Weapon] 武器设置完成: 激光1级 (laser_1)
  - 类型: RANGE
  - 等级: 1
  - 形状类型: straight
  - 子弹模式: single
  - 碰撞体位置/缩放: (0.0, 0.0) / (1.0, 1.0)
  - 基础场景: res://scenes/weapons/range/weapon_range_beam.tscn
[Player] weapon position after layout: (0.0, -15.0)
[Player] weapon global position after layout: (500.0, 285.0)
[PlayerBase] player pyro loaded 1 weapons
[PlayerBase] death signal connected
[PlayerBase] start loading ultimate, player_id = pyro
[PlayerBase] ultimate config loaded: { "ult_id": "pyro_ult", "name": "炼狱化身", "duration": 10.0, "energy_cost": 40.0, "bonus_bond_tag": "vanguard", "visual_color_hex": "#3366FF", "scale_multiplier": 1.2, "explosion_radius": 300.0, "explosion_damage_scale": 1.1, "description": "焰术师进入过热炉心并放大闭合爆燃", "f_role_id": "pyro", "f_internal_cd": 0.85, "f_q_line_amp": 1.6, "f_q_closure_amp": 2.1, "f_special_value_1": 1.3, "f_special_value_2": 240.0, "f_special_value_3": 0.22, "f_bond_o_payload": "tag:inkborn|lv2:0.12|lv3:0.24|axis:line", "f_bond_m_payload": "tag:blaster|lv2:0.16|lv3:0.32|axis:closure", "f_bond_t_payload": "tag:vanguard|lv2:0.10|lv3:0.20|axis:tempo" }
[PlayerBase] ultimate script loaded: (res://scenes/skills/players/f_roles/skill_pyro_f.gd):<GDScript#-9223371718842643665>
[PlayerBase] ultimate node created
[PlayerBase] ultimate load complete: 炼狱化身
[SkillDrawingBase] _ready(): skill_pyro_q, skill_owner=PlayerGeneric:<Area2D#3302829857636>
[SkillDrawingBase] Line2D 创建成功: skill_pyro_q
[Arena] 生成角色成功: pyro 在位置 (500.0, 300.0)
[PlayerBase] Bond stat modifiers applied:
  HP: 98 -> 98
  Speed: 500
  EnergyRegen: 1.6
  PickupRange: 150
  Damage: 10
[Arena] ✅ 角色切换后羁绊属性已重新应用
[Arena] ===== 角色切换结束 =====
[PlayerBase] SkillManager already exists (created by child: @Node@4390), loaded=3, skip auto create
[Arena] 玩家死亡信号已连接
[DebugSwitcher] replay started: d:/Godot/Production/PolyLash_Project/.godot_cli/Godot/app_userdata/PolyLash/qa_reports/input_recordings/player_ops_20260315_125447_676_pyro.json
[Arena] ===== 角色切换开始 =====
[Arena] 收到角色切换请求: pyro
[Arena] 跳过自动保存（QEF测试模式）: character_switch
[Arena] 当前玩家: pyro
[Arena] 当前玩家位置: (500.0, 300.0)
[Arena] 不清理旧玩家的技能效果（默认行为）
[Arena] 调用 player.queue_free()
[Arena] 等待一帧...
[Arena] 等待完成，开始生成新角色
[Arena] _spawn_player 开始: player_id=pyro, pos=(500.0, 300.0)
[Arena] Global.selected_player_weapons = { "butcher": "punch", "pyro": "laser", "weaver": "laser" }
[Arena] visual_config: { "player_id": "pyro", "sprite_path": "res://assets/sprites/Players/Player_10.png", "scene_path": "res://scenes/unit/players/player_generic.tscn", "scale_x": 1.0, "scale_y": 1.0, "color_r": 1.0, "color_g": 1.0, "color_b": 1.0, "color_a": 1.0, "z_index": 1.0 }
[Arena] 创建角色: pyro
[PlayerFactory] 设置 player_id: pyro
[PlayerFactory] 已加载脚本: res://scenes/unit/players/player_pyro.gd (player_id=pyro)
[PlayerFactory] 成功创建角色: pyro
[Arena] 警告: player_id 不匹配，重新设置:  -> pyro
[PlayerBase] player pyro has no equipped item
[ItemWeapon] 尝试加载武器场景: res://scenes/weapons/range/weapon_range_beam.tscn
[ItemWeapon] 成功加载武器场景: res://scenes/weapons/range/weapon_range_beam.tscn
[Player] weapon added: 激光1级 (laser_1)
[Weapon] _ready() - Sprite2D 初始化:
  - 可见性: true
  - z_index: 2
  - 缩放: (1.0, 1.0)
  - 位置: (27.0, 0.0)
  - Sprite2D 全局位置: (527.0, 300.0)
  - Weapon 全局位置: (500.0, 300.0)
[Player] weapon node added to scene
[Player] weapon position: (0.0, 0.0)
[Player] weapon global position: (500.0, 300.0)
[Player] weapon visible: true
[Player] weapon z_index: 0
[Weapon] 加载贴图: res://assets/sprites/Weapons/Range/WeaponLaser.png
[Weapon] Sprite2D 可见性: true
[Weapon] Sprite2D 位置: (27.0, 0.0)
[Weapon] Sprite2D 缩放: (1.0, 1.0)
[Weapon] 贴图大小: (200.0, 100.0)
[Weapon] 动态创建枪口节点，偏移: (24.0, 0.0)
[Weapon] 武器设置完成: 激光1级 (laser_1)
  - 类型: RANGE
  - 等级: 1
  - 形状类型: straight
  - 子弹模式: single
  - 碰撞体位置/缩放: (0.0, 0.0) / (1.0, 1.0)
  - 基础场景: res://scenes/weapons/range/weapon_range_beam.tscn
[Player] weapon position after layout: (0.0, -15.0)
[Player] weapon global position after layout: (500.0, 285.0)
[PlayerBase] player pyro loaded 1 weapons
[PlayerBase] death signal connected
[PlayerBase] start loading ultimate, player_id = pyro
[PlayerBase] ultimate config loaded: { "ult_id": "pyro_ult", "name": "炼狱化身", "duration": 10.0, "energy_cost": 40.0, "bonus_bond_tag": "vanguard", "visual_color_hex": "#3366FF", "scale_multiplier": 1.2, "explosion_radius": 300.0, "explosion_damage_scale": 1.1, "description": "焰术师进入过热炉心并放大闭合爆燃", "f_role_id": "pyro", "f_internal_cd": 0.85, "f_q_line_amp": 1.6, "f_q_closure_amp": 2.1, "f_special_value_1": 1.3, "f_special_value_2": 240.0, "f_special_value_3": 0.22, "f_bond_o_payload": "tag:inkborn|lv2:0.12|lv3:0.24|axis:line", "f_bond_m_payload": "tag:blaster|lv2:0.16|lv3:0.32|axis:closure", "f_bond_t_payload": "tag:vanguard|lv2:0.10|lv3:0.20|axis:tempo" }
[PlayerBase] ultimate script loaded: (res://scenes/skills/players/f_roles/skill_pyro_f.gd):<GDScript#-9223371718842643665>
[PlayerBase] ultimate node created
[PlayerBase] ultimate load complete: 炼狱化身
[SkillDrawingBase] _ready(): skill_pyro_q, skill_owner=PlayerGeneric:<Area2D#3309289086067>
[SkillDrawingBase] Line2D 创建成功: skill_pyro_q
[Arena] 生成角色成功: pyro 在位置 (500.0, 300.0)
[PlayerBase] Bond stat modifiers applied:
  HP: 98 -> 98
  Speed: 500
  EnergyRegen: 2.0
  PickupRange: 150
  Damage: 10
[Arena] ✅ 角色切换后羁绊属性已重新应用
[Arena] ===== 角色切换结束 =====
[PlayerBase] SkillManager already exists (created by child: @Node@4400), loaded=3, skip auto create
[Arena] 玩家死亡信号已连接
[RangeBehavior] ========== 开始远程攻击 ==========
[RangeBehavior] 武器名称: 激光1级
[RangeBehavior] 武器位置: (500.0, 285.0)
[RangeBehavior] 武器旋转: -50.0448711807643度
[RangeBehavior] Muzzle 位置: (538.5313, 239.0071)
[RangeBehavior] 生成子弹:
  - 子弹场景: res://scenes/projectiles/projectile_laser.tscn
  - 生成位置: (538.5313, 239.0071)
  - 角度偏移: 0.0度
  - 速度: (1284.375, -1533.095)
  - 伤害: 11.0
[Projectile] 子弹初始化:
  - 位置: (538.5313, 239.0071)
  - 速度: (1284.375, -1533.095)
  - 伤害: 11.0
  - 暴击: false
  - 击退: 0.5
  - 发射者: PlayerGeneric
  - Hitbox 碰撞层: 4
  - Hitbox 碰撞掩码: 8
[RangeBehavior] 发射 single x1
[skill_pyro_q] ===== 鏉╂稑鍙嗙憴鍕灊濡€崇础 ===== 鐠ч鍋? (500.0002, 299.364), line_2d閺堝鏅? true
[Projectile] ========== 子弹命中！==========
[Projectile] 子弹位置: (584.9904, 183.5515)
[Projectile] 目标: CLIEnemy_(90_0, -120_0)
[Projectile] 目标位置: (582.3749, 188.5827)
[Projectile] 子弹销毁
[RangeBehavior] 攻击结束
[PlayerBase] Q released -> release_skill('q')
[skill_pyro_q] ===== 退出规划模式 ===== 点数: 73, 闭合: false
[skill_pyro_q] 最终闭合判定: false
[skill_pyro_q] 閻㈢喐鍨氬鈧弨鎹愮熅瀵板嫭鏅ラ弸婊愮礉閸樼喎顫愰悙瑙勬殶: 73, 閸氬牆鑻熺痪鎸庮唽閺? 7
[skill_pyro_q] open-path effects spawned
[PlayerBase] E pressed -> execute_skill('e')
[HealthComponent] 血量归零，触发死亡信号
[RangeBehavior] ========== 开始远程攻击 ==========
[RangeBehavior] 武器名称: 激光1级
[RangeBehavior] 武器位置: (775.9537, 332.4293)
[RangeBehavior] 武器旋转: -167.035691247247度
[RangeBehavior] Muzzle 位置: (717.4832, 318.9687)
[RangeBehavior] 生成子弹:
  - 子弹场景: res://scenes/projectiles/projectile_laser.tscn
  - 生成位置: (717.4832, 318.9687)
  - 角度偏移: 0.0度
  - 速度: (-1949.02, -448.6881)
  - 伤害: 17.0
[Projectile] 子弹初始化:
  - 位置: (717.4832, 318.9687)
  - 速度: (-1949.02, -448.6881)
  - 伤害: 11.0
  - 暴击: true
  - 击退: 0.5
  - 发射者: PlayerGeneric
  - Hitbox 碰撞层: 4
  - Hitbox 碰撞掩码: 8
[RangeBehavior] 发射 single x1
[ExplosionArea] 检测到 0 个重叠区域
[ExplosionArea] 共击中 0 个敌人
[Projectile] ========== 子弹命中！==========
[Projectile] 子弹位置: (600.9875, 292.1498)
[Projectile] 目标: CLIEnemy_(180_0, 0_0)
[Projectile] 目标位置: (634.9088, 299.5175)
[Projectile] 子弹销毁
[Projectile] ========== 子弹命中！==========
[Projectile] 子弹位置: (600.9875, 292.1498)
[Projectile] 目标: CLIEnemy_(120_0, 90_0)
[Projectile] 目标位置: (618.6973, 366.6949)
[Projectile] 子弹销毁
[RangeBehavior] 攻击结束
[PlayerBase] F pressed, ultimate_skill = UltimateSkill:<Node#3311084243437>
[PlayerBase] try activate ultimate, energy: 100.0%
[DebugSwitcher] replay finished
[DebugSwitcher] test mode disabled
WARNING: ObjectDB instances leaked at exit (run with --verbose for details).
   at: cleanup (core/object/object.cpp:2641)
